[  3%] Creating directories for 'cadical'
[  6%] Creating directories for 'mimalloc'
[  9%] Performing download step (git clone) for 'mimalloc'
[ 12%] Performing download step (git clone) for 'cadical'
Cloning into 'mimalloc'...
Cloning into 'cadical'...
HEAD is now at 3ff42f04 fixed version number in NEWS
[ 15%] Performing update step for 'cadical'
[ 18%] No patch step for 'cadical'
HEAD is now at 94036de6 Merge branch 'dev' into dev2
[ 21%] No configure step for 'cadical'
[ 25%] Performing build step for 'cadical'
[ 28%] Performing update step for 'mimalloc'
[ 31%] No patch step for 'mimalloc'
[ 34%] No configure step for 'mimalloc'
[ 37%] No build step for 'mimalloc'
[ 40%] No install step for 'mimalloc'
[ 43%] Completed 'mimalloc'
[ 46%] No install step for 'cadical'
[ 46%] Built target mimalloc
[ 50%] Completed 'cadical'
[ 50%] Built target cadical
[ 53%] Creating directories for 'stage0'
[ 56%] No download step for 'stage0'
[ 59%] No update step for 'stage0'
[ 62%] No patch step for 'stage0'
[ 65%] Performing configure step for 'stage0'
-- The CXX compiler identification is GNU 13.3.0
-- The C compiler identification is GNU 13.3.0
-- Detecting CXX compiler ABI info
-- Detecting CXX compiler ABI info - done
-- Check for working CXX compiler: /usr/bin/c++ - skipped
-- Detecting CXX compile features
-- Detecting CXX compile features - done
-- Detecting C compiler ABI info
-- Detecting C compiler ABI info - done
-- Check for working C compiler: /usr/bin/cc - skipped
-- Detecting C compile features
-- Detecting C compile features - done
cc: error: unrecognized command-line option ‘--print-target-triple’
cc: fatal error: no input files
compilation terminated.
-- No build type selected, default to Release
-- 64-bit machine detected
-- Found GMP: /usr/include/x86_64-linux-gnu (Required is at least version "5.0.5") 
-- Found PkgConfig: /usr/bin/pkg-config (found version "1.8.1") 
-- Checking for one of the modules 'libuv'
-- LIBUV_LDFLAGS: -L/usr/lib/x86_64-linux-gnu-luv-lpthread-ldl-lrt
-- LIBUV_INCLUDE_DIRS: /usr/include
-- Found LibUV: TRUE (Required is at least version "1.0.0") 
CMake Warning (dev) at CMakeLists.txt:355 (find_package):
  Policy CMP0148 is not set: The FindPythonInterp and FindPythonLibs modules
  are removed.  Run "cmake --help-policy CMP0148" for policy details.  Use
  the cmake_policy command to set the policy and suppress this warning.

This warning is for project developers.  Use -Wno-dev to suppress it.

-- Found PythonInterp: /usr/local/bin/python (found version "3.12.3") 
CMake Warning at CMakeLists.txt:387 (message):
  Disabling LLVM support


-- stage0 sha1: 16fdbf7b15e4575eedeecf9a6d376863b1455ca9
-- Configuring done (1.0s)
-- Generating done (0.1s)
-- Build files have been written to: /root/verify1002/clang/lean4-src/build/stage0
[ 68%] Performing build step for 'stage0'
[  0%] Building CXX object initialize/CMakeFiles/initialize.dir/init.cpp.o
[  0%] Building CXX object library/constructions/CMakeFiles/constructions.dir/cases_on.cpp.o
[  1%] Building CXX object library/constructions/CMakeFiles/constructions.dir/util.cpp.o
[  1%] Building CXX object CMakeFiles/leanshell.dir/util/shell.cpp.o
[  3%] Building CXX object library/constructions/CMakeFiles/constructions.dir/init_module.cpp.o
[  3%] Building CXX object kernel/CMakeFiles/kernel.dir/level.cpp.o
[  8%] Building CXX object kernel/CMakeFiles/kernel.dir/expr.cpp.o
[  6%] Building CXX object runtime/CMakeFiles/leanrt_initial-exec.dir/thread.cpp.o
[  6%] Building CXX object util/CMakeFiles/util.dir/name_set.cpp.o
[  6%] Building CXX object util/CMakeFiles/util.dir/name.cpp.o
[  5%] Building CXX object util/CMakeFiles/util.dir/escaped.cpp.o
[  7%] Building CXX object runtime/CMakeFiles/leanrt_initial-exec.dir/debug.cpp.o
[  7%] Building CXX object runtime/CMakeFiles/leanrt.dir/debug.cpp.o
[ 11%] Building CXX object runtime/CMakeFiles/leanrt_initial-exec.dir/mpz.cpp.o
[ 75%] Building CXX object runtime/CMakeFiles/leanrt.dir/mpn.cpp.o
[ 11%] Building CXX object kernel/CMakeFiles/kernel.dir/instantiate.cpp.o
[ 11%] Building CXX object shell/CMakeFiles/leanmain.dir/lean.cpp.o
[ 11%] Building CXX object kernel/CMakeFiles/kernel.dir/replace_fn.cpp.o
[ 12%] Building CXX object runtime/CMakeFiles/leanrt.dir/utf8.cpp.o
[ 18%] Building CXX object runtime/CMakeFiles/leanrt.dir/thread.cpp.o
[ 17%] Building CXX object util/CMakeFiles/util.dir/ascii.cpp.o
[ 22%] Building CXX object runtime/CMakeFiles/leanrt.dir/mpz.cpp.o
[ 17%] Building CXX object kernel/CMakeFiles/kernel.dir/abstract.cpp.o
[ 22%] Building CXX object runtime/CMakeFiles/leanrt_initial-exec.dir/object.cpp.o
[ 22%] Building CXX object kernel/CMakeFiles/kernel.dir/local_ctx.cpp.o
[ 24%] Building CXX object runtime/CMakeFiles/leanrt_initial-exec.dir/utf8.cpp.o
[ 24%] Building CXX object runtime/CMakeFiles/leanrt.dir/object.cpp.o
[ 22%] Building CXX object util/CMakeFiles/util.dir/bit_tricks.cpp.o
[ 24%] Building CXX object runtime/CMakeFiles/leanrt_initial-exec.dir/interrupt.cpp.o
[ 24%] Building CXX object runtime/CMakeFiles/leanrt_initial-exec.dir/apply.cpp.o
[ 22%] Building CXX object runtime/CMakeFiles/leanrt_initial-exec.dir/exception.cpp.o
[ 24%] Building C object shell/CMakeFiles/leanmanifest.dir/__/temp/empty.c.o
[ 24%] Building CXX object kernel/CMakeFiles/kernel.dir/expr_eq_fn.cpp.o
[ 24%] Building CXX object kernel/CMakeFiles/kernel.dir/declaration.cpp.o
[ 25%] Building CXX object kernel/CMakeFiles/kernel.dir/environment.cpp.o
[ 27%] Building CXX object kernel/CMakeFiles/kernel.dir/type_checker.cpp.o
[ 27%] Building CXX object library/CMakeFiles/library.dir/expr_lt.cpp.o
[ 27%] Building CXX object runtime/CMakeFiles/leanrt.dir/apply.cpp.o
[ 27%] Building CXX object runtime/CMakeFiles/leanrt.dir/exception.cpp.o
[ 28%] Building CXX object runtime/CMakeFiles/leanrt.dir/interrupt.cpp.o
[ 32%] Building CXX object runtime/CMakeFiles/leanrt_initial-exec.dir/stackinfo.cpp.o
[ 32%] Building CXX object kernel/CMakeFiles/kernel.dir/init_module.cpp.o
[ 32%] Building CXX object kernel/CMakeFiles/kernel.dir/expr_cache.cpp.o
[ 32%] Building CXX object library/CMakeFiles/library.dir/bin_app.cpp.o
[ 32%] Building CXX object runtime/CMakeFiles/leanrt_initial-exec.dir/compact.cpp.o
[ 32%] Building CXX object kernel/CMakeFiles/kernel.dir/equiv_manager.cpp.o
[ 35%] Building CXX object runtime/CMakeFiles/leanrt.dir/stackinfo.cpp.o
[ 35%] Building CXX object kernel/CMakeFiles/kernel.dir/quot.cpp.o
[ 35%] Building CXX object library/CMakeFiles/library.dir/constants.cpp.o
[ 35%] Building CXX object kernel/CMakeFiles/kernel.dir/for_each_fn.cpp.o
[ 35%] Building CXX object library/CMakeFiles/library.dir/max_sharing.cpp.o
[ 36%] Building CXX object util/CMakeFiles/util.dir/timeit.cpp.o
[ 36%] Building CXX object runtime/CMakeFiles/leanrt.dir/memory.cpp.o
[ 36%] Building CXX object util/CMakeFiles/util.dir/lbool.cpp.o
[ 40%] Building CXX object runtime/CMakeFiles/leanrt_initial-exec.dir/io.cpp.o
[ 40%] Building CXX object runtime/CMakeFiles/leanrt.dir/init_module.cpp.o
[ 40%] Building CXX object kernel/CMakeFiles/kernel.dir/inductive.cpp.o
[ 40%] Building CXX object runtime/CMakeFiles/leanrt_initial-exec.dir/memory.cpp.o
[ 43%] Building CXX object runtime/CMakeFiles/leanrt_initial-exec.dir/init_module.cpp.o
[ 43%] Building CXX object util/CMakeFiles/util.dir/list_fn.cpp.o
[ 43%] Building CXX object runtime/CMakeFiles/leanrt_initial-exec.dir/byteslice.cpp.o
[ 43%] Building CXX object util/CMakeFiles/util.dir/name_generator.cpp.o
[ 43%] Building CXX object runtime/CMakeFiles/leanrt.dir/compact.cpp.o
[ 46%] Building CXX object runtime/CMakeFiles/leanrt_initial-exec.dir/platform.cpp.o
[ 46%] Building CXX object util/CMakeFiles/util.dir/path.cpp.o
[ 46%] Building CXX object runtime/CMakeFiles/leanrt.dir/hash.cpp.o
[ 46%] Building CXX object kernel/CMakeFiles/kernel.dir/instantiate_mvars.cpp.o
[ 48%] Building CXX object kernel/CMakeFiles/kernel.dir/trace.cpp.o
[ 50%] Building CXX object runtime/CMakeFiles/leanrt.dir/io.cpp.o
[ 50%] Building CXX object util/CMakeFiles/util.dir/kvmap.cpp.o
[ 50%] Building CXX object util/CMakeFiles/util.dir/options.cpp.o
[ 51%] Building CXX object runtime/CMakeFiles/leanrt_initial-exec.dir/alloc.cpp.o
[ 51%] Building CXX object runtime/CMakeFiles/leanrt.dir/byteslice.cpp.o
[ 51%] Building CXX object runtime/CMakeFiles/leanrt_initial-exec.dir/allocprof.cpp.o
[ 52%] Building CXX object util/CMakeFiles/util.dir/option_declarations.cpp.o
[ 54%] Building CXX object runtime/CMakeFiles/leanrt_initial-exec.dir/hash.cpp.o
[ 54%] Building CXX object runtime/CMakeFiles/leanrt.dir/platform.cpp.o
[ 57%] Building CXX object util/CMakeFiles/util.dir/timer.cpp.o
[ 57%] Building CXX object util/CMakeFiles/util.dir/init_module.cpp.o
[ 60%] Building CXX object runtime/CMakeFiles/leanrt_initial-exec.dir/sharecommon.cpp.o
[ 60%] Building CXX object util/CMakeFiles/util.dir/ffi.cpp.o
[ 60%] Building CXX object runtime/CMakeFiles/leanrt.dir/alloc.cpp.o
[ 60%] Building CXX object library/CMakeFiles/library.dir/dynlib.cpp.o
[ 60%] Building CXX object util/CMakeFiles/util.dir/map_foreach.cpp.o
[ 60%] Building CXX object library/CMakeFiles/library.dir/module.cpp.o
[ 63%] Building CXX object library/CMakeFiles/library.dir/num.cpp.o
[ 65%] Building CXX object runtime/CMakeFiles/leanrt_initial-exec.dir/stack_overflow.cpp.o
[ 63%] Building CXX object runtime/CMakeFiles/leanrt.dir/allocprof.cpp.o
[ 65%] Building CXX object library/CMakeFiles/library.dir/replace_visitor.cpp.o
[ 65%] Building CXX object runtime/CMakeFiles/leanrt_initial-exec.dir/process.cpp.o
[ 65%] Building CXX object runtime/CMakeFiles/leanrt_initial-exec.dir/object_ref.cpp.o
[ 65%] Building CXX object runtime/CMakeFiles/leanrt.dir/sharecommon.cpp.o
[ 66%] Building CXX object runtime/CMakeFiles/leanrt.dir/process.cpp.o
[ 66%] Building CXX object runtime/CMakeFiles/leanrt.dir/stack_overflow.cpp.o
[ 68%] Building CXX object library/CMakeFiles/library.dir/class.cpp.o
[ 68%] Building CXX object runtime/CMakeFiles/leanrt_initial-exec.dir/mpn.cpp.o
[ 69%] Building CXX object library/CMakeFiles/library.dir/util.cpp.o
[ 69%] Building CXX object runtime/CMakeFiles/leanrt_initial-exec.dir/mutex.cpp.o
[ 70%] Building CXX object library/CMakeFiles/library.dir/print.cpp.o
[ 72%] Building CXX object library/CMakeFiles/library.dir/annotation.cpp.o
[ 72%] Building CXX object runtime/CMakeFiles/leanrt.dir/object_ref.cpp.o
[ 73%] Building CXX object runtime/CMakeFiles/leanrt_initial-exec.dir/uv/net_addr.cpp.o
[ 73%] Building CXX object library/CMakeFiles/library.dir/reducible.cpp.o
[ 75%] Building CXX object runtime/CMakeFiles/leanrt_initial-exec.dir/libuv.cpp.o
[ 75%] Building CXX object library/CMakeFiles/library.dir/init_module.cpp.o
[ 76%] Building CXX object runtime/CMakeFiles/leanrt.dir/mutex.cpp.o
[ 80%] Building CXX object runtime/CMakeFiles/leanrt.dir/uv/net_addr.cpp.o
[ 80%] Building CXX object runtime/CMakeFiles/leanrt_initial-exec.dir/uv/event_loop.cpp.o
[ 80%] Building CXX object runtime/CMakeFiles/leanrt_initial-exec.dir/uv/timer.cpp.o
[ 80%] Building CXX object library/CMakeFiles/library.dir/profiling.cpp.o
[ 82%] Building CXX object runtime/CMakeFiles/leanrt_initial-exec.dir/uv/tcp.cpp.o
[ 82%] Building CXX object library/CMakeFiles/library.dir/time_task.cpp.o
[ 82%] Building CXX object runtime/CMakeFiles/leanrt_initial-exec.dir/uv/udp.cpp.o
[ 82%] Building CXX object library/CMakeFiles/library.dir/formatter.cpp.o
[ 85%] Building CXX object runtime/CMakeFiles/leanrt_initial-exec.dir/uv/dns.cpp.o
[ 85%] Building CXX object runtime/CMakeFiles/leanrt_initial-exec.dir/uv/system.cpp.o
[ 86%] Building CXX object runtime/CMakeFiles/leanrt.dir/uv/timer.cpp.o
[ 86%] Building CXX object runtime/CMakeFiles/leanrt.dir/uv/event_loop.cpp.o
[ 87%] Building CXX object runtime/CMakeFiles/leanrt_initial-exec.dir/uv/signal.cpp.o
[ 87%] Building CXX object library/CMakeFiles/library.dir/elab_environment.cpp.o
[ 87%] Building CXX object runtime/CMakeFiles/leanrt.dir/uv/tcp.cpp.o
[ 87%] Building CXX object runtime/CMakeFiles/leanrt.dir/libuv.cpp.o
[ 88%] Building CXX object library/CMakeFiles/library.dir/init_attribute.cpp.o
[ 89%] Building CXX object runtime/CMakeFiles/leanrt.dir/uv/udp.cpp.o
[ 92%] Building CXX object runtime/CMakeFiles/leanrt.dir/uv/signal.cpp.o
[ 92%] Building CXX object runtime/CMakeFiles/leanrt_initial-exec.dir/root/verify1002/clang/lean4-src/build/mimalloc/src/mimalloc/src/static.c.o
[ 92%] Building CXX object runtime/CMakeFiles/leanrt.dir/uv/dns.cpp.o
[ 93%] Building CXX object runtime/CMakeFiles/leanrt.dir/root/verify1002/clang/lean4-src/build/mimalloc/src/mimalloc/src/static.c.o
[ 94%] Building CXX object library/CMakeFiles/library.dir/ir_interpreter.cpp.o
[ 94%] Building CXX object library/CMakeFiles/library.dir/llvm.cpp.o
[ 94%] Building CXX object runtime/CMakeFiles/leanrt.dir/uv/system.cpp.o
[    ] Building /root/verify1002/clang/lean4-src/stage0/src/../stdlib//Init/BinderNameHint.c
[    ] Building /root/verify1002/clang/lean4-src/stage0/src/../stdlib//Init/BinderPredicates.c
[    ] Building /root/verify1002/clang/lean4-src/stage0/src/../stdlib//Init/ByCases.c
[    ] Building /root/verify1002/clang/lean4-src/stage0/src/../stdlib//Init/Coe.c
[    ] Building /root/verify1002/clang/lean4-src/stage0/src/../stdlib//Init/Classical.c
[    ] Building /root/verify1002/clang/lean4-src/stage0/src/../stdlib//Init/Control.c
[    ] Building /root/verify1002/clang/lean4-src/stage0/src/../stdlib//Init/Control/Basic.c
[    ] Building /root/verify1002/clang/lean4-src/stage0/src/../stdlib//Init/Control/EState.c
[    ] Building /root/verify1002/clang/lean4-src/stage0/src/../stdlib//Init/Control/Id.c
[    ] Building /root/verify1002/clang/lean4-src/stage0/src/../stdlib//Init/Control/Except.c
[    ] Building /root/verify1002/clang/lean4-src/stage0/src/../stdlib//Init/Control/ExceptCps.c
[    ] Building /root/verify1002/clang/lean4-src/stage0/src/../stdlib//Init/Control/Lawful.c
[    ] Building /root/verify1002/clang/lean4-src/stage0/src/../stdlib//Init/Control/Lawful/Basic.c
[    ] Building /root/verify1002/clang/lean4-src/stage0/src/../stdlib//Init/Control/Lawful/Instances.c
[    ] Building /root/verify1002/clang/lean4-src/stage0/src/../stdlib//Init/Control/Lawful/Lemmas.c
[    ] Building /root/verify1002/clang/lean4-src/stage0/src/../stdlib//Init/Control/Lawful/MonadLift.c
[    ] Building /root/verify1002/clang/lean4-src/stage0/src/../stdlib//Init/Control/Lawful/MonadLift/Basic.c
[    ] Building /root/verify1002/clang/lean4-src/stage0/src/../stdlib//Init/Control/Lawful/MonadLift/Instances.c
[    ] Building /root/verify1002/clang/lean4-src/stage0/src/../stdlib//Init/Control/Lawful/MonadLift/Lemmas.c
[    ] Building /root/verify1002/clang/lean4-src/stage0/src/../stdlib//Init/Control/State.c
[    ] Building /root/verify1002/clang/lean4-src/stage0/src/../stdlib//Init/Control/Reader.c
[    ] Building /root/verify1002/clang/lean4-src/stage0/src/../stdlib//Init/Control/Option.c
[    ] Building /root/verify1002/clang/lean4-src/stage0/src/../stdlib//Init/Control/StateCps.c
[    ] Building /root/verify1002/clang/lean4-src/stage0/src/../stdlib//Init/Control/StateRef.c
[    ] Building /root/verify1002/clang/lean4-src/stage0/src/../stdlib//Init/Conv.c
[ 94%] Linking C static library ../lib/lean/libleanmanifest.a
[    ] Building /root/verify1002/clang/lean4-src/stage0/src/../stdlib//Init/Data.c
[    ] Building /root/verify1002/clang/lean4-src/stage0/src/../stdlib//Init/Core.c
[    ] Building /root/verify1002/clang/lean4-src/stage0/src/../stdlib//Init/Data/Array.c
[    ] Building /root/verify1002/clang/lean4-src/stage0/src/../stdlib//Init/Data/AC.c
[ 95%] Linking CXX static library ../lib/temp/libleanmain.a
[    ] Building /root/verify1002/clang/lean4-src/stage0/src/../stdlib//Init/Data/Array/Attach.c
[    ] Building /root/verify1002/clang/lean4-src/stage0/src/../stdlib//Init/Data/Array/BasicAux.c
[    ] Building /root/verify1002/clang/lean4-src/stage0/src/../stdlib//Init/Data/Array/Basic.c
[    ] Building /root/verify1002/clang/lean4-src/stage0/src/../stdlib//Init/Data/Array/BinSearch.c
[    ] Building /root/verify1002/clang/lean4-src/stage0/src/../stdlib//Init/Data/Array/Bootstrap.c
[    ] Building /root/verify1002/clang/lean4-src/stage0/src/../stdlib//Init/Data/Array/Count.c
[    ] Building /root/verify1002/clang/lean4-src/stage0/src/../stdlib//Init/Data/Array/DecidableEq.c
[    ] Building /root/verify1002/clang/lean4-src/stage0/src/../stdlib//Init/Data/Array/Extract.c
[    ] Building /root/verify1002/clang/lean4-src/stage0/src/../stdlib//Init/Data/Array/FinRange.c
[    ] Building /root/verify1002/clang/lean4-src/stage0/src/../stdlib//Init/Data/Array/Erase.c
[    ] Building /root/verify1002/clang/lean4-src/stage0/src/../stdlib//Init/Data/Array/Find.c
[    ] Building /root/verify1002/clang/lean4-src/stage0/src/../stdlib//Init/Data/Array/GetLit.c
[    ] Building /root/verify1002/clang/lean4-src/stage0/src/../stdlib//Init/Data/Array/InsertIdx.c
[    ] Building /root/verify1002/clang/lean4-src/stage0/src/../stdlib//Init/Data/Array/InsertionSort.c
[    ] Building /root/verify1002/clang/lean4-src/stage0/src/../stdlib//Init/Data/Array/Lemmas.c
[    ] Building /root/verify1002/clang/lean4-src/stage0/src/../stdlib//Init/Data/Array/Lex.c
[    ] Building /root/verify1002/clang/lean4-src/stage0/src/../stdlib//Init/Data/Array/Lex/Basic.c
[    ] Building /root/verify1002/clang/lean4-src/stage0/src/../stdlib//Init/Data/Array/Lex/Lemmas.c
[    ] Building /root/verify1002/clang/lean4-src/stage0/src/../stdlib//Init/Data/Array/MapIdx.c
[    ] Building /root/verify1002/clang/lean4-src/stage0/src/../stdlib//Init/Data/Array/Mem.c
[    ] Building /root/verify1002/clang/lean4-src/stage0/src/../stdlib//Init/Data/Array/OfFn.c
[    ] Building /root/verify1002/clang/lean4-src/stage0/src/../stdlib//Init/Data/Array/Monadic.c
[    ] Building /root/verify1002/clang/lean4-src/stage0/src/../stdlib//Init/Data/Array/Perm.c
[    ] Building /root/verify1002/clang/lean4-src/stage0/src/../stdlib//Init/Data/Array/QSort.c
[    ] Building /root/verify1002/clang/lean4-src/stage0/src/../stdlib//Init/Data/Array/QSort/Basic.c
[    ] Building /root/verify1002/clang/lean4-src/stage0/src/../stdlib//Init/Data/Array/Range.c
[    ] Building /root/verify1002/clang/lean4-src/stage0/src/../stdlib//Init/Data/Array/Subarray.c
[    ] Building /root/verify1002/clang/lean4-src/stage0/src/../stdlib//Init/Data/Array/Subarray/Split.c
[    ] Building /root/verify1002/clang/lean4-src/stage0/src/../stdlib//Init/Data/Array/Set.c
[    ] Building /root/verify1002/clang/lean4-src/stage0/src/../stdlib//Init/Data/Array/TakeDrop.c
[    ] Building /root/verify1002/clang/lean4-src/stage0/src/../stdlib//Init/Data/Array/Zip.c
[    ] Building /root/verify1002/clang/lean4-src/stage0/src/../stdlib//Init/Data/BEq.c
[    ] Building /root/verify1002/clang/lean4-src/stage0/src/../stdlib//Init/Data/BitVec.c
[    ] Building /root/verify1002/clang/lean4-src/stage0/src/../stdlib//Init/Data/BitVec/Basic.c
[    ] Building /root/verify1002/clang/lean4-src/stage0/src/../stdlib//Init/Data/BitVec/BasicAux.c
[    ] Building /root/verify1002/clang/lean4-src/stage0/src/../stdlib//Init/Data/BitVec/Bitblast.c
[    ] Building /root/verify1002/clang/lean4-src/stage0/src/../stdlib//Init/Data/BitVec/Bootstrap.c
[ 95%] Built target leanmain
[    ] Building /root/verify1002/clang/lean4-src/stage0/src/../stdlib//Init/Data/BitVec/Decidable.c
[    ] Building /root/verify1002/clang/lean4-src/stage0/src/../stdlib//Init/Data/BitVec/Folds.c
[    ] Building /root/verify1002/clang/lean4-src/stage0/src/../stdlib//Init/Data/BitVec/Lemmas.c
[    ] Building /root/verify1002/clang/lean4-src/stage0/src/../stdlib//Init/Data/Bool.c
[    ] Building /root/verify1002/clang/lean4-src/stage0/src/../stdlib//Init/Data/ByteArray.c
[    ] Building /root/verify1002/clang/lean4-src/stage0/src/../stdlib//Init/Data/ByteArray/Basic.c
[ 95%] Built target leanmanifest
[    ] Building /root/verify1002/clang/lean4-src/stage0/src/../stdlib//Init/Data/ByteArray/Bootstrap.c
[    ] Building /root/verify1002/clang/lean4-src/stage0/src/../stdlib//Init/Data/ByteArray/Extra.c
[    ] Building /root/verify1002/clang/lean4-src/stage0/src/../stdlib//Init/Data/Cast.c
[    ] Building /root/verify1002/clang/lean4-src/stage0/src/../stdlib//Init/Data/ByteArray/Lemmas.c
[    ] Building /root/verify1002/clang/lean4-src/stage0/src/../stdlib//Init/Data/Char.c
[    ] Building /root/verify1002/clang/lean4-src/stage0/src/../stdlib//Init/Data/Char/Basic.c
[    ] Building /root/verify1002/clang/lean4-src/stage0/src/../stdlib//Init/Data/Char/Lemmas.c
[    ] Building /root/verify1002/clang/lean4-src/stage0/src/../stdlib//Init/Data/Char/Order.c
[    ] Building /root/verify1002/clang/lean4-src/stage0/src/../stdlib//Init/Data/Dyadic.c
[    ] Building /root/verify1002/clang/lean4-src/stage0/src/../stdlib//Init/Data/Dyadic/Basic.c
[    ] Building /root/verify1002/clang/lean4-src/stage0/src/../stdlib//Init/Data/Dyadic/Instances.c
[    ] Building /root/verify1002/clang/lean4-src/stage0/src/../stdlib//Init/Data/Dyadic/Inv.c
[    ] Building /root/verify1002/clang/lean4-src/stage0/src/../stdlib//Init/Data/Fin.c
[    ] Building /root/verify1002/clang/lean4-src/stage0/src/../stdlib//Init/Data/Dyadic/Round.c
[    ] Building /root/verify1002/clang/lean4-src/stage0/src/../stdlib//Init/Data/Fin/Basic.c
[    ] Building /root/verify1002/clang/lean4-src/stage0/src/../stdlib//Init/Data/Fin/Bitwise.c
[    ] Building /root/verify1002/clang/lean4-src/stage0/src/../stdlib//Init/Data/Fin/Fold.c
[    ] Building /root/verify1002/clang/lean4-src/stage0/src/../stdlib//Init/Data/Fin/Iterate.c
[    ] Building /root/verify1002/clang/lean4-src/stage0/src/../stdlib//Init/Data/Fin/Lemmas.c
[    ] Building /root/verify1002/clang/lean4-src/stage0/src/../stdlib//Init/Data/Float.c
[    ] Building /root/verify1002/clang/lean4-src/stage0/src/../stdlib//Init/Data/Fin/Log2.c
[    ] Building /root/verify1002/clang/lean4-src/stage0/src/../stdlib//Init/Data/FloatArray.c
[    ] Building /root/verify1002/clang/lean4-src/stage0/src/../stdlib//Init/Data/Float32.c
[    ] Building /root/verify1002/clang/lean4-src/stage0/src/../stdlib//Init/Data/FloatArray/Basic.c
[    ] Building /root/verify1002/clang/lean4-src/stage0/src/../stdlib//Init/Data/Format.c
[    ] Building /root/verify1002/clang/lean4-src/stage0/src/../stdlib//Init/Data/Format/Basic.c
[    ] Building /root/verify1002/clang/lean4-src/stage0/src/../stdlib//Init/Data/Format/Macro.c
[    ] Building /root/verify1002/clang/lean4-src/stage0/src/../stdlib//Init/Data/Format/Instances.c
[    ] Building /root/verify1002/clang/lean4-src/stage0/src/../stdlib//Init/Data/Format/Syntax.c
[    ] Building /root/verify1002/clang/lean4-src/stage0/src/../stdlib//Init/Data/Int.c
[    ] Building /root/verify1002/clang/lean4-src/stage0/src/../stdlib//Init/Data/Hashable.c
[    ] Building /root/verify1002/clang/lean4-src/stage0/src/../stdlib//Init/Data/Int/Basic.c
[    ] Building /root/verify1002/clang/lean4-src/stage0/src/../stdlib//Init/Data/Function.c
[    ] Building /root/verify1002/clang/lean4-src/stage0/src/../stdlib//Init/Data/Int/Bitwise.c
[    ] Building /root/verify1002/clang/lean4-src/stage0/src/../stdlib//Init/Data/Int/Bitwise/Basic.c
[    ] Building /root/verify1002/clang/lean4-src/stage0/src/../stdlib//Init/Data/Int/Cooper.c
[    ] Building /root/verify1002/clang/lean4-src/stage0/src/../stdlib//Init/Data/Int/Gcd.c
[    ] Building /root/verify1002/clang/lean4-src/stage0/src/../stdlib//Init/Data/Int/Bitwise/Lemmas.c
[    ] Building /root/verify1002/clang/lean4-src/stage0/src/../stdlib//Init/Data/Int/DivMod/Lemmas.c
[    ] Building /root/verify1002/clang/lean4-src/stage0/src/../stdlib//Init/Data/Int/Compare.c
[    ] Building /root/verify1002/clang/lean4-src/stage0/src/../stdlib//Init/Data/Int/DivMod/Bootstrap.c
[    ] Building /root/verify1002/clang/lean4-src/stage0/src/../stdlib//Init/Data/Int/Lemmas.c
[    ] Building /root/verify1002/clang/lean4-src/stage0/src/../stdlib//Init/Data/Int/DivMod/Basic.c
[    ] Building /root/verify1002/clang/lean4-src/stage0/src/../stdlib//Init/Data/Int/LemmasAux.c
[    ] Building /root/verify1002/clang/lean4-src/stage0/src/../stdlib//Init/Data/Int/DivMod/Pow.c
[    ] Building /root/verify1002/clang/lean4-src/stage0/src/../stdlib//Init/Data/Int/DivMod.c
[    ] Building /root/verify1002/clang/lean4-src/stage0/src/../stdlib//Init/Data/Int/Linear.c
[    ] Building /root/verify1002/clang/lean4-src/stage0/src/../stdlib//Init/Data/Int/OfNat.c
[    ] Building /root/verify1002/clang/lean4-src/stage0/src/../stdlib//Init/Data/Int/Order.c
[    ] Building /root/verify1002/clang/lean4-src/stage0/src/../stdlib//Init/Data/Iterators.c
[    ] Building /root/verify1002/clang/lean4-src/stage0/src/../stdlib//Init/Data/Int/Pow.c
[    ] Building /root/verify1002/clang/lean4-src/stage0/src/../stdlib//Init/Data/Iterators/Basic.c
[    ] Building /root/verify1002/clang/lean4-src/stage0/src/../stdlib//Init/Data/Iterators/Combinators.c
[    ] Building /root/verify1002/clang/lean4-src/stage0/src/../stdlib//Init/Data/Iterators/Combinators/FilterMap.c
[    ] Building /root/verify1002/clang/lean4-src/stage0/src/../stdlib//Init/Data/Iterators/Combinators/Attach.c
[    ] Building /root/verify1002/clang/lean4-src/stage0/src/../stdlib//Init/Data/Iterators/Combinators/FlatMap.c
[    ] Building /root/verify1002/clang/lean4-src/stage0/src/../stdlib//Init/Data/Iterators/Combinators/Monadic.c
[    ] Building /root/verify1002/clang/lean4-src/stage0/src/../stdlib//Init/Data/Iterators/Combinators/Monadic/FilterMap.c
[    ] Building /root/verify1002/clang/lean4-src/stage0/src/../stdlib//Init/Data/Iterators/Combinators/Monadic/FlatMap.c
[    ] Building /root/verify1002/clang/lean4-src/stage0/src/../stdlib//Init/Data/Iterators/Combinators/Monadic/Attach.c
[    ] Building /root/verify1002/clang/lean4-src/stage0/src/../stdlib//Init/Data/Iterators/Combinators/Monadic/Take.c
[    ] Building /root/verify1002/clang/lean4-src/stage0/src/../stdlib//Init/Data/Iterators/Combinators/Monadic/ULift.c
[    ] Building /root/verify1002/clang/lean4-src/stage0/src/../stdlib//Init/Data/Iterators/Combinators/ULift.c
[    ] Building /root/verify1002/clang/lean4-src/stage0/src/../stdlib//Init/Data/Iterators/Combinators/Take.c
[    ] Building /root/verify1002/clang/lean4-src/stage0/src/../stdlib//Init/Data/Iterators/Consumers.c
[    ] Building /root/verify1002/clang/lean4-src/stage0/src/../stdlib//Init/Data/Iterators/Consumers/Access.c
[    ] Building /root/verify1002/clang/lean4-src/stage0/src/../stdlib//Init/Data/Iterators/Consumers/Collect.c
[    ] Building /root/verify1002/clang/lean4-src/stage0/src/../stdlib//Init/Data/Iterators/Consumers/Monadic.c
[    ] Building /root/verify1002/clang/lean4-src/stage0/src/../stdlib//Init/Data/Iterators/Consumers/Loop.c
[    ] Building /root/verify1002/clang/lean4-src/stage0/src/../stdlib//Init/Data/Iterators/Consumers/Monadic/Collect.c
[    ] Building /root/verify1002/clang/lean4-src/stage0/src/../stdlib//Init/Data/Iterators/Consumers/Monadic/Access.c
[    ] Building /root/verify1002/clang/lean4-src/stage0/src/../stdlib//Init/Data/Iterators/Consumers/Monadic/Loop.c
[    ] Building /root/verify1002/clang/lean4-src/stage0/src/../stdlib//Init/Data/Iterators/Consumers/Monadic/Partial.c
[    ] Building /root/verify1002/clang/lean4-src/stage0/src/../stdlib//Init/Data/Iterators/Consumers/Monadic/Total.c
[    ] Building /root/verify1002/clang/lean4-src/stage0/src/../stdlib//Init/Data/Iterators/Consumers/Partial.c
[    ] Building /root/verify1002/clang/lean4-src/stage0/src/../stdlib//Init/Data/Iterators/Consumers/Stream.c
[    ] Building /root/verify1002/clang/lean4-src/stage0/src/../stdlib//Init/Data/Iterators/Internal.c
[    ] Building /root/verify1002/clang/lean4-src/stage0/src/../stdlib//Init/Data/Iterators/Consumers/Total.c
[    ] Building /root/verify1002/clang/lean4-src/stage0/src/../stdlib//Init/Data/Iterators/Internal/LawfulMonadLiftFunction.c
[    ] Building /root/verify1002/clang/lean4-src/stage0/src/../stdlib//Init/Data/Iterators/Internal/Termination.c
[    ] Building /root/verify1002/clang/lean4-src/stage0/src/../stdlib//Init/Data/Iterators/Lemmas.c
[    ] Building /root/verify1002/clang/lean4-src/stage0/src/../stdlib//Init/Data/Iterators/Lemmas/Basic.c
[    ] Building /root/verify1002/clang/lean4-src/stage0/src/../stdlib//Init/Data/Iterators/Lemmas/Combinators.c
[    ] Building /root/verify1002/clang/lean4-src/stage0/src/../stdlib//Init/Data/Iterators/Lemmas/Combinators/Attach.c
[    ] Building /root/verify1002/clang/lean4-src/stage0/src/../stdlib//Init/Data/Iterators/Lemmas/Combinators/FilterMap.c
[    ] Building /root/verify1002/clang/lean4-src/stage0/src/../stdlib//Init/Data/Iterators/Lemmas/Combinators/FlatMap.c
[    ] Building /root/verify1002/clang/lean4-src/stage0/src/../stdlib//Init/Data/Iterators/Lemmas/Combinators/Monadic.c
[    ] Building /root/verify1002/clang/lean4-src/stage0/src/../stdlib//Init/Data/Iterators/Lemmas/Combinators/Monadic/Attach.c
[    ] Building /root/verify1002/clang/lean4-src/stage0/src/../stdlib//Init/Data/Iterators/Lemmas/Combinators/Monadic/FilterMap.c
[    ] Building /root/verify1002/clang/lean4-src/stage0/src/../stdlib//Init/Data/Iterators/Lemmas/Combinators/Monadic/FlatMap.c
[    ] Building /root/verify1002/clang/lean4-src/stage0/src/../stdlib//Init/Data/Iterators/Lemmas/Combinators/Monadic/ULift.c
[    ] Building /root/verify1002/clang/lean4-src/stage0/src/../stdlib//Init/Data/Iterators/Lemmas/Combinators/Monadic/Take.c
[    ] Building /root/verify1002/clang/lean4-src/stage0/src/../stdlib//Init/Data/Iterators/Lemmas/Combinators/Take.c
[    ] Building /root/verify1002/clang/lean4-src/stage0/src/../stdlib//Init/Data/Iterators/Lemmas/Combinators/ULift.c
[    ] Building /root/verify1002/clang/lean4-src/stage0/src/../stdlib//Init/Data/Iterators/Lemmas/Consumers.c
[    ] Building /root/verify1002/clang/lean4-src/stage0/src/../stdlib//Init/Data/Iterators/Lemmas/Consumers/Collect.c
[    ] Building /root/verify1002/clang/lean4-src/stage0/src/../stdlib//Init/Data/Iterators/Lemmas/Consumers/Monadic.c
[    ] Building /root/verify1002/clang/lean4-src/stage0/src/../stdlib//Init/Data/Iterators/Lemmas/Consumers/Monadic/Collect.c
[    ] Building /root/verify1002/clang/lean4-src/stage0/src/../stdlib//Init/Data/Iterators/Lemmas/Consumers/Loop.c
[    ] Building /root/verify1002/clang/lean4-src/stage0/src/../stdlib//Init/Data/Iterators/Lemmas/Consumers/Monadic/Loop.c
[    ] Building /root/verify1002/clang/lean4-src/stage0/src/../stdlib//Init/Data/Iterators/Lemmas/Producers/List.c
[    ] Building /root/verify1002/clang/lean4-src/stage0/src/../stdlib//Init/Data/Iterators/Lemmas/Producers.c
[    ] Building /root/verify1002/clang/lean4-src/stage0/src/../stdlib//Init/Data/Iterators/Lemmas/Monadic/Basic.c
[    ] Building /root/verify1002/clang/lean4-src/stage0/src/../stdlib//Init/Data/Iterators/Lemmas/Producers/Monadic.c
[    ] Building /root/verify1002/clang/lean4-src/stage0/src/../stdlib//Init/Data/Iterators/Lemmas/Producers/Monadic/List.c
[    ] Building /root/verify1002/clang/lean4-src/stage0/src/../stdlib//Init/Data/Iterators/PostconditionMonad.c
[    ] Building /root/verify1002/clang/lean4-src/stage0/src/../stdlib//Init/Data/Iterators/Producers.c
[    ] Building /root/verify1002/clang/lean4-src/stage0/src/../stdlib//Init/Data/Iterators/Producers/List.c
[    ] Building /root/verify1002/clang/lean4-src/stage0/src/../stdlib//Init/Data/Iterators/Producers/Monadic.c
[    ] Building /root/verify1002/clang/lean4-src/stage0/src/../stdlib//Init/Data/Iterators/ToIterator.c
[    ] Building /root/verify1002/clang/lean4-src/stage0/src/../stdlib//Init/Data/Iterators/Producers/Monadic/List.c
[    ] Building /root/verify1002/clang/lean4-src/stage0/src/../stdlib//Init/Data/LawfulHashable.c
[    ] Building /root/verify1002/clang/lean4-src/stage0/src/../stdlib//Init/Data/List.c
[    ] Building /root/verify1002/clang/lean4-src/stage0/src/../stdlib//Init/Data/List/Attach.c
[    ] Building /root/verify1002/clang/lean4-src/stage0/src/../stdlib//Init/Data/List/Basic.c
[    ] Building /root/verify1002/clang/lean4-src/stage0/src/../stdlib//Init/Data/List/Find.c
[    ] Building /root/verify1002/clang/lean4-src/stage0/src/../stdlib//Init/Data/List/BasicAux.c
[    ] Building /root/verify1002/clang/lean4-src/stage0/src/../stdlib//Init/Data/List/Control.c
[    ] Building /root/verify1002/clang/lean4-src/stage0/src/../stdlib//Init/Data/List/Erase.c
[    ] Building /root/verify1002/clang/lean4-src/stage0/src/../stdlib//Init/Data/List/Count.c
[    ] Building /root/verify1002/clang/lean4-src/stage0/src/../stdlib//Init/Data/List/FinRange.c
[    ] Building /root/verify1002/clang/lean4-src/stage0/src/../stdlib//Init/Data/List/Lemmas.c
[    ] Building /root/verify1002/clang/lean4-src/stage0/src/../stdlib//Init/Data/List/Impl.c
[    ] Building /root/verify1002/clang/lean4-src/stage0/src/../stdlib//Init/Data/List/MapIdx.c
[    ] Building /root/verify1002/clang/lean4-src/stage0/src/../stdlib//Init/Data/List/Monadic.c
[    ] Building /root/verify1002/clang/lean4-src/stage0/src/../stdlib//Init/Data/List/Nat/Sublist.c
[    ] Building /root/verify1002/clang/lean4-src/stage0/src/../stdlib//Init/Data/List/Notation.c
[    ] Building /root/verify1002/clang/lean4-src/stage0/src/../stdlib//Init/Data/List/Nat/BEq.c
[    ] Building /root/verify1002/clang/lean4-src/stage0/src/../stdlib//Init/Data/List/Nat.c
[    ] Building /root/verify1002/clang/lean4-src/stage0/src/../stdlib//Init/Data/List/MinMax.c
[    ] Building /root/verify1002/clang/lean4-src/stage0/src/../stdlib//Init/Data/List/Nat/Basic.c
[    ] Building /root/verify1002/clang/lean4-src/stage0/src/../stdlib//Init/Data/List/Lex.c
[    ] Building /root/verify1002/clang/lean4-src/stage0/src/../stdlib//Init/Data/List/Nat/Erase.c
[    ] Building /root/verify1002/clang/lean4-src/stage0/src/../stdlib//Init/Data/List/Nat/Count.c
[    ] Building /root/verify1002/clang/lean4-src/stage0/src/../stdlib//Init/Data/List/Nat/Find.c
[    ] Building /root/verify1002/clang/lean4-src/stage0/src/../stdlib//Init/Data/List/Nat/InsertIdx.c
[    ] Building /root/verify1002/clang/lean4-src/stage0/src/../stdlib//Init/Data/List/Nat/Modify.c
[    ] Building /root/verify1002/clang/lean4-src/stage0/src/../stdlib//Init/Data/List/Nat/Pairwise.c
[    ] Building /root/verify1002/clang/lean4-src/stage0/src/../stdlib//Init/Data/List/Nat/Perm.c
[    ] Building /root/verify1002/clang/lean4-src/stage0/src/../stdlib//Init/Data/List/Nat/Range.c
[    ] Building /root/verify1002/clang/lean4-src/stage0/src/../stdlib//Init/Data/List/Nat/TakeDrop.c
[    ] Building /root/verify1002/clang/lean4-src/stage0/src/../stdlib//Init/Data/List/OfFn.c
[    ] Building /root/verify1002/clang/lean4-src/stage0/src/../stdlib//Init/Data/List/Pairwise.c
[    ] Building /root/verify1002/clang/lean4-src/stage0/src/../stdlib//Init/Data/List/Perm.c
[    ] Building /root/verify1002/clang/lean4-src/stage0/src/../stdlib//Init/Data/List/Sort.c
[    ] Building /root/verify1002/clang/lean4-src/stage0/src/../stdlib//Init/Data/List/Sort/Basic.c
[    ] Building /root/verify1002/clang/lean4-src/stage0/src/../stdlib//Init/Data/List/Range.c
[    ] Building /root/verify1002/clang/lean4-src/stage0/src/../stdlib//Init/Data/List/Sort/Impl.c
[    ] Building /root/verify1002/clang/lean4-src/stage0/src/../stdlib//Init/Data/List/Sort/Lemmas.c
[    ] Building /root/verify1002/clang/lean4-src/stage0/src/../stdlib//Init/Data/List/Sublist.c
[    ] Building /root/verify1002/clang/lean4-src/stage0/src/../stdlib//Init/Data/List/TakeDrop.c
[    ] Building /root/verify1002/clang/lean4-src/stage0/src/../stdlib//Init/Data/List/ToArray.c
[    ] Building /root/verify1002/clang/lean4-src/stage0/src/../stdlib//Init/Data/List/ToArrayImpl.c
[    ] Building /root/verify1002/clang/lean4-src/stage0/src/../stdlib//Init/Data/List/Zip.c
[    ] Building /root/verify1002/clang/lean4-src/stage0/src/../stdlib//Init/Data/Nat/Dvd.c
[    ] Building /root/verify1002/clang/lean4-src/stage0/src/../stdlib//Init/Data/Nat.c
[    ] Building /root/verify1002/clang/lean4-src/stage0/src/../stdlib//Init/Data/Nat/Basic.c
[    ] Building /root/verify1002/clang/lean4-src/stage0/src/../stdlib//Init/Data/Nat/Bitwise.c
[    ] Building /root/verify1002/clang/lean4-src/stage0/src/../stdlib//Init/Data/Nat/Bitwise/Basic.c
[    ] Building /root/verify1002/clang/lean4-src/stage0/src/../stdlib//Init/Data/Nat/Bitwise/Lemmas.c
[    ] Building /root/verify1002/clang/lean4-src/stage0/src/../stdlib//Init/Data/Nat/Compare.c
[    ] Building /root/verify1002/clang/lean4-src/stage0/src/../stdlib//Init/Data/Nat/Div.c
[    ] Building /root/verify1002/clang/lean4-src/stage0/src/../stdlib//Init/Data/Nat/Control.c
[    ] Building /root/verify1002/clang/lean4-src/stage0/src/../stdlib//Init/Data/Nat/Coprime.c
[    ] Building /root/verify1002/clang/lean4-src/stage0/src/../stdlib//Init/Data/Nat/Div/Basic.c
[    ] Building /root/verify1002/clang/lean4-src/stage0/src/../stdlib//Init/Data/Nat/Div/Lemmas.c
[    ] Building /root/verify1002/clang/lean4-src/stage0/src/../stdlib//Init/Data/Nat/Fold.c
[    ] Building /root/verify1002/clang/lean4-src/stage0/src/../stdlib//Init/Data/Nat/Gcd.c
[    ] Building /root/verify1002/clang/lean4-src/stage0/src/../stdlib//Init/Data/Nat/Lcm.c
[ 95%] Built target initialize
/root/verify1002/clang/lean4-src/stage0/src/runtime/stack_overflow.cpp: In function ‘void lean::segv_handler(int, siginfo_t*, void*)’:
/root/verify1002/clang/lean4-src/stage0/src/runtime/stack_overflow.cpp:74:14: warning: ignoring return value of ‘ssize_t write(int, const void*, size_t)’ declared with attribute ‘warn_unused_result’ [-Wunused-result]
   74 |         write(STDERR_FILENO, msg, sizeof(msg) - 1);
      |         ~~~~~^~~~~~~~~~~~~~~~~~~~~~~~~~~~~~~~~~~~~
[    ] Building /root/verify1002/clang/lean4-src/stage0/src/../stdlib//Init/Data/Nat/Lemmas.c
[    ] Building /root/verify1002/clang/lean4-src/stage0/src/../stdlib//Init/Data/Nat/Linear.c
[    ] Building /root/verify1002/clang/lean4-src/stage0/src/../stdlib//Init/Data/Nat/Log2.c
[    ] Building /root/verify1002/clang/lean4-src/stage0/src/../stdlib//Init/Data/Nat/MinMax.c
[    ] Building /root/verify1002/clang/lean4-src/stage0/src/../stdlib//Init/Data/Nat/Order.c
[    ] Building /root/verify1002/clang/lean4-src/stage0/src/../stdlib//Init/Data/Nat/Mod.c
[    ] Building /root/verify1002/clang/lean4-src/stage0/src/../stdlib//Init/Data/Nat/Power2.c
[ 95%] Linking CXX static library lib/temp/libleaninitialize.a
[    ] Building /root/verify1002/clang/lean4-src/stage0/src/../stdlib//Init/Data/Nat/SOM.c
[    ] Building /root/verify1002/clang/lean4-src/stage0/src/../stdlib//Init/Data/NeZero.c
[    ] Building /root/verify1002/clang/lean4-src/stage0/src/../stdlib//Init/Data/Nat/Simproc.c
/root/verify1002/clang/lean4-src/stage0/src/runtime/stack_overflow.cpp: In function ‘void lean::segv_handler(int, siginfo_t*, void*)’:
/root/verify1002/clang/lean4-src/stage0/src/runtime/stack_overflow.cpp:74:14: warning: ignoring return value of ‘ssize_t write(int, const void*, size_t)’ declared with attribute ‘warn_unused_result’ [-Wunused-result]
   74 |         write(STDERR_FILENO, msg, sizeof(msg) - 1);
      |         ~~~~~^~~~~~~~~~~~~~~~~~~~~~~~~~~~~~~~~~~~~
[    ] Building /root/verify1002/clang/lean4-src/stage0/src/../stdlib//Init/Data/OfScientific.c
[    ] Building /root/verify1002/clang/lean4-src/stage0/src/../stdlib//Init/Data/Option.c
[    ] Building /root/verify1002/clang/lean4-src/stage0/src/../stdlib//Init/Data/Option/Attach.c
[    ] Building /root/verify1002/clang/lean4-src/stage0/src/../stdlib//Init/Data/Option/Basic.c
[    ] Building /root/verify1002/clang/lean4-src/stage0/src/../stdlib//Init/Data/Option/Array.c
[    ] Building /root/verify1002/clang/lean4-src/stage0/src/../stdlib//Init/Data/Option/BasicAux.c
[    ] Building /root/verify1002/clang/lean4-src/stage0/src/../stdlib//Init/Data/Option/Coe.c
[    ] Building /root/verify1002/clang/lean4-src/stage0/src/../stdlib//Init/Data/Option/Instances.c
[    ] Building /root/verify1002/clang/lean4-src/stage0/src/../stdlib//Init/Data/Option/Lemmas.c
[    ] Building /root/verify1002/clang/lean4-src/stage0/src/../stdlib//Init/Data/Option/List.c
[    ] Building /root/verify1002/clang/lean4-src/stage0/src/../stdlib//Init/Data/Option/Monadic.c
[    ] Building /root/verify1002/clang/lean4-src/stage0/src/../stdlib//Init/Data/Ord.c
[    ] Building /root/verify1002/clang/lean4-src/stage0/src/../stdlib//Init/Data/Ord/Array.c
[    ] Building /root/verify1002/clang/lean4-src/stage0/src/../stdlib//Init/Data/Ord/SInt.c
[    ] Building /root/verify1002/clang/lean4-src/stage0/src/../stdlib//Init/Data/Ord/String.c
[    ] Building /root/verify1002/clang/lean4-src/stage0/src/../stdlib//Init/Data/Order.c
[    ] Building /root/verify1002/clang/lean4-src/stage0/src/../stdlib//Init/Data/Ord/Vector.c
[    ] Building /root/verify1002/clang/lean4-src/stage0/src/../stdlib//Init/Data/Ord/UInt.c
[    ] Building /root/verify1002/clang/lean4-src/stage0/src/../stdlib//Init/Data/Order/Classes.c
[    ] Building /root/verify1002/clang/lean4-src/stage0/src/../stdlib//Init/Data/Order/Factories.c
[    ] Building /root/verify1002/clang/lean4-src/stage0/src/../stdlib//Init/Data/Ord/Basic.c
[    ] Building /root/verify1002/clang/lean4-src/stage0/src/../stdlib//Init/Data/Order/FactoriesExtra.c
[    ] Building /root/verify1002/clang/lean4-src/stage0/src/../stdlib//Init/Data/Order/ClassesExtra.c
[    ] Building /root/verify1002/clang/lean4-src/stage0/src/../stdlib//Init/Data/Order/Lemmas.c
[    ] Building /root/verify1002/clang/lean4-src/stage0/src/../stdlib//Init/Data/Ord/BitVec.c
[    ] Building /root/verify1002/clang/lean4-src/stage0/src/../stdlib//Init/Data/Order/LemmasExtra.c
[    ] Building /root/verify1002/clang/lean4-src/stage0/src/../stdlib//Init/Data/Order/PackageFactories.c
[    ] Building /root/verify1002/clang/lean4-src/stage0/src/../stdlib//Init/Data/Order/Ord.c
[    ] Building /root/verify1002/clang/lean4-src/stage0/src/../stdlib//Init/Data/Prod.c
[    ] Building /root/verify1002/clang/lean4-src/stage0/src/../stdlib//Init/Data/PLift.c
[    ] Building /root/verify1002/clang/lean4-src/stage0/src/../stdlib//Init/Data/Queue.c
[    ] Building /root/verify1002/clang/lean4-src/stage0/src/../stdlib//Init/Data/RArray.c
In file included from /root/verify1002/clang/lean4-src/build/stage0/util/ffi.cpp:8:
/root/verify1002/clang/lean4-src/build/stage0/include/lean/lean.h:75:21: warning: attributes are not permitted in this position [-Wattributes]
   75 | #define LEAN_EXPORT __attribute__((visibility("default")))
      |                     ^~~~~~~~~~~~~
/root/verify1002/clang/lean4-src/build/stage0/util/ffi.cpp:12:1: note: in expansion of macro ‘LEAN_EXPORT’
   12 | LEAN_EXPORT extern "C" object * lean_get_leanc_extra_flags(object *) {
      | ^~~~~~~~~~~
/root/verify1002/clang/lean4-src/build/stage0/util/ffi.cpp:12:23: note: attributes may be inserted here
   12 | LEAN_EXPORT extern "C" object * lean_get_leanc_extra_flags(object *) {
      |                       ^
/root/verify1002/clang/lean4-src/build/stage0/include/lean/lean.h:75:21: warning: attributes are not permitted in this position [-Wattributes]
   75 | #define LEAN_EXPORT __attribute__((visibility("default")))
      |                     ^~~~~~~~~~~~~
/root/verify1002/clang/lean4-src/build/stage0/util/ffi.cpp:16:1: note: in expansion of macro ‘LEAN_EXPORT’
   16 | LEAN_EXPORT extern "C" object * lean_get_leanc_internal_flags(object *) {
      | ^~~~~~~~~~~
/root/verify1002/clang/lean4-src/build/stage0/util/ffi.cpp:16:23: note: attributes may be inserted here
   16 | LEAN_EXPORT extern "C" object * lean_get_leanc_internal_flags(object *) {
      |                       ^
/root/verify1002/clang/lean4-src/build/stage0/include/lean/lean.h:75:21: warning: attributes are not permitted in this position [-Wattributes]
   75 | #define LEAN_EXPORT __attribute__((visibility("default")))
      |                     ^~~~~~~~~~~~~
/root/verify1002/clang/lean4-src/build/stage0/util/ffi.cpp:20:1: note: in expansion of macro ‘LEAN_EXPORT’
   20 | LEAN_EXPORT extern "C" object * lean_get_linker_flags(uint8 link_static) {
      | ^~~~~~~~~~~
/root/verify1002/clang/lean4-src/build/stage0/util/ffi.cpp:20:23: note: attributes may be inserted here
   20 | LEAN_EXPORT extern "C" object * lean_get_linker_flags(uint8 link_static) {
      |                       ^
/root/verify1002/clang/lean4-src/build/stage0/include/lean/lean.h:75:21: warning: attributes are not permitted in this position [-Wattributes]
   75 | #define LEAN_EXPORT __attribute__((visibility("default")))
      |                     ^~~~~~~~~~~~~
/root/verify1002/clang/lean4-src/build/stage0/util/ffi.cpp:24:1: note: in expansion of macro ‘LEAN_EXPORT’
   24 | LEAN_EXPORT extern "C" object * lean_get_internal_linker_flags(object *) {
      | ^~~~~~~~~~~
/root/verify1002/clang/lean4-src/build/stage0/util/ffi.cpp:24:23: note: attributes may be inserted here
   24 | LEAN_EXPORT extern "C" object * lean_get_internal_linker_flags(object *) {
      |                       ^
[    ] Building /root/verify1002/clang/lean4-src/stage0/src/../stdlib//Init/Data/Random.c
[    ] Building /root/verify1002/clang/lean4-src/stage0/src/../stdlib//Init/Data/Range.c
[    ] Building /root/verify1002/clang/lean4-src/stage0/src/../stdlib//Init/Data/Range/Basic.c
[    ] Building /root/verify1002/clang/lean4-src/stage0/src/../stdlib//Init/Data/Range/Lemmas.c
[    ] Building /root/verify1002/clang/lean4-src/stage0/src/../stdlib//Init/Data/Range/Polymorphic.c
[    ] Building /root/verify1002/clang/lean4-src/stage0/src/../stdlib//Init/Data/Range/Polymorphic/BitVec.c
[    ] Building /root/verify1002/clang/lean4-src/stage0/src/../stdlib//Init/Data/Range/Polymorphic/Basic.c
/root/verify1002/clang/lean4-src/stage0/src/runtime/hash.cpp: In function ‘lean::uint64 lean::MurmurHash64A(const void*, size_t, uint64)’:
/root/verify1002/clang/lean4-src/stage0/src/runtime/hash.cpp:37:15: warning: this statement may fall through [-Wimplicit-fallthrough=]
   37 |     case 7: h ^= uint64(data2[6]) << 48;
      |             ~~^~~~~~~~~~~~~~~~~~~~~~~~~
/root/verify1002/clang/lean4-src/stage0/src/runtime/hash.cpp:38:5: note: here
   38 |     case 6: h ^= uint64(data2[5]) << 40;
      |     ^~~~
/root/verify1002/clang/lean4-src/stage0/src/runtime/hash.cpp:38:15: warning: this statement may fall through [-Wimplicit-fallthrough=]
   38 |     case 6: h ^= uint64(data2[5]) << 40;
      |             ~~^~~~~~~~~~~~~~~~~~~~~~~~~
/root/verify1002/clang/lean4-src/stage0/src/runtime/hash.cpp:39:5: note: here
   39 |     case 5: h ^= uint64(data2[4]) << 32;
      |     ^~~~
/root/verify1002/clang/lean4-src/stage0/src/runtime/hash.cpp:39:15: warning: this statement may fall through [-Wimplicit-fallthrough=]
   39 |     case 5: h ^= uint64(data2[4]) << 32;
      |             ~~^~~~~~~~~~~~~~~~~~~~~~~~~
/root/verify1002/clang/lean4-src/stage0/src/runtime/hash.cpp:40:5: note: here
   40 |     case 4: h ^= uint64(data2[3]) << 24;
      |     ^~~~
/root/verify1002/clang/lean4-src/stage0/src/runtime/hash.cpp:40:15: warning: this statement may fall through [-Wimplicit-fallthrough=]
   40 |     case 4: h ^= uint64(data2[3]) << 24;
      |             ~~^~~~~~~~~~~~~~~~~~~~~~~~~
/root/verify1002/clang/lean4-src/stage0/src/runtime/hash.cpp:41:5: note: here
   41 |     case 3: h ^= uint64(data2[2]) << 16;
      |     ^~~~
/root/verify1002/clang/lean4-src/stage0/src/runtime/hash.cpp:41:15: warning: this statement may fall through [-Wimplicit-fallthrough=]
   41 |     case 3: h ^= uint64(data2[2]) << 16;
      |             ~~^~~~~~~~~~~~~~~~~~~~~~~~~
/root/verify1002/clang/lean4-src/stage0/src/runtime/hash.cpp:42:5: note: here
   42 |     case 2: h ^= uint64(data2[1]) << 8;
      |     ^~~~
/root/verify1002/clang/lean4-src/stage0/src/runtime/hash.cpp:42:15: warning: this statement may fall through [-Wimplicit-fallthrough=]
   42 |     case 2: h ^= uint64(data2[1]) << 8;
      |             ~~^~~~~~~~~~~~~~~~~~~~~~~~
/root/verify1002/clang/lean4-src/stage0/src/runtime/hash.cpp:43:5: note: here
   43 |     case 1: h ^= uint64(data2[0]);
      |     ^~~~
[    ] Building /root/verify1002/clang/lean4-src/stage0/src/../stdlib//Init/Data/Range/Polymorphic/Instances.c
[    ] Building /root/verify1002/clang/lean4-src/stage0/src/../stdlib//Init/Data/Range/Polymorphic/Internal/SignedBitVec.c
[    ] Building /root/verify1002/clang/lean4-src/stage0/src/../stdlib//Init/Data/Range/Polymorphic/Int.c
[    ] Building /root/verify1002/clang/lean4-src/stage0/src/../stdlib//Init/Data/Range/Polymorphic/GetElemTactic.c
[ 95%] Built target leaninitialize
/root/verify1002/clang/lean4-src/stage0/src/runtime/hash.cpp: In function ‘lean::uint64 lean::MurmurHash64A(const void*, size_t, uint64)’:
/root/verify1002/clang/lean4-src/stage0/src/runtime/hash.cpp:37:15: warning: this statement may fall through [-Wimplicit-fallthrough=]
   37 |     case 7: h ^= uint64(data2[6]) << 48;
      |             ~~^~~~~~~~~~~~~~~~~~~~~~~~~
/root/verify1002/clang/lean4-src/stage0/src/runtime/hash.cpp:38:5: note: here
   38 |     case 6: h ^= uint64(data2[5]) << 40;
      |     ^~~~
/root/verify1002/clang/lean4-src/stage0/src/runtime/hash.cpp:38:15: warning: this statement may fall through [-Wimplicit-fallthrough=]
   38 |     case 6: h ^= uint64(data2[5]) << 40;
      |             ~~^~~~~~~~~~~~~~~~~~~~~~~~~
/root/verify1002/clang/lean4-src/stage0/src/runtime/hash.cpp:39:5: note: here
   39 |     case 5: h ^= uint64(data2[4]) << 32;
      |     ^~~~
/root/verify1002/clang/lean4-src/stage0/src/runtime/hash.cpp:39:15: warning: this statement may fall through [-Wimplicit-fallthrough=]
   39 |     case 5: h ^= uint64(data2[4]) << 32;
      |             ~~^~~~~~~~~~~~~~~~~~~~~~~~~
/root/verify1002/clang/lean4-src/stage0/src/runtime/hash.cpp:40:5: note: here
   40 |     case 4: h ^= uint64(data2[3]) << 24;
      |     ^~~~
/root/verify1002/clang/lean4-src/stage0/src/runtime/hash.cpp:40:15: warning: this statement may fall through [-Wimplicit-fallthrough=]
   40 |     case 4: h ^= uint64(data2[3]) << 24;
      |             ~~^~~~~~~~~~~~~~~~~~~~~~~~~
/root/verify1002/clang/lean4-src/stage0/src/runtime/hash.cpp:41:5: note: here
   41 |     case 3: h ^= uint64(data2[2]) << 16;
      |     ^~~~
/root/verify1002/clang/lean4-src/stage0/src/runtime/hash.cpp:41:15: warning: this statement may fall through [-Wimplicit-fallthrough=]
   41 |     case 3: h ^= uint64(data2[2]) << 16;
      |             ~~^~~~~~~~~~~~~~~~~~~~~~~~~
/root/verify1002/clang/lean4-src/stage0/src/runtime/hash.cpp:42:5: note: here
   42 |     case 2: h ^= uint64(data2[1]) << 8;
      |     ^~~~
/root/verify1002/clang/lean4-src/stage0/src/runtime/hash.cpp:42:15: warning: this statement may fall through [-Wimplicit-fallthrough=]
   42 |     case 2: h ^= uint64(data2[1]) << 8;
      |             ~~^~~~~~~~~~~~~~~~~~~~~~~~
/root/verify1002/clang/lean4-src/stage0/src/runtime/hash.cpp:43:5: note: here
   43 |     case 1: h ^= uint64(data2[0]);
      |     ^~~~
[    ] Building /root/verify1002/clang/lean4-src/stage0/src/../stdlib//Init/Data/Range/Polymorphic/Iterators.c
[    ] Building /root/verify1002/clang/lean4-src/stage0/src/../stdlib//Init/Data/Range/Polymorphic/Nat.c
[    ] Building /root/verify1002/clang/lean4-src/stage0/src/../stdlib//Init/Data/SInt.c
[    ] Building /root/verify1002/clang/lean4-src/stage0/src/../stdlib//Init/Data/Range/Polymorphic/NatLemmas.c
[    ] Building /root/verify1002/clang/lean4-src/stage0/src/../stdlib//Init/Data/Range/Polymorphic/IntLemmas.c
[    ] Building /root/verify1002/clang/lean4-src/stage0/src/../stdlib//Init/Data/Range/Polymorphic/PRange.c
[    ] Building /root/verify1002/clang/lean4-src/stage0/src/../stdlib//Init/Data/Range/Polymorphic/RangeIterator.c
[    ] Building /root/verify1002/clang/lean4-src/stage0/src/../stdlib//Init/Data/Range/Polymorphic/SInt.c
[    ] Building /root/verify1002/clang/lean4-src/stage0/src/../stdlib//Init/Data/Range/Polymorphic/Lemmas.c
[    ] Building /root/verify1002/clang/lean4-src/stage0/src/../stdlib//Init/Data/Range/Polymorphic/Stream.c
[    ] Building /root/verify1002/clang/lean4-src/stage0/src/../stdlib//Init/Data/Range/Polymorphic/UInt.c
[    ] Building /root/verify1002/clang/lean4-src/stage0/src/../stdlib//Init/Data/Range/Polymorphic/UpwardEnumerable.c
[    ] Building /root/verify1002/clang/lean4-src/stage0/src/../stdlib//Init/Data/Rat.c
[    ] Building /root/verify1002/clang/lean4-src/stage0/src/../stdlib//Init/Data/Rat/Basic.c
[    ] Building /root/verify1002/clang/lean4-src/stage0/src/../stdlib//Init/Data/Repr.c
[    ] Building /root/verify1002/clang/lean4-src/stage0/src/../stdlib//Init/Data/Rat/Lemmas.c
[    ] Building /root/verify1002/clang/lean4-src/stage0/src/../stdlib//Init/Data/SInt/Basic.c
[    ] Building /root/verify1002/clang/lean4-src/stage0/src/../stdlib//Init/Data/SInt/Float.c
[    ] Building /root/verify1002/clang/lean4-src/stage0/src/../stdlib//Init/Data/SInt/Lemmas.c
[    ] Building /root/verify1002/clang/lean4-src/stage0/src/../stdlib//Init/Data/SInt/Float32.c
[    ] Building /root/verify1002/clang/lean4-src/stage0/src/../stdlib//Init/Data/SInt/Bitwise.c
[    ] Building /root/verify1002/clang/lean4-src/stage0/src/../stdlib//Init/Data/Slice.c
[    ] Building /root/verify1002/clang/lean4-src/stage0/src/../stdlib//Init/Data/Slice/Array.c
In file included from /usr/include/c++/13/string:51,
                 from /usr/include/c++/13/bits/locale_classes.h:40,
                 from /usr/include/c++/13/bits/ios_base.h:41,
                 from /usr/include/c++/13/ios:44,
                 from /usr/include/c++/13/ostream:40,
                 from /usr/include/c++/13/iostream:41,
                 from /root/verify1002/clang/lean4-src/stage0/src/runtime/debug.h:8,
                 from /root/verify1002/clang/lean4-src/stage0/src/runtime/mpn.cpp:21:
In static member function ‘static _Up* std::__copy_move<_IsMove, true, std::random_access_iterator_tag>::__copy_m(_Tp*, _Tp*, _Up*) [with _Tp = unsigned int; _Up = unsigned int; bool _IsMove = false]’,
    inlined from ‘_OI std::__copy_move_a2(_II, _II, _OI) [with bool _IsMove = false; _II = unsigned int*; _OI = unsigned int*]’ at /usr/include/c++/13/bits/stl_algobase.h:506:30,
    inlined from ‘_OI std::__copy_move_a1(_II, _II, _OI) [with bool _IsMove = false; _II = unsigned int*; _OI = unsigned int*]’ at /usr/include/c++/13/bits/stl_algobase.h:533:42,
    inlined from ‘_OI std::__copy_move_a(_II, _II, _OI) [with bool _IsMove = false; _II = unsigned int*; _OI = unsigned int*]’ at /usr/include/c++/13/bits/stl_algobase.h:540:31,
    inlined from ‘_OI std::copy(_II, _II, _OI) [with _II = unsigned int*; _OI = unsigned int*]’ at /usr/include/c++/13/bits/stl_algobase.h:633:7,
    inlined from ‘static _ForwardIterator std::__uninitialized_copy<true>::__uninit_copy(_InputIterator, _InputIterator, _ForwardIterator) [with _InputIterator = unsigned int*; _ForwardIterator = unsigned int*]’ at /usr/include/c++/13/bits/stl_uninitialized.h:147:27,
    inlined from ‘_ForwardIterator std::uninitialized_copy(_InputIterator, _InputIterator, _ForwardIterator) [with _InputIterator = unsigned int*; _ForwardIterator = unsigned int*]’ at /usr/include/c++/13/bits/stl_uninitialized.h:185:15,
    inlined from ‘void lean::buffer<T, INITIAL_SIZE>::set_capacity(size_t) [with T = unsigned int; long unsigned int INITIAL_SIZE = 16]’ at /root/verify1002/clang/lean4-src/stage0/src/runtime/buffer.h:41:32,
    inlined from ‘void lean::buffer<T, INITIAL_SIZE>::ensure_capacity(size_t) [with T = unsigned int; long unsigned int INITIAL_SIZE = 16]’ at /root/verify1002/clang/lean4-src/stage0/src/runtime/buffer.h:80:25,
    inlined from ‘void lean::buffer<T, INITIAL_SIZE>::resize(size_t, const T&) [with T = unsigned int; long unsigned int INITIAL_SIZE = 16]’ at /root/verify1002/clang/lean4-src/stage0/src/runtime/buffer.h:157:28,
    inlined from ‘void lean::mpn_buffer::resize(size_t, const lean::mpn_digit&)’ at /root/verify1002/clang/lean4-src/stage0/src/runtime/mpn.cpp:139:34,
    inlined from ‘size_t lean::div_normalize(const mpn_digit*, size_t, const mpn_digit*, size_t, mpn_buffer&, mpn_buffer&)’ at /root/verify1002/clang/lean4-src/stage0/src/runtime/mpn.cpp:160:19,
    inlined from ‘char* lean::mpn_to_string(const mpn_digit*, size_t, char*, size_t)’ at /root/verify1002/clang/lean4-src/stage0/src/runtime/mpn.cpp:340:37:
/usr/include/c++/13/bits/stl_algobase.h:437:30: warning: ‘void* __builtin_memmove(void*, const void*, long unsigned int)’ forming offset 4 is out of the bounds [0, 4] [-Warray-bounds=]
  437 |             __builtin_memmove(__result, __first, sizeof(_Tp) * _Num);
      |             ~~~~~~~~~~~~~~~~~^~~~~~~~~~~~~~~~~~~~~~~~~~~~~~~~~~~~~~~
[    ] Building /root/verify1002/clang/lean4-src/stage0/src/../stdlib//Init/Data/Slice/Array/Basic.c
[    ] Building /root/verify1002/clang/lean4-src/stage0/src/../stdlib//Init/Data/Slice/Array/Iterator.c
[    ] Building /root/verify1002/clang/lean4-src/stage0/src/../stdlib//Init/Data/Slice/Array/Lemmas.c
[    ] Building /root/verify1002/clang/lean4-src/stage0/src/../stdlib//Init/Data/Slice/Basic.c
[    ] Building /root/verify1002/clang/lean4-src/stage0/src/../stdlib//Init/Data/Slice/Lemmas.c
[    ] Building /root/verify1002/clang/lean4-src/stage0/src/../stdlib//Init/Data/Slice/List.c
[    ] Building /root/verify1002/clang/lean4-src/stage0/src/../stdlib//Init/Data/Slice/List/Basic.c
[    ] Building /root/verify1002/clang/lean4-src/stage0/src/../stdlib//Init/Data/Slice/List/Iterator.c
[    ] Building /root/verify1002/clang/lean4-src/stage0/src/../stdlib//Init/Data/Slice/Notation.c
[    ] Building /root/verify1002/clang/lean4-src/stage0/src/../stdlib//Init/Data/Slice/Operations.c
[    ] Building /root/verify1002/clang/lean4-src/stage0/src/../stdlib//Init/Data/Stream.c
[    ] Building /root/verify1002/clang/lean4-src/stage0/src/../stdlib//Init/Data/Slice/List/Lemmas.c
[    ] Building /root/verify1002/clang/lean4-src/stage0/src/../stdlib//Init/Data/String/Extra.c
[    ] Building /root/verify1002/clang/lean4-src/stage0/src/../stdlib//Init/Data/String.c
[    ] Building /root/verify1002/clang/lean4-src/stage0/src/../stdlib//Init/Data/String/Lemmas/Basic.c
/root/verify1002/clang/lean4-src/stage0/src/runtime/uv/timer.cpp: In function ‘lean_object* lean::lean_uv_timer_next(b_obj_arg)’:
/root/verify1002/clang/lean4-src/stage0/src/runtime/uv/timer.cpp:196:1: warning: control reaches end of non-void function [-Wreturn-type]
  196 | }
      | ^
[    ] Building /root/verify1002/clang/lean4-src/stage0/src/../stdlib//Init/Data/String/Basic.c
[    ] Building /root/verify1002/clang/lean4-src/stage0/src/../stdlib//Init/Data/String/Decode.c
[    ] Building /root/verify1002/clang/lean4-src/stage0/src/../stdlib//Init/Data/String/Bootstrap.c
[    ] Building /root/verify1002/clang/lean4-src/stage0/src/../stdlib//Init/Data/String/Defs.c
/root/verify1002/clang/lean4-src/stage0/src/runtime/uv/signal.cpp: In function ‘lean_object* lean::lean_uv_signal_next(b_obj_arg)’:
/root/verify1002/clang/lean4-src/stage0/src/runtime/uv/signal.cpp:185:1: warning: control reaches end of non-void function [-Wreturn-type]
  185 | }
      | ^
[    ] Building /root/verify1002/clang/lean4-src/stage0/src/../stdlib//Init/Data/String/Iterator.c
[    ] Building /root/verify1002/clang/lean4-src/stage0/src/../stdlib//Init/Data/String/Lemmas.c
[    ] Building /root/verify1002/clang/lean4-src/stage0/src/../stdlib//Init/Data/String/Grind.c
[    ] Building /root/verify1002/clang/lean4-src/stage0/src/../stdlib//Init/Data/String/Legacy.c
[    ] Building /root/verify1002/clang/lean4-src/stage0/src/../stdlib//Init/Data/String/Lemmas/Modify.c
[    ] Building /root/verify1002/clang/lean4-src/stage0/src/../stdlib//Init/Data/String/Lemmas/Search.c
[    ] Building /root/verify1002/clang/lean4-src/stage0/src/../stdlib//Init/Data/String/Lemmas/Splits.c
[    ] Building /root/verify1002/clang/lean4-src/stage0/src/../stdlib//Init/Data/String/Modify.c
[    ] Building /root/verify1002/clang/lean4-src/stage0/src/../stdlib//Init/Data/String/Pattern.c
[    ] Building /root/verify1002/clang/lean4-src/stage0/src/../stdlib//Init/Data/String/Pattern/Basic.c
[    ] Building /root/verify1002/clang/lean4-src/stage0/src/../stdlib//Init/Data/String/Pattern/Char.c
[    ] Building /root/verify1002/clang/lean4-src/stage0/src/../stdlib//Init/Data/String/Pattern/Pred.c
[    ] Building /root/verify1002/clang/lean4-src/stage0/src/../stdlib//Init/Data/String/PosRaw.c
[    ] Building /root/verify1002/clang/lean4-src/stage0/src/../stdlib//Init/Data/String/Search.c
[    ] Building /root/verify1002/clang/lean4-src/stage0/src/../stdlib//Init/Data/String/Pattern/String.c
[    ] Building /root/verify1002/clang/lean4-src/stage0/src/../stdlib//Init/Data/String/Slice.c
[    ] Building /root/verify1002/clang/lean4-src/stage0/src/../stdlib//Init/Data/String/Stream.c
[    ] Building /root/verify1002/clang/lean4-src/stage0/src/../stdlib//Init/Data/String/Substring.c
[    ] Building /root/verify1002/clang/lean4-src/stage0/src/../stdlib//Init/Data/String/TakeDrop.c
/root/verify1002/clang/lean4-src/stage0/src/runtime/uv/timer.cpp: In function ‘lean_object* lean::lean_uv_timer_next(b_obj_arg)’:
/root/verify1002/clang/lean4-src/stage0/src/runtime/uv/timer.cpp:196:1: warning: control reaches end of non-void function [-Wreturn-type]
  196 | }
      | ^
[    ] Building /root/verify1002/clang/lean4-src/stage0/src/../stdlib//Init/Data/String/Termination.c
[    ] Building /root/verify1002/clang/lean4-src/stage0/src/../stdlib//Init/Data/String/ToSlice.c
[    ] Building /root/verify1002/clang/lean4-src/stage0/src/../stdlib//Init/Data/Subtype.c
[    ] Building /root/verify1002/clang/lean4-src/stage0/src/../stdlib//Init/Data/Subtype/Basic.c
[    ] Building /root/verify1002/clang/lean4-src/stage0/src/../stdlib//Init/Data/Subtype/OrderExtra.c
[    ] Building /root/verify1002/clang/lean4-src/stage0/src/../stdlib//Init/Data/Sum.c
[    ] Building /root/verify1002/clang/lean4-src/stage0/src/../stdlib//Init/Data/Subtype/Order.c
[    ] Building /root/verify1002/clang/lean4-src/stage0/src/../stdlib//Init/Data/Sum/Basic.c
[    ] Building /root/verify1002/clang/lean4-src/stage0/src/../stdlib//Init/Data/Sum/Lemmas.c
[    ] Building /root/verify1002/clang/lean4-src/stage0/src/../stdlib//Init/Data/ToString.c
[    ] Building /root/verify1002/clang/lean4-src/stage0/src/../stdlib//Init/Data/ToString/Basic.c
[    ] Building /root/verify1002/clang/lean4-src/stage0/src/../stdlib//Init/Data/ToString/Macro.c
[    ] Building /root/verify1002/clang/lean4-src/stage0/src/../stdlib//Init/Data/ToString/Name.c
[    ] Building /root/verify1002/clang/lean4-src/stage0/src/../stdlib//Init/Data/UInt.c
[    ] Building /root/verify1002/clang/lean4-src/stage0/src/../stdlib//Init/Data/UInt/Basic.c
[    ] Building /root/verify1002/clang/lean4-src/stage0/src/../stdlib//Init/Data/UInt/BasicAux.c
[    ] Building /root/verify1002/clang/lean4-src/stage0/src/../stdlib//Init/Data/UInt/Bitwise.c
[    ] Building /root/verify1002/clang/lean4-src/stage0/src/../stdlib//Init/Data/UInt/Log2.c
[    ] Building /root/verify1002/clang/lean4-src/stage0/src/../stdlib//Init/Data/UInt/Lemmas.c
[    ] Building /root/verify1002/clang/lean4-src/stage0/src/../stdlib//Init/Data/ULift.c
[    ] Building /root/verify1002/clang/lean4-src/stage0/src/../stdlib//Init/Data/Vector.c
/root/verify1002/clang/lean4-src/stage0/src/runtime/uv/signal.cpp: In function ‘lean_object* lean::lean_uv_signal_next(b_obj_arg)’:
/root/verify1002/clang/lean4-src/stage0/src/runtime/uv/signal.cpp:185:1: warning: control reaches end of non-void function [-Wreturn-type]
  185 | }
      | ^
In file included from /usr/include/c++/13/string:51,
                 from /usr/include/c++/13/bits/locale_classes.h:40,
                 from /usr/include/c++/13/bits/ios_base.h:41,
                 from /usr/include/c++/13/ios:44,
                 from /usr/include/c++/13/ostream:40,
                 from /usr/include/c++/13/iostream:41,
                 from /root/verify1002/clang/lean4-src/stage0/src/runtime/debug.h:8,
                 from /root/verify1002/clang/lean4-src/stage0/src/runtime/mpn.cpp:21:
In static member function ‘static _Up* std::__copy_move<_IsMove, true, std::random_access_iterator_tag>::__copy_m(_Tp*, _Tp*, _Up*) [with _Tp = unsigned int; _Up = unsigned int; bool _IsMove = false]’,
    inlined from ‘_OI std::__copy_move_a2(_II, _II, _OI) [with bool _IsMove = false; _II = unsigned int*; _OI = unsigned int*]’ at /usr/include/c++/13/bits/stl_algobase.h:506:30,
    inlined from ‘_OI std::__copy_move_a1(_II, _II, _OI) [with bool _IsMove = false; _II = unsigned int*; _OI = unsigned int*]’ at /usr/include/c++/13/bits/stl_algobase.h:533:42,
    inlined from ‘_OI std::__copy_move_a(_II, _II, _OI) [with bool _IsMove = false; _II = unsigned int*; _OI = unsigned int*]’ at /usr/include/c++/13/bits/stl_algobase.h:540:31,
    inlined from ‘_OI std::copy(_II, _II, _OI) [with _II = unsigned int*; _OI = unsigned int*]’ at /usr/include/c++/13/bits/stl_algobase.h:633:7,
    inlined from ‘static _ForwardIterator std::__uninitialized_copy<true>::__uninit_copy(_InputIterator, _InputIterator, _ForwardIterator) [with _InputIterator = unsigned int*; _ForwardIterator = unsigned int*]’ at /usr/include/c++/13/bits/stl_uninitialized.h:147:27,
    inlined from ‘_ForwardIterator std::uninitialized_copy(_InputIterator, _InputIterator, _ForwardIterator) [with _InputIterator = unsigned int*; _ForwardIterator = unsigned int*]’ at /usr/include/c++/13/bits/stl_uninitialized.h:185:15,
    inlined from ‘void lean::buffer<T, INITIAL_SIZE>::set_capacity(size_t) [with T = unsigned int; long unsigned int INITIAL_SIZE = 16]’ at /root/verify1002/clang/lean4-src/stage0/src/runtime/buffer.h:41:32,
    inlined from ‘void lean::buffer<T, INITIAL_SIZE>::ensure_capacity(size_t) [with T = unsigned int; long unsigned int INITIAL_SIZE = 16]’ at /root/verify1002/clang/lean4-src/stage0/src/runtime/buffer.h:80:25,
    inlined from ‘void lean::buffer<T, INITIAL_SIZE>::resize(size_t, const T&) [with T = unsigned int; long unsigned int INITIAL_SIZE = 16]’ at /root/verify1002/clang/lean4-src/stage0/src/runtime/buffer.h:157:28,
    inlined from ‘void lean::mpn_buffer::resize(size_t, const lean::mpn_digit&)’ at /root/verify1002/clang/lean4-src/stage0/src/runtime/mpn.cpp:139:34,
    inlined from ‘size_t lean::div_normalize(const mpn_digit*, size_t, const mpn_digit*, size_t, mpn_buffer&, mpn_buffer&)’ at /root/verify1002/clang/lean4-src/stage0/src/runtime/mpn.cpp:160:19,
    inlined from ‘char* lean::mpn_to_string(const mpn_digit*, size_t, char*, size_t)’ at /root/verify1002/clang/lean4-src/stage0/src/runtime/mpn.cpp:340:37:
/usr/include/c++/13/bits/stl_algobase.h:437:30: warning: ‘void* __builtin_memmove(void*, const void*, long unsigned int)’ forming offset 4 is out of the bounds [0, 4] [-Warray-bounds=]
  437 |             __builtin_memmove(__result, __first, sizeof(_Tp) * _Num);
      |             ~~~~~~~~~~~~~~~~~^~~~~~~~~~~~~~~~~~~~~~~~~~~~~~~~~~~~~~~
/root/verify1002/clang/lean4-src/stage0/src/runtime/compact.cpp: In member function ‘void lean::object_compactor::insert_mpz(lean::object*)’:
/root/verify1002/clang/lean4-src/stage0/src/runtime/compact.cpp:280:11: warning: ‘void* memcpy(void*, const void*, size_t)’ writing to an object of type ‘struct lean::mpz_object’ with no trivial copy-assignment; use copy-assignment or copy-initialization instead [-Wclass-memaccess]
  280 |     memcpy(new_o, to_mpz(o), sizeof(mpz_object));
      |     ~~~~~~^~~~~~~~~~~~~~~~~~~~~~~~~~~~~~~~~~~~~~
In file included from /root/verify1002/clang/lean4-src/stage0/src/runtime/compact.h:10,
                 from /root/verify1002/clang/lean4-src/stage0/src/runtime/compact.cpp:13:
/root/verify1002/clang/lean4-src/stage0/src/runtime/object.h:21:8: note: ‘struct lean::mpz_object’ declared here
   21 | struct mpz_object {
      |        ^~~~~~~~~~
[    ] Building /root/verify1002/clang/lean4-src/stage0/src/../stdlib//Init/Data/Vector/Algebra.c
[    ] Building /root/verify1002/clang/lean4-src/stage0/src/../stdlib//Init/Data/Vector/Attach.c
[    ] Building /root/verify1002/clang/lean4-src/stage0/src/../stdlib//Init/Data/Vector/Basic.c
[    ] Building /root/verify1002/clang/lean4-src/stage0/src/../stdlib//Init/Data/Vector/Count.c
[    ] Building /root/verify1002/clang/lean4-src/stage0/src/../stdlib//Init/Data/Vector/FinRange.c
[    ] Building /root/verify1002/clang/lean4-src/stage0/src/../stdlib//Init/Data/Vector/Find.c
[    ] Building /root/verify1002/clang/lean4-src/stage0/src/../stdlib//Init/Data/Vector/Extract.c
[    ] Building /root/verify1002/clang/lean4-src/stage0/src/../stdlib//Init/Data/Vector/DecidableEq.c
[    ] Building /root/verify1002/clang/lean4-src/stage0/src/../stdlib//Init/Data/Vector/Erase.c
[    ] Building /root/verify1002/clang/lean4-src/stage0/src/../stdlib//Init/Data/Vector/InsertIdx.c
[    ] Building /root/verify1002/clang/lean4-src/stage0/src/../stdlib//Init/Data/Vector/Lemmas.c
[    ] Building /root/verify1002/clang/lean4-src/stage0/src/../stdlib//Init/Data/Vector/Lex.c
[    ] Building /root/verify1002/clang/lean4-src/stage0/src/../stdlib//Init/Data/Vector/MapIdx.c
[    ] Building /root/verify1002/clang/lean4-src/stage0/src/../stdlib//Init/Data/Vector/OfFn.c
[    ] Building /root/verify1002/clang/lean4-src/stage0/src/../stdlib//Init/Data/Vector/Perm.c
[    ] Building /root/verify1002/clang/lean4-src/stage0/src/../stdlib//Init/Data/Vector/Monadic.c
[    ] Building /root/verify1002/clang/lean4-src/stage0/src/../stdlib//Init/Data/Vector/Range.c
[    ] Building /root/verify1002/clang/lean4-src/stage0/src/../stdlib//Init/Data/Vector/Stream.c
[    ] Building /root/verify1002/clang/lean4-src/stage0/src/../stdlib//Init/Data/Vector/Zip.c
[    ] Building /root/verify1002/clang/lean4-src/stage0/src/../stdlib//Init/Data/Zero.c
[    ] Building /root/verify1002/clang/lean4-src/stage0/src/../stdlib//Init/Dynamic.c
[    ] Building /root/verify1002/clang/lean4-src/stage0/src/../stdlib//Init/Ext.c
[    ] Building /root/verify1002/clang/lean4-src/stage0/src/../stdlib//Init/GetElem.c
[    ] Building /root/verify1002/clang/lean4-src/stage0/src/../stdlib//Init/Grind.c
[    ] Building /root/verify1002/clang/lean4-src/stage0/src/../stdlib//Init/Grind/AC.c
[    ] Building /root/verify1002/clang/lean4-src/stage0/src/../stdlib//Init/Grind/Annotated.c
[    ] Building /root/verify1002/clang/lean4-src/stage0/src/../stdlib//Init/Grind/Attr.c
[    ] Building /root/verify1002/clang/lean4-src/stage0/src/../stdlib//Init/Grind/Cases.c
[    ] Building /root/verify1002/clang/lean4-src/stage0/src/../stdlib//Init/Grind/Config.c
[    ] Building /root/verify1002/clang/lean4-src/stage0/src/../stdlib//Init/Grind/Ring/Envelope.c
[    ] Building /root/verify1002/clang/lean4-src/stage0/src/../stdlib//Init/Grind/Ext.c
[    ] Building /root/verify1002/clang/lean4-src/stage0/src/../stdlib//Init/Grind/FieldNormNum.c
[    ] Building /root/verify1002/clang/lean4-src/stage0/src/../stdlib//Init/Grind/Injective.c
[    ] Building /root/verify1002/clang/lean4-src/stage0/src/../stdlib//Init/Grind/Lemmas.c
[    ] Building /root/verify1002/clang/lean4-src/stage0/src/../stdlib//Init/Grind/Lint.c
[    ] Building /root/verify1002/clang/lean4-src/stage0/src/../stdlib//Init/Grind/Util.c
[    ] Building /root/verify1002/clang/lean4-src/stage0/src/../stdlib//Init/Grind/Module.c
[    ] Building /root/verify1002/clang/lean4-src/stage0/src/../stdlib//Init/Grind/Interactive.c
[    ] Building /root/verify1002/clang/lean4-src/stage0/src/../stdlib//Init/Grind/Module/Basic.c
[    ] Building /root/verify1002/clang/lean4-src/stage0/src/../stdlib//Init/Grind/Module/Envelope.c
[    ] Building /root/verify1002/clang/lean4-src/stage0/src/../stdlib//Init/Grind/Module/NatModuleNorm.c
[    ] Building /root/verify1002/clang/lean4-src/stage0/src/../stdlib//Init/Grind/Module/OfNatModule.c
[    ] Building /root/verify1002/clang/lean4-src/stage0/src/../stdlib//Init/Grind/Norm.c
[    ] Building /root/verify1002/clang/lean4-src/stage0/src/../stdlib//Init/Grind/Offset.c
[    ] Building /root/verify1002/clang/lean4-src/stage0/src/../stdlib//Init/Grind/Order.c
[    ] Building /root/verify1002/clang/lean4-src/stage0/src/../stdlib//Init/Grind/Ordered.c
[    ] Building /root/verify1002/clang/lean4-src/stage0/src/../stdlib//Init/Grind/Ordered/Field.c
[    ] Building /root/verify1002/clang/lean4-src/stage0/src/../stdlib//Init/Grind/Ordered/Int.c
[    ] Building /root/verify1002/clang/lean4-src/stage0/src/../stdlib//Init/Grind/Ordered/Linarith.c
[    ] Building /root/verify1002/clang/lean4-src/stage0/src/../stdlib//Init/Grind/Ordered/Module.c
[    ] Building /root/verify1002/clang/lean4-src/stage0/src/../stdlib//Init/Grind/Ordered/Order.c
[    ] Building /root/verify1002/clang/lean4-src/stage0/src/../stdlib//Init/Grind/Ordered/Rat.c
[    ] Building /root/verify1002/clang/lean4-src/stage0/src/../stdlib//Init/Grind/Ordered/Ring.c
[    ] Building /root/verify1002/clang/lean4-src/stage0/src/../stdlib//Init/Grind/Propagator.c
[    ] Building /root/verify1002/clang/lean4-src/stage0/src/../stdlib//Init/Grind/PP.c
[    ] Building /root/verify1002/clang/lean4-src/stage0/src/../stdlib//Init/Grind/Ring.c
[    ] Building /root/verify1002/clang/lean4-src/stage0/src/../stdlib//Init/Grind/Ring/Basic.c
[    ] Building /root/verify1002/clang/lean4-src/stage0/src/../stdlib//Init/Grind/Ring/CommSolver.c
[    ] Building /root/verify1002/clang/lean4-src/stage0/src/../stdlib//Init/Grind/Ring/CommSemiringAdapter.c
[    ] Building /root/verify1002/clang/lean4-src/stage0/src/../stdlib//Init/Grind/Ring/Field.c
[    ] Building /root/verify1002/clang/lean4-src/stage0/src/../stdlib//Init/Grind/Ring/OfScientific.c
[    ] Building /root/verify1002/clang/lean4-src/stage0/src/../stdlib//Init/Grind/Ring/ToInt.c
[    ] Building /root/verify1002/clang/lean4-src/stage0/src/../stdlib//Init/Grind/Tactics.c
[    ] Building /root/verify1002/clang/lean4-src/stage0/src/../stdlib//Init/Grind/ToInt.c
[    ] Building /root/verify1002/clang/lean4-src/stage0/src/../stdlib//Init/GrindInstances.c
[    ] Building /root/verify1002/clang/lean4-src/stage0/src/../stdlib//Init/Grind/ToIntLemmas.c
[    ] Building /root/verify1002/clang/lean4-src/stage0/src/../stdlib//Init/GrindInstances/Nat.c
[    ] Building /root/verify1002/clang/lean4-src/stage0/src/../stdlib//Init/GrindInstances/Ring.c
[    ] Building /root/verify1002/clang/lean4-src/stage0/src/../stdlib//Init/GrindInstances/Ring/BitVec.c
[    ] Building /root/verify1002/clang/lean4-src/stage0/src/../stdlib//Init/GrindInstances/Ring/Fin.c
[    ] Building /root/verify1002/clang/lean4-src/stage0/src/../stdlib//Init/GrindInstances/Ring/Int.c
[ 96%] Linking CXX static library lib/temp/libleanshell.a
[    ] Building /root/verify1002/clang/lean4-src/stage0/src/../stdlib//Init/GrindInstances/Ring/Nat.c
[    ] Building /root/verify1002/clang/lean4-src/stage0/src/../stdlib//Init/GrindInstances/Ring/SInt.c
[    ] Building /root/verify1002/clang/lean4-src/stage0/src/../stdlib//Init/GrindInstances/Ring/Rat.c
[    ] Building /root/verify1002/clang/lean4-src/stage0/src/../stdlib//Init/GrindInstances/Ring/UInt.c
[    ] Building /root/verify1002/clang/lean4-src/stage0/src/../stdlib//Init/GrindInstances/ToInt.c
[    ] Building /root/verify1002/clang/lean4-src/stage0/src/../stdlib//Init/Internal.c
[    ] Building /root/verify1002/clang/lean4-src/stage0/src/../stdlib//Init/Guard.c
[    ] Building /root/verify1002/clang/lean4-src/stage0/src/../stdlib//Init/Hints.c
[    ] Building /root/verify1002/clang/lean4-src/stage0/src/../stdlib//Init/Internal/Order.c
[    ] Building /root/verify1002/clang/lean4-src/stage0/src/../stdlib//Init/Internal/Order/Basic.c
[    ] Building /root/verify1002/clang/lean4-src/stage0/src/../stdlib//Init/Internal/Order/Lemmas.c
[    ] Building /root/verify1002/clang/lean4-src/stage0/src/../stdlib//Init/Internal/Order/Tactic.c
[    ] Building /root/verify1002/clang/lean4-src/stage0/src/../stdlib//Init/LawfulBEqTactics.c
[    ] Building /root/verify1002/clang/lean4-src/stage0/src/../stdlib//Init/Meta.c
[    ] Building /root/verify1002/clang/lean4-src/stage0/src/../stdlib//Init/MacroTrace.c
[    ] Building /root/verify1002/clang/lean4-src/stage0/src/../stdlib//Init/Meta/Defs.c
[    ] Building /root/verify1002/clang/lean4-src/stage0/src/../stdlib//Init/MetaTypes.c
[    ] Building /root/verify1002/clang/lean4-src/stage0/src/../stdlib//Init/MethodSpecsSimp.c
[    ] Building /root/verify1002/clang/lean4-src/stage0/src/../stdlib//Init/NotationExtra.c
[    ] Building /root/verify1002/clang/lean4-src/stage0/src/../stdlib//Init/Omega.c
[    ] Building /root/verify1002/clang/lean4-src/stage0/src/../stdlib//Init/System/Promise.c
[    ] Building /root/verify1002/clang/lean4-src/stage0/src/../stdlib//Init/Omega/Coeffs.c
[    ] Building /root/verify1002/clang/lean4-src/stage0/src/../stdlib//Init/Util.c
[    ] Building /root/verify1002/clang/lean4-src/stage0/src/../stdlib//Init/Notation.c
[    ] Building /root/verify1002/clang/lean4-src/stage0/src/../stdlib//Init/Omega/Constraint.c
[    ] Building /root/verify1002/clang/lean4-src/stage0/src/../stdlib//Init/Omega/Int.c
[    ] Building /root/verify1002/clang/lean4-src/stage0/src/../stdlib//Init/Omega/LinearCombo.c
[    ] Building /root/verify1002/clang/lean4-src/stage0/src/../stdlib//Init/Omega/IntList.c
[    ] Building /root/verify1002/clang/lean4-src/stage0/src/../stdlib//Init/Omega/Logic.c
[    ] Building /root/verify1002/clang/lean4-src/stage0/src/../stdlib//Init/Prelude.c
[    ] Building /root/verify1002/clang/lean4-src/stage0/src/../stdlib//Init/PropLemmas.c
[    ] Building /root/verify1002/clang/lean4-src/stage0/src/../stdlib//Init/RCases.c
[    ] Building /root/verify1002/clang/lean4-src/stage0/src/../stdlib//Init/ShareCommon.c
[    ] Building /root/verify1002/clang/lean4-src/stage0/src/../stdlib//Init/SimpLemmas.c
[    ] Building /root/verify1002/clang/lean4-src/stage0/src/../stdlib//Init/Simproc.c
[    ] Building /root/verify1002/clang/lean4-src/stage0/src/../stdlib//Init/SizeOf.c
[    ] Building /root/verify1002/clang/lean4-src/stage0/src/../stdlib//Init/SizeOfLemmas.c
[    ] Building /root/verify1002/clang/lean4-src/stage0/src/../stdlib//Init/System.c
[    ] Building /root/verify1002/clang/lean4-src/stage0/src/../stdlib//Init/Syntax.c
[    ] Building /root/verify1002/clang/lean4-src/stage0/src/../stdlib//Init/System/IO.c
[    ] Building /root/verify1002/clang/lean4-src/stage0/src/../stdlib//Init/System/FilePath.c
[    ] Building /root/verify1002/clang/lean4-src/stage0/src/../stdlib//Init/System/IOError.c
[    ] Building /root/verify1002/clang/lean4-src/stage0/src/../stdlib//Init/System/Platform.c
[    ] Building /root/verify1002/clang/lean4-src/stage0/src/../stdlib//Init/System/ST.c
[    ] Building /root/verify1002/clang/lean4-src/stage0/src/../stdlib//Init/Tactics.c
[    ] Building /root/verify1002/clang/lean4-src/stage0/src/../stdlib//Init/System/Uri.c
[    ] Building /root/verify1002/clang/lean4-src/stage0/src/../stdlib//Init/TacticsExtra.c
[    ] Building /root/verify1002/clang/lean4-src/stage0/src/../stdlib//Init/Task.c
[    ] Building /root/verify1002/clang/lean4-src/stage0/src/../stdlib//Init/Try.c
[    ] Building /root/verify1002/clang/lean4-src/stage0/src/../stdlib//Init/WF.c
[    ] Building /root/verify1002/clang/lean4-src/stage0/src/../stdlib//Init/WFComputable.c
[    ] Building /root/verify1002/clang/lean4-src/stage0/src/../stdlib//Init/WFExtrinsicFix.c
[    ] Building /root/verify1002/clang/lean4-src/stage0/src/../stdlib//Init/WFTactics.c
[    ] Building /root/verify1002/clang/lean4-src/stage0/src/../stdlib//Init/While.c
[    ] Building /root/verify1002/clang/lean4-src/stage0/src/../stdlib//Init.c
[ 96%] Built target leanshell
/root/verify1002/clang/lean4-src/stage0/src/runtime/compact.cpp: In member function ‘void lean::object_compactor::insert_mpz(lean::object*)’:
/root/verify1002/clang/lean4-src/stage0/src/runtime/compact.cpp:280:11: warning: ‘void* memcpy(void*, const void*, size_t)’ writing to an object of type ‘struct lean::mpz_object’ with no trivial copy-assignment; use copy-assignment or copy-initialization instead [-Wclass-memaccess]
  280 |     memcpy(new_o, to_mpz(o), sizeof(mpz_object));
      |     ~~~~~~^~~~~~~~~~~~~~~~~~~~~~~~~~~~~~~~~~~~~~
In file included from /root/verify1002/clang/lean4-src/stage0/src/runtime/compact.h:10,
                 from /root/verify1002/clang/lean4-src/stage0/src/runtime/compact.cpp:13:
/root/verify1002/clang/lean4-src/stage0/src/runtime/object.h:21:8: note: ‘struct lean::mpz_object’ declared here
   21 | struct mpz_object {
      |        ^~~~~~~~~~
[ 96%] Built target constructions
[ 96%] Built target util
/root/verify1002/clang/lean4-src/stage0/src/runtime/io.cpp: In function ‘lean::object* lean::lean_io_prim_handle_mk(b_obj_arg, uint8)’:
/root/verify1002/clang/lean4-src/stage0/src/runtime/io.cpp:419:23: warning: ‘fp_mode’ may be used uninitialized [-Wmaybe-uninitialized]
  419 |     FILE * fp = fdopen(fd, fp_mode);
      |                 ~~~~~~^~~~~~~~~~~~~
/root/verify1002/clang/lean4-src/stage0/src/runtime/io.cpp:411:18: note: ‘fp_mode’ was declared here
  411 |     char const * fp_mode;
      |                  ^~~~~~~
/root/verify1002/clang/lean4-src/stage0/src/kernel/instantiate_mvars.cpp: In member function ‘lean::level lean::instantiate_lmvars_fn::visit(const lean::level&)’:
/root/verify1002/clang/lean4-src/stage0/src/kernel/instantiate_mvars.cpp:88:5: warning: control reaches end of non-void function [-Wreturn-type]
   88 |     }
      |     ^
/root/verify1002/clang/lean4-src/stage0/src/kernel/instantiate_mvars.cpp: In member function ‘lean::expr lean::instantiate_mvars_fn::visit(const lean::expr&)’:
/root/verify1002/clang/lean4-src/stage0/src/kernel/instantiate_mvars.cpp:360:5: warning: control reaches end of non-void function [-Wreturn-type]
  360 |     }
      |     ^
/root/verify1002/clang/lean4-src/stage0/src/runtime/io.cpp: In function ‘lean::object* lean::lean_io_prim_handle_mk(b_obj_arg, uint8)’:
/root/verify1002/clang/lean4-src/stage0/src/runtime/io.cpp:419:23: warning: ‘fp_mode’ may be used uninitialized [-Wmaybe-uninitialized]
  419 |     FILE * fp = fdopen(fd, fp_mode);
      |                 ~~~~~~^~~~~~~~~~~~~
/root/verify1002/clang/lean4-src/stage0/src/runtime/io.cpp:411:18: note: ‘fp_mode’ was declared here
  411 |     char const * fp_mode;
      |                  ^~~~~~~
/root/verify1002/clang/lean4-src/stage0/src/library/module.cpp: In function ‘lean::object* lean::lean_save_module_data_parts(b_obj_arg, b_obj_arg, object*)’:
/root/verify1002/clang/lean4-src/stage0/src/library/module.cpp:156:20: warning: ‘char* __builtin_strncpy(char*, const char*, long unsigned int)’ output truncated before terminating nul copying 40 bytes from a string of the same length [-Wstringop-truncation]
  156 |             strncpy(header.githash, LEAN_GITHASH, sizeof(header.githash));
      |                    ^
/root/verify1002/clang/lean4-src/stage0/src/library/module.cpp:155:20: warning: ‘char* __builtin_strncpy(char*, const char*, long unsigned int)’ specified bound 33 equals destination size [-Wstringop-truncation]
  155 |             strncpy(header.lean_version, get_short_version_string().c_str(), sizeof(header.lean_version));
      |                    ^
In static member function ‘static lean::object* lean::ir::interpreter::stub_m_aux(lean::object**)’,
    inlined from ‘static lean::object* lean::ir::interpreter::stub_1_aux(lean::object*)’ at /root/verify1002/clang/lean4-src/stage0/src/library/ir_interpreter.cpp:1006:105:
/root/verify1002/clang/lean4-src/stage0/src/library/ir_interpreter.cpp:999:29: warning: array subscript 1 is outside array bounds of ‘lean::object* [1]’ {aka ‘lean_object* [1]’} [-Warray-bounds=]
  999 |         options opts(args[1]);
      |                             ^
/root/verify1002/clang/lean4-src/stage0/src/library/ir_interpreter.cpp: In static member function ‘static lean::object* lean::ir::interpreter::stub_1_aux(lean::object*)’:
/root/verify1002/clang/lean4-src/stage0/src/library/ir_interpreter.cpp:1006:57: note: at offset 8 into object ‘args’ of size 8
 1006 |     static object * stub_1_aux(object * x_1) { object * args[] = { x_1 }; return interpreter::stub_m_aux(args); }
      |                                                         ^~~~
In file included from /root/verify1002/clang/lean4-src/stage0/src/runtime/string_ref.h:10,
                 from /root/verify1002/clang/lean4-src/stage0/src/util/name.h:14,
                 from /root/verify1002/clang/lean4-src/stage0/src/util/name_set.h:9,
                 from /root/verify1002/clang/lean4-src/stage0/src/kernel/environment.h:15,
                 from /root/verify1002/clang/lean4-src/stage0/src/library/elab_environment.h:8,
                 from /root/verify1002/clang/lean4-src/stage0/src/library/ir_interpreter.h:8,
                 from /root/verify1002/clang/lean4-src/stage0/src/library/ir_interpreter.cpp:38:
In member function ‘lean::object* lean::object_ref::raw() const’,
    inlined from ‘const T& lean::cnstr_get_ref_t(const object_ref&, unsigned int) [with T = name]’ at /root/verify1002/clang/lean4-src/stage0/src/runtime/object_ref.h:146:48,
    inlined from ‘const lean::ir::fun_id& lean::ir::decl_fun_id(const decl&)’ at /root/verify1002/clang/lean4-src/stage0/src/library/ir_interpreter.cpp:180:76,
    inlined from ‘static lean::object* lean::ir::interpreter::stub_m_aux(lean::object**)’ at /root/verify1002/clang/lean4-src/stage0/src/library/ir_interpreter.cpp:1000:65,
    inlined from ‘static lean::object* lean::ir::interpreter::stub_1_aux(lean::object*)’ at /root/verify1002/clang/lean4-src/stage0/src/library/ir_interpreter.cpp:1006:105:
/root/verify1002/clang/lean4-src/stage0/src/runtime/object_ref.h:42:35: warning: array subscript 2 is outside array bounds of ‘lean::object* [1]’ {aka ‘lean_object* [1]’} [-Warray-bounds=]
   42 |     object * raw() const { return m_obj; }
      |                                   ^~~~~
/root/verify1002/clang/lean4-src/stage0/src/library/ir_interpreter.cpp: In static member function ‘static lean::object* lean::ir::interpreter::stub_1_aux(lean::object*)’:
/root/verify1002/clang/lean4-src/stage0/src/library/ir_interpreter.cpp:1006:57: note: at offset 16 into object ‘args’ of size 8
 1006 |     static object * stub_1_aux(object * x_1) { object * args[] = { x_1 }; return interpreter::stub_m_aux(args); }
      |                                                         ^~~~
In member function ‘lean::object* lean::object_ref::raw() const’,
    inlined from ‘const T& lean::cnstr_get_ref_t(const object_ref&, unsigned int) [with T = name]’ at /root/verify1002/clang/lean4-src/stage0/src/runtime/object_ref.h:146:48,
    inlined from ‘const lean::ir::fun_id& lean::ir::decl_fun_id(const decl&)’ at /root/verify1002/clang/lean4-src/stage0/src/library/ir_interpreter.cpp:180:76,
    inlined from ‘static lean::object* lean::ir::interpreter::stub_m_aux(lean::object**)’ at /root/verify1002/clang/lean4-src/stage0/src/library/ir_interpreter.cpp:1000:65,
    inlined from ‘static lean::object* lean::ir::interpreter::stub_2_aux(lean::object*, lean::object*)’ at /root/verify1002/clang/lean4-src/stage0/src/library/ir_interpreter.cpp:1007:124:
/root/verify1002/clang/lean4-src/stage0/src/runtime/object_ref.h:42:35: warning: array subscript 2 is outside array bounds of ‘lean::object* [2]’ {aka ‘lean_object* [2]’} [-Warray-bounds=]
   42 |     object * raw() const { return m_obj; }
      |                                   ^~~~~
/root/verify1002/clang/lean4-src/stage0/src/library/ir_interpreter.cpp: In static member function ‘static lean::object* lean::ir::interpreter::stub_2_aux(lean::object*, lean::object*)’:
/root/verify1002/clang/lean4-src/stage0/src/library/ir_interpreter.cpp:1007:71: note: at offset 16 into object ‘args’ of size 16
 1007 |     static object * stub_2_aux(object * x_1, object * x_2) { object * args[] = { x_1, x_2 }; return interpreter::stub_m_aux(args); }
      |                                                                       ^~~~
[ 96%] Built target library
[ 97%] Linking CXX static library libleanrt_initial-exec.a
[ 98%] Linking CXX static library ../lib/lean/libleanrt.a
[ 98%] Built target leanrt_initial-exec
[ 98%] Built target leanrt
[ 98%] Built target kernel
[ 99%] Linking CXX static library lib/lean/libleancpp.a
[100%] Linking CXX static library lib/temp/libleancpp_1.a
[100%] Built target leancpp
[100%] Built target leancpp_1
[    ] Building /root/verify1002/clang/lean4-src/stage0/src/../stdlib//Std/Data.c
[    ] Building /root/verify1002/clang/lean4-src/stage0/src/../stdlib//Std/Data/ByteSlice.c
[    ] Building /root/verify1002/clang/lean4-src/stage0/src/../stdlib//Std/Data/DHashMap.c
[    ] Building /root/verify1002/clang/lean4-src/stage0/src/../stdlib//Std/Data/DHashMap/AdditionalOperations.c
[    ] Building /root/verify1002/clang/lean4-src/stage0/src/../stdlib//Std/Data/DHashMap/Basic.c
[    ] Building /root/verify1002/clang/lean4-src/stage0/src/../stdlib//Std/Data/DHashMap/DecidableEquiv.c
[    ] Building /root/verify1002/clang/lean4-src/stage0/src/../stdlib//Std/Data/DHashMap/Internal/AssocList/Basic.c
[    ] Building /root/verify1002/clang/lean4-src/stage0/src/../stdlib//Std/Data/DHashMap/Internal/AssocList/Iterator.c
[    ] Building /root/verify1002/clang/lean4-src/stage0/src/../stdlib//Std/Data/DHashMap/Internal/AssocList/Lemmas.c
[    ] Building /root/verify1002/clang/lean4-src/stage0/src/../stdlib//Std/Data/DHashMap/Internal/Defs.c
[    ] Building /root/verify1002/clang/lean4-src/stage0/src/../stdlib//Std/Data/DHashMap/Internal/HashesTo.c
[    ] Building /root/verify1002/clang/lean4-src/stage0/src/../stdlib//Std/Data/DHashMap/Internal/Model.c
[    ] Building /root/verify1002/clang/lean4-src/stage0/src/../stdlib//Std/Data/DHashMap/Internal/Raw.c
[    ] Building /root/verify1002/clang/lean4-src/stage0/src/../stdlib//Std/Data/DHashMap/Internal/Index.c
[    ] Building /root/verify1002/clang/lean4-src/stage0/src/../stdlib//Std/Data/DHashMap/Internal/RawLemmas.c
[    ] Building /root/verify1002/clang/lean4-src/stage0/src/../stdlib//Std/Data/DHashMap/Internal/WF.c
[    ] Building /root/verify1002/clang/lean4-src/stage0/src/../stdlib//Std/Data/DHashMap/Iterator.c
[    ] Building /root/verify1002/clang/lean4-src/stage0/src/../stdlib//Std/Data/DHashMap/IteratorLemmas.c
[    ] Building /root/verify1002/clang/lean4-src/stage0/src/../stdlib//Std/Data/DTreeMap/Lemmas.c
[    ] Building /root/verify1002/clang/lean4-src/stage0/src/../stdlib//Std/Data/DHashMap/Lemmas.c
[    ] Building /root/verify1002/clang/lean4-src/stage0/src/../stdlib//Std/Data/DHashMap/Raw.c
[    ] Building /root/verify1002/clang/lean4-src/stage0/src/../stdlib//Std/Data/ExtDHashMap/Basic.c
[    ] Building /root/verify1002/clang/lean4-src/stage0/src/../stdlib//Std/Data/DHashMap/RawDecidableEquiv.c
[    ] Building /root/verify1002/clang/lean4-src/stage0/src/../stdlib//Std/Data/DHashMap/RawDef.c
[    ] Building /root/verify1002/clang/lean4-src/stage0/src/../stdlib//Std/Data/DTreeMap.c
[    ] Building /root/verify1002/clang/lean4-src/stage0/src/../stdlib//Std/Data/DHashMap/RawLemmas.c
[    ] Building /root/verify1002/clang/lean4-src/stage0/src/../stdlib//Std/Data/DTreeMap/Basic.c
[    ] Building /root/verify1002/clang/lean4-src/stage0/src/../stdlib//Std/Data/DTreeMap/AdditionalOperations.c
[    ] Building /root/verify1002/clang/lean4-src/stage0/src/../stdlib//Std/Data/DTreeMap/DecidableEquiv.c
[    ] Building /root/verify1002/clang/lean4-src/stage0/src/../stdlib//Std/Data/DTreeMap/Internal/Balanced.c
[    ] Building /root/verify1002/clang/lean4-src/stage0/src/../stdlib//Std/Data/DTreeMap/Internal/Balancing.c
[    ] Building /root/verify1002/clang/lean4-src/stage0/src/../stdlib//Std/Data/DTreeMap/Internal/Cell.c
[    ] Building /root/verify1002/clang/lean4-src/stage0/src/../stdlib//Std/Data/DTreeMap/Internal/Def.c
[    ] Building /root/verify1002/clang/lean4-src/stage0/src/../stdlib//Std/Data/DTreeMap/Internal/Lemmas.c
[    ] Building /root/verify1002/clang/lean4-src/stage0/src/../stdlib//Std/Data/HashSet/Raw.c
[    ] Building /root/verify1002/clang/lean4-src/stage0/src/../stdlib//Std/Data/DTreeMap/Internal/Model.c
[    ] Building /root/verify1002/clang/lean4-src/stage0/src/../stdlib//Std/Data/DTreeMap/Internal/Operations.c
[    ] Building /root/verify1002/clang/lean4-src/stage0/src/../stdlib//Std/Data/DTreeMap/Internal/Ordered.c
[    ] Building /root/verify1002/clang/lean4-src/stage0/src/../stdlib//Std/Data/DTreeMap/Internal/Queries.c
[    ] Building /root/verify1002/clang/lean4-src/stage0/src/../stdlib//Std/Data/DTreeMap/Internal/WF/Defs.c
[    ] Building /root/verify1002/clang/lean4-src/stage0/src/../stdlib//Std/Data/DTreeMap/Internal/WF/Lemmas.c
[    ] Building /root/verify1002/clang/lean4-src/stage0/src/../stdlib//Std/Data/DTreeMap/Iterator.c
[    ] Building /root/verify1002/clang/lean4-src/stage0/src/../stdlib//Std/Data/DTreeMap/Internal/Zipper.c
[    ] Building /root/verify1002/clang/lean4-src/stage0/src/../stdlib//Std/Data/DTreeMap/Raw.c
[    ] Building /root/verify1002/clang/lean4-src/stage0/src/../stdlib//Std/Data/DTreeMap/Raw/AdditionalOperations.c
[    ] Building /root/verify1002/clang/lean4-src/stage0/src/../stdlib//Std/Data/DTreeMap/Raw/Basic.c
[    ] Building /root/verify1002/clang/lean4-src/stage0/src/../stdlib//Std/Data/DTreeMap/Raw/DecidableEquiv.c
[    ] Building /root/verify1002/clang/lean4-src/stage0/src/../stdlib//Std/Data/DTreeMap/Raw/Iterator.c
[    ] Building /root/verify1002/clang/lean4-src/stage0/src/../stdlib//Std/Data/DTreeMap/Raw/Lemmas.c
[    ] Building /root/verify1002/clang/lean4-src/stage0/src/../stdlib//Std/Data/DTreeMap/Raw/Slice.c
[    ] Building /root/verify1002/clang/lean4-src/stage0/src/../stdlib//Std/Data/DTreeMap/Raw/WF.c
[    ] Building /root/verify1002/clang/lean4-src/stage0/src/../stdlib//Std/Data/Iterators/Lemmas/Producers/Monadic/Array.c
[    ] Building /root/verify1002/clang/lean4-src/stage0/src/../stdlib//Std/Data/DTreeMap/Slice.c
[    ] Building /root/verify1002/clang/lean4-src/stage0/src/../stdlib//Std/Data/ExtDHashMap.c
[    ] Building /root/verify1002/clang/lean4-src/stage0/src/../stdlib//Std/Data/ExtDHashMap/Lemmas.c
[    ] Building /root/verify1002/clang/lean4-src/stage0/src/../stdlib//Std/Data/ExtDTreeMap.c
[    ] Building /root/verify1002/clang/lean4-src/stage0/src/../stdlib//Std/Data/ExtDTreeMap/Basic.c
[    ] Building /root/verify1002/clang/lean4-src/stage0/src/../stdlib//Std/Data/ExtDTreeMap/Lemmas.c
[    ] Building /root/verify1002/clang/lean4-src/stage0/src/../stdlib//Std/Data/ExtHashMap.c
[    ] Building /root/verify1002/clang/lean4-src/stage0/src/../stdlib//Std/Data/ExtHashMap/Basic.c
[    ] Building /root/verify1002/clang/lean4-src/stage0/src/../stdlib//Std/Data/ExtHashMap/Lemmas.c
[    ] Building /root/verify1002/clang/lean4-src/stage0/src/../stdlib//Std/Data/ExtHashSet.c
[    ] Building /root/verify1002/clang/lean4-src/stage0/src/../stdlib//Std/Data/ExtHashSet/Basic.c
[    ] Building /root/verify1002/clang/lean4-src/stage0/src/../stdlib//Std/Data/ExtHashSet/Lemmas.c
[    ] Building /root/verify1002/clang/lean4-src/stage0/src/../stdlib//Std/Data/ExtTreeMap.c
[    ] Building /root/verify1002/clang/lean4-src/stage0/src/../stdlib//Std/Data/ExtTreeMap/Basic.c
[    ] Building /root/verify1002/clang/lean4-src/stage0/src/../stdlib//Std/Data/ExtTreeMap/Lemmas.c
[    ] Building /root/verify1002/clang/lean4-src/stage0/src/../stdlib//Std/Data/ExtTreeSet.c
[    ] Building /root/verify1002/clang/lean4-src/stage0/src/../stdlib//Std/Data/ExtTreeSet/Basic.c
[    ] Building /root/verify1002/clang/lean4-src/stage0/src/../stdlib//Std/Data/ExtTreeSet/Lemmas.c
[    ] Building /root/verify1002/clang/lean4-src/stage0/src/../stdlib//Std/Data/HashMap.c
[    ] Building /root/verify1002/clang/lean4-src/stage0/src/../stdlib//Std/Data/HashMap/AdditionalOperations.c
[    ] Building /root/verify1002/clang/lean4-src/stage0/src/../stdlib//Std/Data/HashMap/Basic.c
[    ] Building /root/verify1002/clang/lean4-src/stage0/src/../stdlib//Std/Data/HashMap/DecidableEquiv.c
[    ] Building /root/verify1002/clang/lean4-src/stage0/src/../stdlib//Std/Internal/Async.c
[    ] Building /root/verify1002/clang/lean4-src/stage0/src/../stdlib//Std/Data/HashMap/Iterator.c
[    ] Building /root/verify1002/clang/lean4-src/stage0/src/../stdlib//Std/Data/HashMap/IteratorLemmas.c
[    ] Building /root/verify1002/clang/lean4-src/stage0/src/../stdlib//Std/Data/HashMap/Lemmas.c
[    ] Building /root/verify1002/clang/lean4-src/stage0/src/../stdlib//Std/Data/HashMap/Raw.c
[    ] Building /root/verify1002/clang/lean4-src/stage0/src/../stdlib//Std/Data/HashMap/RawDecidableEquiv.c
[    ] Building /root/verify1002/clang/lean4-src/stage0/src/../stdlib//Std/Data/HashMap/RawLemmas.c
[    ] Building /root/verify1002/clang/lean4-src/stage0/src/../stdlib//Std/Data/HashSet.c
[    ] Building /root/verify1002/clang/lean4-src/stage0/src/../stdlib//Std/Data/HashSet/Basic.c
[    ] Building /root/verify1002/clang/lean4-src/stage0/src/../stdlib//Std/Data/HashSet/DecidableEquiv.c
[    ] Building /root/verify1002/clang/lean4-src/stage0/src/../stdlib//Std/Data/HashSet/Iterator.c
[    ] Building /root/verify1002/clang/lean4-src/stage0/src/../stdlib//Std/Data/HashSet/IteratorLemmas.c
[    ] Building /root/verify1002/clang/lean4-src/stage0/src/../stdlib//Std/Data/HashSet/Lemmas.c
[    ] Building /root/verify1002/clang/lean4-src/stage0/src/../stdlib//Std/Data/HashSet/RawDecidableEquiv.c
[    ] Building /root/verify1002/clang/lean4-src/stage0/src/../stdlib//Std/Data/HashSet/RawLemmas.c
[    ] Building /root/verify1002/clang/lean4-src/stage0/src/../stdlib//Std/Data/Internal/Cut.c
[    ] Building /root/verify1002/clang/lean4-src/stage0/src/../stdlib//Std/Data/Internal/List/Associative.c
[    ] Building /root/verify1002/clang/lean4-src/stage0/src/../stdlib//Std/Data/Internal/List/Defs.c
[    ] Building /root/verify1002/clang/lean4-src/stage0/src/../stdlib//Std/Data/Iterators.c
[    ] Building /root/verify1002/clang/lean4-src/stage0/src/../stdlib//Std/Data/Iterators/Combinators.c
[    ] Building /root/verify1002/clang/lean4-src/stage0/src/../stdlib//Std/Data/Iterators/Combinators/Drop.c
[    ] Building /root/verify1002/clang/lean4-src/stage0/src/../stdlib//Std/Data/Iterators/Combinators/DropWhile.c
[    ] Building /root/verify1002/clang/lean4-src/stage0/src/../stdlib//Std/Data/Iterators/Combinators/Monadic.c
[    ] Building /root/verify1002/clang/lean4-src/stage0/src/../stdlib//Std/Data/Iterators/Combinators/Monadic/DropWhile.c
[    ] Building /root/verify1002/clang/lean4-src/stage0/src/../stdlib//Std/Data/Iterators/Combinators/Monadic/Drop.c
[    ] Building /root/verify1002/clang/lean4-src/stage0/src/../stdlib//Std/Data/Iterators/Combinators/Monadic/StepSize.c
[    ] Building /root/verify1002/clang/lean4-src/stage0/src/../stdlib//Std/Data/Iterators/Combinators/Monadic/TakeWhile.c
[    ] Building /root/verify1002/clang/lean4-src/stage0/src/../stdlib//Std/Sync/Mutex.c
[    ] Building /root/verify1002/clang/lean4-src/stage0/src/../stdlib//Std/Data/Iterators/Combinators/Monadic/Zip.c
[    ] Building /root/verify1002/clang/lean4-src/stage0/src/../stdlib//Std/Data/Iterators/Combinators/StepSize.c
[    ] Building /root/verify1002/clang/lean4-src/stage0/src/../stdlib//Std/Data/Iterators/Combinators/TakeWhile.c
[    ] Building /root/verify1002/clang/lean4-src/stage0/src/../stdlib//Std/Data/Iterators/Combinators/Zip.c
[    ] Building /root/verify1002/clang/lean4-src/stage0/src/../stdlib//Std/Data/Iterators/Lemmas.c
[    ] Building /root/verify1002/clang/lean4-src/stage0/src/../stdlib//Std/Data/Iterators/Lemmas/Combinators.c
[    ] Building /root/verify1002/clang/lean4-src/stage0/src/../stdlib//Std/Data/Iterators/Lemmas/Combinators/Drop.c
[    ] Building /root/verify1002/clang/lean4-src/stage0/src/../stdlib//Std/Data/Iterators/Lemmas/Combinators/DropWhile.c
[    ] Building /root/verify1002/clang/lean4-src/stage0/src/../stdlib//Std/Data/Iterators/Lemmas/Combinators/Monadic.c
[    ] Building /root/verify1002/clang/lean4-src/stage0/src/../stdlib//Std/Data/Iterators/Lemmas/Combinators/Monadic/Drop.c
[    ] Building /root/verify1002/clang/lean4-src/stage0/src/../stdlib//Std/Data/Iterators/Lemmas/Combinators/Monadic/DropWhile.c
[    ] Building /root/verify1002/clang/lean4-src/stage0/src/../stdlib//Std/Data/Iterators/Lemmas/Combinators/Monadic/FilterMap.c
[    ] Building /root/verify1002/clang/lean4-src/stage0/src/../stdlib//Std/Data/Iterators/Lemmas/Combinators/Monadic/TakeWhile.c
[    ] Building /root/verify1002/clang/lean4-src/stage0/src/../stdlib//Std/Data/Iterators/Lemmas/Combinators/TakeWhile.c
[    ] Building /root/verify1002/clang/lean4-src/stage0/src/../stdlib//Std/Data/Iterators/Lemmas/Combinators/Monadic/Zip.c
[    ] Building /root/verify1002/clang/lean4-src/stage0/src/../stdlib//Std/Data/Iterators/Lemmas/Consumers.c
[    ] Building /root/verify1002/clang/lean4-src/stage0/src/../stdlib//Std/Data/Iterators/Lemmas/Combinators/Zip.c
[    ] Building /root/verify1002/clang/lean4-src/stage0/src/../stdlib//Std/Data/Iterators/Lemmas/Consumers/Collect.c
[    ] Building /root/verify1002/clang/lean4-src/stage0/src/../stdlib//Std/Data/Iterators/Lemmas/Consumers/Loop.c
[    ] Building /root/verify1002/clang/lean4-src/stage0/src/../stdlib//Std/Data/Iterators/Lemmas/Consumers/Monadic.c
[    ] Building /root/verify1002/clang/lean4-src/stage0/src/../stdlib//Std/Data/Iterators/Lemmas/Consumers/Monadic/Collect.c
[    ] Building /root/verify1002/clang/lean4-src/stage0/src/../stdlib//Std/Data/Iterators/Lemmas/Consumers/Monadic/Loop.c
[    ] Building /root/verify1002/clang/lean4-src/stage0/src/../stdlib//Std/Data/Iterators/Lemmas/Equivalence.c
[    ] Building /root/verify1002/clang/lean4-src/stage0/src/../stdlib//Std/Data/Iterators/Lemmas/Equivalence/Basic.c
[    ] Building /root/verify1002/clang/lean4-src/stage0/src/../stdlib//Std/Data/Iterators/Lemmas/Equivalence/HetT.c
[    ] Building /root/verify1002/clang/lean4-src/stage0/src/../stdlib//Std/Data/Iterators/Lemmas/Equivalence/StepCongr.c
[    ] Building /root/verify1002/clang/lean4-src/stage0/src/../stdlib//Std/Data/Iterators/Lemmas/Monadic.c
[    ] Building /root/verify1002/clang/lean4-src/stage0/src/../stdlib//Std/Data/Iterators/Lemmas/Producers.c
[    ] Building /root/verify1002/clang/lean4-src/stage0/src/../stdlib//Std/Data/Iterators/Lemmas/Producers/Array.c
[    ] Building /root/verify1002/clang/lean4-src/stage0/src/../stdlib//Std/Data/Iterators/Lemmas/Producers/Monadic.c
[    ] Building /root/verify1002/clang/lean4-src/stage0/src/../stdlib//Std/Data/Iterators/Lemmas/Producers/Empty.c
[    ] Building /root/verify1002/clang/lean4-src/stage0/src/../stdlib//Std/Data/Iterators/Lemmas/Producers/Monadic/Empty.c
[    ] Building /root/verify1002/clang/lean4-src/stage0/src/../stdlib//Std/Data/Iterators/Lemmas/Producers/Monadic/List.c
[    ] Building /root/verify1002/clang/lean4-src/stage0/src/../stdlib//Std/Data/Iterators/Lemmas/Producers/Range.c
[    ] Building /root/verify1002/clang/lean4-src/stage0/src/../stdlib//Std/Data/Iterators/Lemmas/Producers/Repeat.c
[    ] Building /root/verify1002/clang/lean4-src/stage0/src/../stdlib//Std/Data/Iterators/Lemmas/Producers/Slice.c
[    ] Building /root/verify1002/clang/lean4-src/stage0/src/../stdlib//Std/Data/Iterators/Producers/Array.c
[    ] Building /root/verify1002/clang/lean4-src/stage0/src/../stdlib//Std/Data/Iterators/Producers.c
[    ] Building /root/verify1002/clang/lean4-src/stage0/src/../stdlib//Std/Data/Iterators/Producers/Empty.c
[    ] Building /root/verify1002/clang/lean4-src/stage0/src/../stdlib//Std/Data/Iterators/Producers/Monadic.c
[    ] Building /root/verify1002/clang/lean4-src/stage0/src/../stdlib//Std/Data/Iterators/Producers/Monadic/Array.c
[    ] Building /root/verify1002/clang/lean4-src/stage0/src/../stdlib//Std/Data/Iterators/Producers/Monadic/Empty.c
[    ] Building /root/verify1002/clang/lean4-src/stage0/src/../stdlib//Std/Data/Iterators/Producers/Range.c
[    ] Building /root/verify1002/clang/lean4-src/stage0/src/../stdlib//Std/Data/Iterators/Producers/Repeat.c
[    ] Building /root/verify1002/clang/lean4-src/stage0/src/../stdlib//Std/Data/Iterators/Producers/Slice.c
[    ] Building /root/verify1002/clang/lean4-src/stage0/src/../stdlib//Std/Data/TreeMap.c
[    ] Building /root/verify1002/clang/lean4-src/stage0/src/../stdlib//Std/Data/TreeMap/AdditionalOperations.c
[    ] Building /root/verify1002/clang/lean4-src/stage0/src/../stdlib//Std/Data/TreeMap/Basic.c
[    ] Building /root/verify1002/clang/lean4-src/stage0/src/../stdlib//Std/Data/TreeMap/DecidableEquiv.c
[    ] Building /root/verify1002/clang/lean4-src/stage0/src/../stdlib//Std/Data/TreeMap/Iterator.c
[    ] Building /root/verify1002/clang/lean4-src/stage0/src/../stdlib//Std/Data/TreeMap/Lemmas.c
[    ] Building /root/verify1002/clang/lean4-src/stage0/src/../stdlib//Std/Data/TreeMap/Raw.c
[    ] Building /root/verify1002/clang/lean4-src/stage0/src/../stdlib//Std/Data/TreeMap/Raw/AdditionalOperations.c
[    ] Building /root/verify1002/clang/lean4-src/stage0/src/../stdlib//Std/Data/TreeMap/Raw/Basic.c
[    ] Building /root/verify1002/clang/lean4-src/stage0/src/../stdlib//Std/Data/TreeMap/Raw/DecidableEquiv.c
[    ] Building /root/verify1002/clang/lean4-src/stage0/src/../stdlib//Std/Data/TreeMap/Raw/Iterator.c
[    ] Building /root/verify1002/clang/lean4-src/stage0/src/../stdlib//Std/Data/TreeMap/Raw/Lemmas.c
[    ] Building /root/verify1002/clang/lean4-src/stage0/src/../stdlib//Std/Data/TreeMap/Raw/Slice.c
[    ] Building /root/verify1002/clang/lean4-src/stage0/src/../stdlib//Std/Data/TreeMap/Slice.c
[    ] Building /root/verify1002/clang/lean4-src/stage0/src/../stdlib//Std/Data/TreeMap/Raw/WF.c
[    ] Building /root/verify1002/clang/lean4-src/stage0/src/../stdlib//Std/Data/TreeSet.c
[    ] Building /root/verify1002/clang/lean4-src/stage0/src/../stdlib//Std/Data/TreeSet/AdditionalOperations.c
[    ] Building /root/verify1002/clang/lean4-src/stage0/src/../stdlib//Std/Data/TreeSet/Basic.c
[    ] Building /root/verify1002/clang/lean4-src/stage0/src/../stdlib//Std/Data/TreeSet/DecidableEquiv.c
[    ] Building /root/verify1002/clang/lean4-src/stage0/src/../stdlib//Std/Data/TreeSet/Lemmas.c
[    ] Building /root/verify1002/clang/lean4-src/stage0/src/../stdlib//Std/Data/TreeSet/Iterator.c
[    ] Building /root/verify1002/clang/lean4-src/stage0/src/../stdlib//Std/Data/TreeSet/Raw.c
[    ] Building /root/verify1002/clang/lean4-src/stage0/src/../stdlib//Std/Data/TreeSet/Raw/DecidableEquiv.c
[    ] Building /root/verify1002/clang/lean4-src/stage0/src/../stdlib//Std/Data/TreeSet/Raw/Basic.c
[    ] Building /root/verify1002/clang/lean4-src/stage0/src/../stdlib//Std/Data/TreeSet/Raw/Lemmas.c
[    ] Building /root/verify1002/clang/lean4-src/stage0/src/../stdlib//Std/Data/TreeSet/Raw/Iterator.c
[    ] Building /root/verify1002/clang/lean4-src/stage0/src/../stdlib//Std/Data/TreeSet/Raw/Slice.c
[    ] Building /root/verify1002/clang/lean4-src/stage0/src/../stdlib//Std/Data/TreeSet/Raw/WF.c
[    ] Building /root/verify1002/clang/lean4-src/stage0/src/../stdlib//Std/Data/TreeSet/Slice.c
[    ] Building /root/verify1002/clang/lean4-src/stage0/src/../stdlib//Std/Do.c
[    ] Building /root/verify1002/clang/lean4-src/stage0/src/../stdlib//Std/Do/PostCond.c
[    ] Building /root/verify1002/clang/lean4-src/stage0/src/../stdlib//Std/Do/SPred.c
[    ] Building /root/verify1002/clang/lean4-src/stage0/src/../stdlib//Std/Do/PredTrans.c
[    ] Building /root/verify1002/clang/lean4-src/stage0/src/../stdlib//Std/Do/SPred/DerivedLaws.c
[    ] Building /root/verify1002/clang/lean4-src/stage0/src/../stdlib//Std/Do/SPred/Laws.c
[    ] Building /root/verify1002/clang/lean4-src/stage0/src/../stdlib//Std/Do/SPred/Notation.c
[    ] Building /root/verify1002/clang/lean4-src/stage0/src/../stdlib//Std/Do/SPred/Notation/Basic.c
[    ] Building /root/verify1002/clang/lean4-src/stage0/src/../stdlib//Std/Do/SPred/SPred.c
[    ] Building /root/verify1002/clang/lean4-src/stage0/src/../stdlib//Std/Do/SPred/SVal.c
[    ] Building /root/verify1002/clang/lean4-src/stage0/src/../stdlib//Std/Do/Triple.c
[    ] Building /root/verify1002/clang/lean4-src/stage0/src/../stdlib//Std/Do/Triple/Basic.c
[    ] Building /root/verify1002/clang/lean4-src/stage0/src/../stdlib//Std/Do/Triple/SpecLemmas.c
[    ] Building /root/verify1002/clang/lean4-src/stage0/src/../stdlib//Std/Do/WP.c
[    ] Building /root/verify1002/clang/lean4-src/stage0/src/../stdlib//Std/Do/WP/Basic.c
[    ] Building /root/verify1002/clang/lean4-src/stage0/src/../stdlib//Std/Do/WP/Monad.c
[    ] Building /root/verify1002/clang/lean4-src/stage0/src/../stdlib//Std/Internal.c
[    ] Building /root/verify1002/clang/lean4-src/stage0/src/../stdlib//Std/Do/WP/SimpLemmas.c
[    ] Building /root/verify1002/clang/lean4-src/stage0/src/../stdlib//Std/Internal/Async/Basic.c
[    ] Building /root/verify1002/clang/lean4-src/stage0/src/../stdlib//Std/Internal/Async/DNS.c
[    ] Building /root/verify1002/clang/lean4-src/stage0/src/../stdlib//Std/Internal/Async/IO.c
[    ] Building /root/verify1002/clang/lean4-src/stage0/src/../stdlib//Std/Internal/Async/Process.c
[    ] Building /root/verify1002/clang/lean4-src/stage0/src/../stdlib//Std/Internal/Async/Select.c
[    ] Building /root/verify1002/clang/lean4-src/stage0/src/../stdlib//Std/Internal/Async/Signal.c
[    ] Building /root/verify1002/clang/lean4-src/stage0/src/../stdlib//Std/Internal/Async/TCP.c
[    ] Building /root/verify1002/clang/lean4-src/stage0/src/../stdlib//Std/Internal/Async/System.c
[    ] Building /root/verify1002/clang/lean4-src/stage0/src/../stdlib//Std/Internal/Async/Timer.c
[    ] Building /root/verify1002/clang/lean4-src/stage0/src/../stdlib//Std/Internal/Async/UDP.c
[    ] Building /root/verify1002/clang/lean4-src/stage0/src/../stdlib//Std/Internal/Parsec.c
[    ] Building /root/verify1002/clang/lean4-src/stage0/src/../stdlib//Std/Internal/Parsec/Basic.c
[    ] Building /root/verify1002/clang/lean4-src/stage0/src/../stdlib//Std/Internal/Parsec/ByteArray.c
[    ] Building /root/verify1002/clang/lean4-src/stage0/src/../stdlib//Std/Internal/Parsec/String.c
[    ] Building /root/verify1002/clang/lean4-src/stage0/src/../stdlib//Std/Internal/UV.c
[    ] Building /root/verify1002/clang/lean4-src/stage0/src/../stdlib//Std/Internal/UV/DNS.c
[    ] Building /root/verify1002/clang/lean4-src/stage0/src/../stdlib//Std/Internal/UV/Signal.c
[    ] Building /root/verify1002/clang/lean4-src/stage0/src/../stdlib//Std/Internal/UV/System.c
[    ] Building /root/verify1002/clang/lean4-src/stage0/src/../stdlib//Std/Internal/UV/TCP.c
[    ] Building /root/verify1002/clang/lean4-src/stage0/src/../stdlib//Std/Internal/UV/Timer.c
[    ] Building /root/verify1002/clang/lean4-src/stage0/src/../stdlib//Std/Internal/UV/UDP.c
[    ] Building /root/verify1002/clang/lean4-src/stage0/src/../stdlib//Std/Internal/UV/Loop.c
[    ] Building /root/verify1002/clang/lean4-src/stage0/src/../stdlib//Std/Net.c
[    ] Building /root/verify1002/clang/lean4-src/stage0/src/../stdlib//Std/Net/Addr.c
[    ] Building /root/verify1002/clang/lean4-src/stage0/src/../stdlib//Std/Sat.c
[    ] Building /root/verify1002/clang/lean4-src/stage0/src/../stdlib//Std/Sat/AIG.c
[    ] Building /root/verify1002/clang/lean4-src/stage0/src/../stdlib//Std/Sat/AIG/Basic.c
[    ] Building /root/verify1002/clang/lean4-src/stage0/src/../stdlib//Std/Sat/AIG/CNF.c
[    ] Building /root/verify1002/clang/lean4-src/stage0/src/../stdlib//Std/Sat/AIG/CachedGates.c
[    ] Building /root/verify1002/clang/lean4-src/stage0/src/../stdlib//Std/Sat/AIG/Cached.c
[    ] Building /root/verify1002/clang/lean4-src/stage0/src/../stdlib//Std/Sat/AIG/CachedGatesLemmas.c
[    ] Building /root/verify1002/clang/lean4-src/stage0/src/../stdlib//Std/Sat/AIG/CachedLemmas.c
[    ] Building /root/verify1002/clang/lean4-src/stage0/src/../stdlib//Std/Sat/AIG/If.c
[    ] Building /root/verify1002/clang/lean4-src/stage0/src/../stdlib//Std/Sat/AIG/LawfulOperator.c
[    ] Building /root/verify1002/clang/lean4-src/stage0/src/../stdlib//Std/Sat/AIG/LawfulVecOperator.c
[    ] Building /root/verify1002/clang/lean4-src/stage0/src/../stdlib//Std/Sat/AIG/Lemmas.c
[    ] Building /root/verify1002/clang/lean4-src/stage0/src/../stdlib//Std/Sat/AIG/RefVec.c
[    ] Building /root/verify1002/clang/lean4-src/stage0/src/../stdlib//Std/Sat/AIG/RefVecOperator.c
[    ] Building /root/verify1002/clang/lean4-src/stage0/src/../stdlib//Std/Sat/AIG/RefVecOperator/Fold.c
[    ] Building /root/verify1002/clang/lean4-src/stage0/src/../stdlib//Std/Sat/AIG/RefVecOperator/Map.c
[    ] Building /root/verify1002/clang/lean4-src/stage0/src/../stdlib//Std/Sat/AIG/RefVecOperator/Zip.c
[    ] Building /root/verify1002/clang/lean4-src/stage0/src/../stdlib//Std/Sat/AIG/Relabel.c
[    ] Building /root/verify1002/clang/lean4-src/stage0/src/../stdlib//Std/Sat/AIG/RelabelNat.c
[    ] Building /root/verify1002/clang/lean4-src/stage0/src/../stdlib//Std/Sat/CNF.c
[    ] Building /root/verify1002/clang/lean4-src/stage0/src/../stdlib//Std/Sat/CNF/Basic.c
[    ] Building /root/verify1002/clang/lean4-src/stage0/src/../stdlib//Std/Sat/CNF/Dimacs.c
[    ] Building /root/verify1002/clang/lean4-src/stage0/src/../stdlib//Std/Sat/CNF/Literal.c
[    ] Building /root/verify1002/clang/lean4-src/stage0/src/../stdlib//Std/Sat/CNF/Relabel.c
[    ] Building /root/verify1002/clang/lean4-src/stage0/src/../stdlib//Std/Sat/CNF/RelabelFin.c
[    ] Building /root/verify1002/clang/lean4-src/stage0/src/../stdlib//Std/Sync.c
[    ] Building /root/verify1002/clang/lean4-src/stage0/src/../stdlib//Std/Sync/Barrier.c
[    ] Building /root/verify1002/clang/lean4-src/stage0/src/../stdlib//Std/Sync/Basic.c
[    ] Building /root/verify1002/clang/lean4-src/stage0/src/../stdlib//Std/Sync/Broadcast.c
[    ] Building /root/verify1002/clang/lean4-src/stage0/src/../stdlib//Std/Sync/Channel.c
[    ] Building /root/verify1002/clang/lean4-src/stage0/src/../stdlib//Std/Sync/CancellationToken.c
[    ] Building /root/verify1002/clang/lean4-src/stage0/src/../stdlib//Std/Sync/Notify.c
[    ] Building /root/verify1002/clang/lean4-src/stage0/src/../stdlib//Std/Sync/RecursiveMutex.c
[    ] Building /root/verify1002/clang/lean4-src/stage0/src/../stdlib//Std/Sync/SharedMutex.c
[    ] Building /root/verify1002/clang/lean4-src/stage0/src/../stdlib//Std/Sync/StreamMap.c
[    ] Building /root/verify1002/clang/lean4-src/stage0/src/../stdlib//Std/Tactic.c
[    ] Building /root/verify1002/clang/lean4-src/stage0/src/../stdlib//Std/Tactic/BVDecide.c
[    ] Building /root/verify1002/clang/lean4-src/stage0/src/../stdlib//Std/Tactic/BVDecide/Bitblast.c
[    ] Building /root/verify1002/clang/lean4-src/stage0/src/../stdlib//Std/Tactic/BVDecide/Bitblast/BVExpr.c
[    ] Building /root/verify1002/clang/lean4-src/stage0/src/../stdlib//Std/Tactic/BVDecide/Bitblast/BVExpr/Basic.c
[    ] Building /root/verify1002/clang/lean4-src/stage0/src/../stdlib//Std/Tactic/BVDecide/Bitblast/BVExpr/Circuit.c
[    ] Building /root/verify1002/clang/lean4-src/stage0/src/../stdlib//Std/Tactic/BVDecide/Bitblast/BVExpr/Circuit/Impl/Carry.c
[    ] Building /root/verify1002/clang/lean4-src/stage0/src/../stdlib//Std/Tactic/BVDecide/Bitblast/BVExpr/Circuit/Impl.c
[    ] Building /root/verify1002/clang/lean4-src/stage0/src/../stdlib//Std/Tactic/BVDecide/Bitblast/BVExpr/Circuit/Impl/Expr.c
[    ] Building /root/verify1002/clang/lean4-src/stage0/src/../stdlib//Std/Tactic/BVDecide/Bitblast/BVExpr/Circuit/Impl/Operations/Add.c
[    ] Building /root/verify1002/clang/lean4-src/stage0/src/../stdlib//Std/Tactic/BVDecide/Bitblast/BVExpr/Circuit/Impl/Const.c
[    ] Building /root/verify1002/clang/lean4-src/stage0/src/../stdlib//Std/Tactic/BVDecide/Bitblast/BVExpr/Circuit/Impl/Operations/Clz.c
[    ] Building /root/verify1002/clang/lean4-src/stage0/src/../stdlib//Std/Tactic/BVDecide/Bitblast/BVExpr/Circuit/Impl/Operations/Append.c
[    ] Building /root/verify1002/clang/lean4-src/stage0/src/../stdlib//Std/Tactic/BVDecide/Bitblast/BVExpr/Circuit/Impl/Operations/Eq.c
[    ] Building /root/verify1002/clang/lean4-src/stage0/src/../stdlib//Std/Tactic/BVDecide/Bitblast/BVExpr/Circuit/Impl/Operations/Extract.c
[    ] Building /root/verify1002/clang/lean4-src/stage0/src/../stdlib//Std/Tactic/BVDecide/Bitblast/BVExpr/Circuit/Impl/Operations/GetLsbD.c
[    ] Building /root/verify1002/clang/lean4-src/stage0/src/../stdlib//Std/Tactic/BVDecide/Bitblast/BVExpr/Circuit/Impl/Operations/Mul.c
[    ] Building /root/verify1002/clang/lean4-src/stage0/src/../stdlib//Std/Tactic/BVDecide/Bitblast/BVExpr/Circuit/Impl/Operations/Neg.c
[    ] Building /root/verify1002/clang/lean4-src/stage0/src/../stdlib//Std/Tactic/BVDecide/Bitblast/BVExpr/Circuit/Impl/Operations/Not.c
[    ] Building /root/verify1002/clang/lean4-src/stage0/src/../stdlib//Std/Tactic/BVDecide/Bitblast/BVExpr/Circuit/Impl/Operations/Replicate.c
[    ] Building /root/verify1002/clang/lean4-src/stage0/src/../stdlib//Std/Tactic/BVDecide/Bitblast/BVExpr/Circuit/Impl/Operations/Reverse.c
[    ] Building /root/verify1002/clang/lean4-src/stage0/src/../stdlib//Std/Tactic/BVDecide/Bitblast/BVExpr/Circuit/Impl/Operations/RotateLeft.c
[    ] Building /root/verify1002/clang/lean4-src/stage0/src/../stdlib//Std/Tactic/BVDecide/Bitblast/BVExpr/Circuit/Impl/Operations/RotateRight.c
[    ] Building /root/verify1002/clang/lean4-src/stage0/src/../stdlib//Std/Tactic/BVDecide/Bitblast/BVExpr/Circuit/Impl/Operations/ShiftLeft.c
[    ] Building /root/verify1002/clang/lean4-src/stage0/src/../stdlib//Std/Tactic/BVDecide/Bitblast/BVExpr/Circuit/Impl/Operations/ShiftRight.c
[    ] Building /root/verify1002/clang/lean4-src/stage0/src/../stdlib//Std/Tactic/BVDecide/Bitblast/BVExpr/Circuit/Impl/Operations/Udiv.c
[    ] Building /root/verify1002/clang/lean4-src/stage0/src/../stdlib//Std/Tactic/BVDecide/Bitblast/BVExpr/Circuit/Impl/Operations/Sub.c
[    ] Building /root/verify1002/clang/lean4-src/stage0/src/../stdlib//Std/Tactic/BVDecide/Bitblast/BVExpr/Circuit/Impl/Operations/Umod.c
[    ] Building /root/verify1002/clang/lean4-src/stage0/src/../stdlib//Std/Tactic/BVDecide/Bitblast/BVExpr/Circuit/Impl/Operations/Ult.c
[    ] Building /root/verify1002/clang/lean4-src/stage0/src/../stdlib//Std/Tactic/BVDecide/Bitblast/BVExpr/Circuit/Impl/Operations/ZeroExtend.c
[    ] Building /root/verify1002/clang/lean4-src/stage0/src/../stdlib//Std/Tactic/BVDecide/Bitblast/BVExpr/Circuit/Impl/Pred.c
[    ] Building /root/verify1002/clang/lean4-src/stage0/src/../stdlib//Std/Tactic/BVDecide/Bitblast/BVExpr/Circuit/Impl/Var.c
[    ] Building /root/verify1002/clang/lean4-src/stage0/src/../stdlib//Std/Tactic/BVDecide/Bitblast/BVExpr/Circuit/Impl/Substructure.c
[    ] Building /root/verify1002/clang/lean4-src/stage0/src/../stdlib//Std/Tactic/BVDecide/Bitblast/BVExpr/Circuit/Lemmas/Basic.c
[    ] Building /root/verify1002/clang/lean4-src/stage0/src/../stdlib//Std/Tactic/BVDecide/Bitblast/BVExpr/Circuit/Lemmas.c
[    ] Building /root/verify1002/clang/lean4-src/stage0/src/../stdlib//Std/Tactic/BVDecide/Bitblast/BVExpr/Circuit/Lemmas/Carry.c
[    ] Building /root/verify1002/clang/lean4-src/stage0/src/../stdlib//Std/Tactic/BVDecide/Bitblast/BVExpr/Circuit/Lemmas/Const.c
[    ] Building /root/verify1002/clang/lean4-src/stage0/src/../stdlib//Std/Tactic/BVDecide/Bitblast/BVExpr/Circuit/Lemmas/Expr.c
[    ] Building /root/verify1002/clang/lean4-src/stage0/src/../stdlib//Std/Tactic/BVDecide/Bitblast/BVExpr/Circuit/Lemmas/Operations/Add.c
[    ] Building /root/verify1002/clang/lean4-src/stage0/src/../stdlib//Std/Tactic/BVDecide/Bitblast/BVExpr/Circuit/Lemmas/Operations/Append.c
[    ] Building /root/verify1002/clang/lean4-src/stage0/src/../stdlib//Std/Tactic/BVDecide/Bitblast/BVExpr/Circuit/Lemmas/Operations/Clz.c
[    ] Building /root/verify1002/clang/lean4-src/stage0/src/../stdlib//Std/Tactic/BVDecide/Bitblast/BVExpr/Circuit/Lemmas/Operations/Eq.c
[    ] Building /root/verify1002/clang/lean4-src/stage0/src/../stdlib//Std/Tactic/BVDecide/Bitblast/BVExpr/Circuit/Lemmas/Operations/Extract.c
[    ] Building /root/verify1002/clang/lean4-src/stage0/src/../stdlib//Std/Tactic/BVDecide/Bitblast/BVExpr/Circuit/Lemmas/Operations/GetLsbD.c
[    ] Building /root/verify1002/clang/lean4-src/stage0/src/../stdlib//Std/Tactic/BVDecide/Bitblast/BVExpr/Circuit/Lemmas/Operations/Mul.c
[    ] Building /root/verify1002/clang/lean4-src/stage0/src/../stdlib//Std/Tactic/BVDecide/Bitblast/BVExpr/Circuit/Lemmas/Operations/Not.c
[    ] Building /root/verify1002/clang/lean4-src/stage0/src/../stdlib//Std/Tactic/BVDecide/Bitblast/BVExpr/Circuit/Lemmas/Operations/Neg.c
[    ] Building /root/verify1002/clang/lean4-src/stage0/src/../stdlib//Std/Tactic/BVDecide/Bitblast/BVExpr/Circuit/Lemmas/Operations/Reverse.c
[    ] Building /root/verify1002/clang/lean4-src/stage0/src/../stdlib//Std/Tactic/BVDecide/Bitblast/BVExpr/Circuit/Lemmas/Operations/Replicate.c
[    ] Building /root/verify1002/clang/lean4-src/stage0/src/../stdlib//Std/Tactic/BVDecide/Bitblast/BVExpr/Circuit/Lemmas/Operations/RotateLeft.c
[    ] Building /root/verify1002/clang/lean4-src/stage0/src/../stdlib//Std/Tactic/BVDecide/Bitblast/BVExpr/Circuit/Lemmas/Operations/RotateRight.c
[    ] Building /root/verify1002/clang/lean4-src/stage0/src/../stdlib//Std/Tactic/BVDecide/Bitblast/BVExpr/Circuit/Lemmas/Operations/ShiftLeft.c
[    ] Building /root/verify1002/clang/lean4-src/stage0/src/../stdlib//Std/Tactic/BVDecide/Bitblast/BVExpr/Circuit/Lemmas/Operations/ShiftRight.c
[    ] Building /root/verify1002/clang/lean4-src/stage0/src/../stdlib//Std/Tactic/BVDecide/Bitblast/BVExpr/Circuit/Lemmas/Operations/Sub.c
[    ] Building /root/verify1002/clang/lean4-src/stage0/src/../stdlib//Std/Tactic/BVDecide/Bitblast/BVExpr/Circuit/Lemmas/Operations/Udiv.c
[    ] Building /root/verify1002/clang/lean4-src/stage0/src/../stdlib//Std/Tactic/BVDecide/Bitblast/BVExpr/Circuit/Lemmas/Operations/Ult.c
[    ] Building /root/verify1002/clang/lean4-src/stage0/src/../stdlib//Std/Tactic/BVDecide/Bitblast/BVExpr/Circuit/Lemmas/Operations/Umod.c
[    ] Building /root/verify1002/clang/lean4-src/stage0/src/../stdlib//Std/Tactic/BVDecide/Bitblast/BVExpr/Circuit/Lemmas/Pred.c
[    ] Building /root/verify1002/clang/lean4-src/stage0/src/../stdlib//Std/Tactic/BVDecide/Bitblast/BVExpr/Circuit/Lemmas/Operations/ZeroExtend.c
[    ] Building /root/verify1002/clang/lean4-src/stage0/src/../stdlib//Std/Tactic/BVDecide/Bitblast/BVExpr/Circuit/Lemmas/Var.c
[    ] Building /root/verify1002/clang/lean4-src/stage0/src/../stdlib//Std/Tactic/BVDecide/Bitblast/BoolExpr.c
[    ] Building /root/verify1002/clang/lean4-src/stage0/src/../stdlib//Std/Tactic/BVDecide/Bitblast/BoolExpr/Basic.c
[    ] Building /root/verify1002/clang/lean4-src/stage0/src/../stdlib//Std/Tactic/BVDecide/LRAT/Actions.c
[    ] Building /root/verify1002/clang/lean4-src/stage0/src/../stdlib//Std/Tactic/BVDecide/LRAT.c
[    ] Building /root/verify1002/clang/lean4-src/stage0/src/../stdlib//Std/Tactic/BVDecide/LRAT/Checker.c
[    ] Building /root/verify1002/clang/lean4-src/stage0/src/../stdlib//Std/Tactic/BVDecide/LRAT/Internal/Actions.c
[    ] Building /root/verify1002/clang/lean4-src/stage0/src/../stdlib//Std/Tactic/BVDecide/LRAT/Internal/Assignment.c
[    ] Building /root/verify1002/clang/lean4-src/stage0/src/../stdlib//Std/Tactic/BVDecide/LRAT/Internal/CNF.c
[    ] Building /root/verify1002/clang/lean4-src/stage0/src/../stdlib//Std/Tactic/BVDecide/LRAT/Internal/Convert.c
[    ] Building /root/verify1002/clang/lean4-src/stage0/src/../stdlib//Std/Tactic/BVDecide/LRAT/Internal/Entails.c
[    ] Building /root/verify1002/clang/lean4-src/stage0/src/../stdlib//Std/Tactic/BVDecide/LRAT/Internal/Clause.c
[    ] Building /root/verify1002/clang/lean4-src/stage0/src/../stdlib//Std/Tactic/BVDecide/LRAT/Internal/Formula/Implementation.c
[    ] Building /root/verify1002/clang/lean4-src/stage0/src/../stdlib//Std/Tactic/BVDecide/LRAT/Internal/Formula/Class.c
[    ] Building /root/verify1002/clang/lean4-src/stage0/src/../stdlib//Std/Tactic/BVDecide/LRAT/Internal/Formula.c
[    ] Building /root/verify1002/clang/lean4-src/stage0/src/../stdlib//Std/Tactic/BVDecide/LRAT/Internal/Formula/Instance.c
[    ] Building /root/verify1002/clang/lean4-src/stage0/src/../stdlib//Std/Tactic/BVDecide/LRAT/Internal/Formula/Lemmas.c
[    ] Building /root/verify1002/clang/lean4-src/stage0/src/../stdlib//Std/Tactic/BVDecide/LRAT/Internal/Formula/RatAddSound.c
[    ] Building /root/verify1002/clang/lean4-src/stage0/src/../stdlib//Std/Tactic/BVDecide/LRAT/Internal/Formula/RatAddResult.c
[    ] Building /root/verify1002/clang/lean4-src/stage0/src/../stdlib//Std/Tactic/BVDecide/LRAT/Internal/Formula/RupAddSound.c
[    ] Building /root/verify1002/clang/lean4-src/stage0/src/../stdlib//Std/Tactic/BVDecide/LRAT/Internal/Formula/RupAddResult.c
[    ] Building /root/verify1002/clang/lean4-src/stage0/src/../stdlib//Std/Tactic/BVDecide/LRAT/Internal/LRATChecker.c
[    ] Building /root/verify1002/clang/lean4-src/stage0/src/../stdlib//Std/Tactic/BVDecide/LRAT/Internal/LRATCheckerSound.c
[    ] Building /root/verify1002/clang/lean4-src/stage0/src/../stdlib//Std/Tactic/BVDecide/LRAT/Internal/PosFin.c
[    ] Building /root/verify1002/clang/lean4-src/stage0/src/../stdlib//Std/Tactic/BVDecide/LRAT/Parser.c
[    ] Building /root/verify1002/clang/lean4-src/stage0/src/../stdlib//Std/Tactic/BVDecide/Normalize.c
[    ] Building /root/verify1002/clang/lean4-src/stage0/src/../stdlib//Std/Tactic/BVDecide/Normalize/BitVec.c
[    ] Building /root/verify1002/clang/lean4-src/stage0/src/../stdlib//Std/Tactic/BVDecide/Normalize/Bool.c
[    ] Building /root/verify1002/clang/lean4-src/stage0/src/../stdlib//Std/Tactic/BVDecide/Normalize/Canonicalize.c
[    ] Building /root/verify1002/clang/lean4-src/stage0/src/../stdlib//Std/Tactic/BVDecide/Normalize/Equal.c
[    ] Building /root/verify1002/clang/lean4-src/stage0/src/../stdlib//Std/Tactic/BVDecide/Normalize/Prop.c
[    ] Building /root/verify1002/clang/lean4-src/stage0/src/../stdlib//Std/Tactic/BVDecide/Reflect.c
[    ] Building /root/verify1002/clang/lean4-src/stage0/src/../stdlib//Std/Tactic/BVDecide/Syntax.c
[    ] Building /root/verify1002/clang/lean4-src/stage0/src/../stdlib//Std/Tactic/Do.c
[    ] Building /root/verify1002/clang/lean4-src/stage0/src/../stdlib//Std/Tactic/Do/Syntax.c
[    ] Building /root/verify1002/clang/lean4-src/stage0/src/../stdlib//Std/Tactic/Do/ProofMode.c
[    ] Building /root/verify1002/clang/lean4-src/stage0/src/../stdlib//Std/Time.c
[    ] Building /root/verify1002/clang/lean4-src/stage0/src/../stdlib//Std/Time/Date.c
[    ] Building /root/verify1002/clang/lean4-src/stage0/src/../stdlib//Std/Time/Date/Basic.c
[    ] Building /root/verify1002/clang/lean4-src/stage0/src/../stdlib//Std/Time/Date/PlainDate.c
[    ] Building /root/verify1002/clang/lean4-src/stage0/src/../stdlib//Std/Time/Date/Unit/Basic.c
[    ] Building /root/verify1002/clang/lean4-src/stage0/src/../stdlib//Std/Time/Date/Unit/Day.c
[    ] Building /root/verify1002/clang/lean4-src/stage0/src/../stdlib//Std/Time/Date/Unit/Month.c
[    ] Building /root/verify1002/clang/lean4-src/stage0/src/../stdlib//Std/Time/Date/Unit/Weekday.c
[    ] Building /root/verify1002/clang/lean4-src/stage0/src/../stdlib//Std/Time/Date/Unit/Week.c
[    ] Building /root/verify1002/clang/lean4-src/stage0/src/../stdlib//Std/Time/Date/ValidDate.c
[    ] Building /root/verify1002/clang/lean4-src/stage0/src/../stdlib//Std/Time/Date/Unit/Year.c
[    ] Building /root/verify1002/clang/lean4-src/stage0/src/../stdlib//Std/Time/DateTime.c
[    ] Building /root/verify1002/clang/lean4-src/stage0/src/../stdlib//Std/Time/DateTime/PlainDateTime.c
[    ] Building /root/verify1002/clang/lean4-src/stage0/src/../stdlib//Std/Time/DateTime/Timestamp.c
[    ] Building /root/verify1002/clang/lean4-src/stage0/src/../stdlib//Std/Time/Format/Basic.c
[    ] Building /root/verify1002/clang/lean4-src/stage0/src/../stdlib//Std/Time/Format.c
[    ] Building /root/verify1002/clang/lean4-src/stage0/src/../stdlib//Std/Time/Duration.c
[    ] Building /root/verify1002/clang/lean4-src/stage0/src/../stdlib//Std/Time/Internal.c
[    ] Building /root/verify1002/clang/lean4-src/stage0/src/../stdlib//Std/Time/Internal/Bounded.c
[    ] Building /root/verify1002/clang/lean4-src/stage0/src/../stdlib//Std/Time/Internal/UnitVal.c
[    ] Building /root/verify1002/clang/lean4-src/stage0/src/../stdlib//Std/Time/Notation.c
[    ] Building /root/verify1002/clang/lean4-src/stage0/src/../stdlib//Std/Time/Notation/Spec.c
[    ] Building /root/verify1002/clang/lean4-src/stage0/src/../stdlib//Std/Time/Time.c
[    ] Building /root/verify1002/clang/lean4-src/stage0/src/../stdlib//Std/Time/Time/Basic.c
[    ] Building /root/verify1002/clang/lean4-src/stage0/src/../stdlib//Std/Time/Time/HourMarker.c
[    ] Building /root/verify1002/clang/lean4-src/stage0/src/../stdlib//Std/Time/Time/PlainTime.c
[    ] Building /root/verify1002/clang/lean4-src/stage0/src/../stdlib//Std/Time/Time/Unit/Basic.c
[    ] Building /root/verify1002/clang/lean4-src/stage0/src/../stdlib//Std/Time/Time/Unit/Hour.c
[    ] Building /root/verify1002/clang/lean4-src/stage0/src/../stdlib//Std/Time/Time/Unit/Millisecond.c
[    ] Building /root/verify1002/clang/lean4-src/stage0/src/../stdlib//Std/Time/Time/Unit/Minute.c
[    ] Building /root/verify1002/clang/lean4-src/stage0/src/../stdlib//Std/Time/Time/Unit/Nanosecond.c
[    ] Building /root/verify1002/clang/lean4-src/stage0/src/../stdlib//Std/Time/Time/Unit/Second.c
[    ] Building /root/verify1002/clang/lean4-src/stage0/src/../stdlib//Std/Time/Zoned.c
[    ] Building /root/verify1002/clang/lean4-src/stage0/src/../stdlib//Std/Time/Zoned/Database.c
[    ] Building /root/verify1002/clang/lean4-src/stage0/src/../stdlib//Std/Time/Zoned/Database/Basic.c
[    ] Building /root/verify1002/clang/lean4-src/stage0/src/../stdlib//Std/Time/Zoned/Database/TZdb.c
[    ] Building /root/verify1002/clang/lean4-src/stage0/src/../stdlib//Std/Time/Zoned/Database/TzIf.c
[    ] Building /root/verify1002/clang/lean4-src/stage0/src/../stdlib//Std/Time/Zoned/Database/Windows.c
[    ] Building /root/verify1002/clang/lean4-src/stage0/src/../stdlib//Std/Time/Zoned/DateTime.c
[    ] Building /root/verify1002/clang/lean4-src/stage0/src/../stdlib//Std/Time/Zoned/Offset.c
[    ] Building /root/verify1002/clang/lean4-src/stage0/src/../stdlib//Std/Time/Zoned/TimeZone.c
[    ] Building /root/verify1002/clang/lean4-src/stage0/src/../stdlib//Std/Time/Zoned/ZoneRules.c
[    ] Building /root/verify1002/clang/lean4-src/stage0/src/../stdlib//Std/Time/Zoned/ZonedDateTime.c
[    ] Building /root/verify1002/clang/lean4-src/stage0/src/../stdlib//Std.c
[    ] Building /root/verify1002/clang/lean4-src/stage0/src/../stdlib//Lean/AddDecl.c
[    ] Building /root/verify1002/clang/lean4-src/stage0/src/../stdlib//Lean/Attributes.c
[    ] Building /root/verify1002/clang/lean4-src/stage0/src/../stdlib//Lean/AuxRecursor.c
[    ] Building /root/verify1002/clang/lean4-src/stage0/src/../stdlib//Lean/BuiltinDocAttr.c
[    ] Building /root/verify1002/clang/lean4-src/stage0/src/../stdlib//Lean/Class.c
[    ] Building /root/verify1002/clang/lean4-src/stage0/src/../stdlib//Lean/Compiler.c
[    ] Building /root/verify1002/clang/lean4-src/stage0/src/../stdlib//Lean/Compiler/BorrowedAnnotation.c
[    ] Building /root/verify1002/clang/lean4-src/stage0/src/../stdlib//Lean/Compiler/CSimpAttr.c
[    ] Building /root/verify1002/clang/lean4-src/stage0/src/../stdlib//Lean/Compiler/ClosedTermCache.c
[    ] Building /root/verify1002/clang/lean4-src/stage0/src/../stdlib//Lean/Compiler/ExportAttr.c
[    ] Building /root/verify1002/clang/lean4-src/stage0/src/../stdlib//Lean/Compiler/ExternAttr.c
[    ] Building /root/verify1002/clang/lean4-src/stage0/src/../stdlib//Lean/Compiler/FFI.c
[    ] Building /root/verify1002/clang/lean4-src/stage0/src/../stdlib//Lean/Compiler/IR.c
[    ] Building /root/verify1002/clang/lean4-src/stage0/src/../stdlib//Lean/Compiler/IR/AddExtern.c
[    ] Building /root/verify1002/clang/lean4-src/stage0/src/../stdlib//Lean/Compiler/IR/Basic.c
[    ] Building /root/verify1002/clang/lean4-src/stage0/src/../stdlib//Lean/Compiler/IR/Borrow.c
[    ] Building /root/verify1002/clang/lean4-src/stage0/src/../stdlib//Lean/Compiler/IR/Boxing.c
[    ] Building /root/verify1002/clang/lean4-src/stage0/src/../stdlib//Lean/Compiler/IR/Checker.c
[    ] Building /root/verify1002/clang/lean4-src/stage0/src/../stdlib//Lean/Compiler/IR/ElimDeadVars.c
[    ] Building /root/verify1002/clang/lean4-src/stage0/src/../stdlib//Lean/Compiler/IR/EmitC.c
[    ] Building /root/verify1002/clang/lean4-src/stage0/src/../stdlib//Lean/Compiler/IR/CompilerM.c
[    ] Building /root/verify1002/clang/lean4-src/stage0/src/../stdlib//Lean/Compiler/IR/EmitLLVM.c
[    ] Building /root/verify1002/clang/lean4-src/stage0/src/../stdlib//Lean/Compiler/LCNF/FVarUtil.c
[    ] Building /root/verify1002/clang/lean4-src/stage0/src/../stdlib//Lean/Compiler/IR/EmitUtil.c
[    ] Building /root/verify1002/clang/lean4-src/stage0/src/../stdlib//Lean/Compiler/IR/ExpandResetReuse.c
[    ] Building /root/verify1002/clang/lean4-src/stage0/src/../stdlib//Lean/Compiler/IR/Format.c
[    ] Building /root/verify1002/clang/lean4-src/stage0/src/../stdlib//Lean/Compiler/IR/FreeVars.c
[    ] Building /root/verify1002/clang/lean4-src/stage0/src/../stdlib//Lean/Compiler/IR/LLVMBindings.c
[    ] Building /root/verify1002/clang/lean4-src/stage0/src/../stdlib//Lean/Compiler/LCNF/PassManager.c
[    ] Building /root/verify1002/clang/lean4-src/stage0/src/../stdlib//Lean/Compiler/IR/LiveVars.c
[    ] Building /root/verify1002/clang/lean4-src/stage0/src/../stdlib//Lean/Compiler/LCNF/Probing.c
[    ] Building /root/verify1002/clang/lean4-src/stage0/src/../stdlib//Lean/Compiler/IR/Meta.c
[    ] Building /root/verify1002/clang/lean4-src/stage0/src/../stdlib//Lean/Compiler/IR/NormIds.c
[    ] Building /root/verify1002/clang/lean4-src/stage0/src/../stdlib//Lean/Compiler/IR/PushProj.c
[    ] Building /root/verify1002/clang/lean4-src/stage0/src/../stdlib//Lean/Compiler/IR/ResetReuse.c
[    ] Building /root/verify1002/clang/lean4-src/stage0/src/../stdlib//Lean/Compiler/IR/RC.c
[    ] Building /root/verify1002/clang/lean4-src/stage0/src/../stdlib//Lean/Compiler/IR/SimpCase.c
[    ] Building /root/verify1002/clang/lean4-src/stage0/src/../stdlib//Lean/Compiler/IR/Sorry.c
[    ] Building /root/verify1002/clang/lean4-src/stage0/src/../stdlib//Lean/Compiler/IR/ToIRType.c
[    ] Building /root/verify1002/clang/lean4-src/stage0/src/../stdlib//Lean/Compiler/LCNF/Simp/SimpM.c
[    ] Building /root/verify1002/clang/lean4-src/stage0/src/../stdlib//Lean/Compiler/IR/ToIR.c
[    ] Building /root/verify1002/clang/lean4-src/stage0/src/../stdlib//Lean/Compiler/IR/Toposort.c
[    ] Building /root/verify1002/clang/lean4-src/stage0/src/../stdlib//Lean/Compiler/IR/UnboxResult.c
[    ] Building /root/verify1002/clang/lean4-src/stage0/src/../stdlib//Lean/Compiler/ImplementedByAttr.c
[    ] Building /root/verify1002/clang/lean4-src/stage0/src/../stdlib//Lean/Compiler/InitAttr.c
[    ] Building /root/verify1002/clang/lean4-src/stage0/src/../stdlib//Lean/Compiler/InlineAttrs.c
[    ] Building /root/verify1002/clang/lean4-src/stage0/src/../stdlib//Lean/Compiler/LCNF.c
[    ] Building /root/verify1002/clang/lean4-src/stage0/src/../stdlib//Lean/Compiler/LCNF/AlphaEqv.c
[    ] Building /root/verify1002/clang/lean4-src/stage0/src/../stdlib//Lean/Compiler/LCNF/AuxDeclCache.c
[    ] Building /root/verify1002/clang/lean4-src/stage0/src/../stdlib//Lean/Compiler/LCNF/BaseTypes.c
[    ] Building /root/verify1002/clang/lean4-src/stage0/src/../stdlib//Lean/Compiler/LCNF/Basic.c
[    ] Building /root/verify1002/clang/lean4-src/stage0/src/../stdlib//Lean/Compiler/LCNF/Bind.c
[    ] Building /root/verify1002/clang/lean4-src/stage0/src/../stdlib//Lean/Compiler/LCNF/CSE.c
[    ] Building /root/verify1002/clang/lean4-src/stage0/src/../stdlib//Lean/Compiler/LCNF/Closure.c
[    ] Building /root/verify1002/clang/lean4-src/stage0/src/../stdlib//Lean/Compiler/LCNF/CompatibleTypes.c
[    ] Building /root/verify1002/clang/lean4-src/stage0/src/../stdlib//Lean/Compiler/LCNF/Check.c
[    ] Building /root/verify1002/clang/lean4-src/stage0/src/../stdlib//Lean/Compiler/LCNF/CompilerM.c
[    ] Building /root/verify1002/clang/lean4-src/stage0/src/../stdlib//Lean/Compiler/LCNF/DeclHash.c
[    ] Building /root/verify1002/clang/lean4-src/stage0/src/../stdlib//Lean/Compiler/LCNF/ConfigOptions.c
[    ] Building /root/verify1002/clang/lean4-src/stage0/src/../stdlib//Lean/Compiler/LCNF/DependsOn.c
[    ] Building /root/verify1002/clang/lean4-src/stage0/src/../stdlib//Lean/Compiler/LCNF/ElimDead.c
[    ] Building /root/verify1002/clang/lean4-src/stage0/src/../stdlib//Lean/Compiler/LCNF/ElimDeadBranches.c
[    ] Building /root/verify1002/clang/lean4-src/stage0/src/../stdlib//Lean/Data/Lsp/BasicAux.c
[    ] Building /root/verify1002/clang/lean4-src/stage0/src/../stdlib//Lean/Compiler/LCNF/ExtractClosed.c
[    ] Building /root/verify1002/clang/lean4-src/stage0/src/../stdlib//Lean/Compiler/LCNF/FixedParams.c
[    ] Building /root/verify1002/clang/lean4-src/stage0/src/../stdlib//Lean/Compiler/LCNF/FloatLetIn.c
[    ] Building /root/verify1002/clang/lean4-src/stage0/src/../stdlib//Lean/Compiler/LCNF/InferType.c
[    ] Building /root/verify1002/clang/lean4-src/stage0/src/../stdlib//Lean/Compiler/LCNF/Internalize.c
[    ] Building /root/verify1002/clang/lean4-src/stage0/src/../stdlib//Lean/Compiler/LCNF/Irrelevant.c
[    ] Building /root/verify1002/clang/lean4-src/stage0/src/../stdlib//Lean/Compiler/LCNF/JoinPoints.c
[    ] Building /root/verify1002/clang/lean4-src/stage0/src/../stdlib//Lean/Compiler/LCNF/LambdaLifting.c
[    ] Building /root/verify1002/clang/lean4-src/stage0/src/../stdlib//Lean/Compiler/LCNF/LCtx.c
[    ] Building /root/verify1002/clang/lean4-src/stage0/src/../stdlib//Lean/Compiler/LCNF/Level.c
[    ] Building /root/verify1002/clang/lean4-src/stage0/src/../stdlib//Lean/Compiler/LCNF/Main.c
[    ] Building /root/verify1002/clang/lean4-src/stage0/src/../stdlib//Lean/Compiler/LCNF/MonadScope.c
[    ] Building /root/verify1002/clang/lean4-src/stage0/src/../stdlib//Lean/Compiler/LCNF/MonoTypes.c
[    ] Building /root/verify1002/clang/lean4-src/stage0/src/../stdlib//Lean/Compiler/LCNF/OtherDecl.c
[    ] Building /root/verify1002/clang/lean4-src/stage0/src/../stdlib//Lean/Compiler/LCNF/Passes.c
[    ] Building /root/verify1002/clang/lean4-src/stage0/src/../stdlib//Lean/Compiler/LCNF/PhaseExt.c
[    ] Building /root/verify1002/clang/lean4-src/stage0/src/../stdlib//Lean/Compiler/LCNF/PrettyPrinter.c
[    ] Building /root/verify1002/clang/lean4-src/stage0/src/../stdlib//Lean/Compiler/LCNF/PullFunDecls.c
[    ] Building /root/verify1002/clang/lean4-src/stage0/src/../stdlib//Lean/Compiler/LCNF/PullLetDecls.c
[    ] Building /root/verify1002/clang/lean4-src/stage0/src/../stdlib//Lean/Compiler/LCNF/ReduceArity.c
[    ] Building /root/verify1002/clang/lean4-src/stage0/src/../stdlib//Lean/Compiler/LCNF/ReduceJpArity.c
[    ] Building /root/verify1002/clang/lean4-src/stage0/src/../stdlib//Lean/Compiler/LCNF/Renaming.c
[    ] Building /root/verify1002/clang/lean4-src/stage0/src/../stdlib//Lean/Compiler/LCNF/Simp.c
[    ] Building /root/verify1002/clang/lean4-src/stage0/src/../stdlib//Lean/Elab/Arg.c
[    ] Building /root/verify1002/clang/lean4-src/stage0/src/../stdlib//Lean/Compiler/LCNF/ScopeM.c
[    ] Building /root/verify1002/clang/lean4-src/stage0/src/../stdlib//Lean/Compiler/LCNF/Simp/Basic.c
[    ] Building /root/verify1002/clang/lean4-src/stage0/src/../stdlib//Lean/Compiler/LCNF/Simp/Config.c
[    ] Building /root/verify1002/clang/lean4-src/stage0/src/../stdlib//Lean/Elab/BuiltinEvalCommand.c
[    ] Building /root/verify1002/clang/lean4-src/stage0/src/../stdlib//Lean/Compiler/LCNF/Simp/ConstantFold.c
[    ] Building /root/verify1002/clang/lean4-src/stage0/src/../stdlib//Lean/Compiler/LCNF/Simp/DefaultAlt.c
[    ] Building /root/verify1002/clang/lean4-src/stage0/src/../stdlib//Lean/Compiler/LCNF/Simp/DiscrM.c
[    ] Building /root/verify1002/clang/lean4-src/stage0/src/../stdlib//Lean/Compiler/LCNF/Simp/FunDeclInfo.c
[    ] Building /root/verify1002/clang/lean4-src/stage0/src/../stdlib//Lean/Compiler/LCNF/Simp/InlineCandidate.c
[    ] Building /root/verify1002/clang/lean4-src/stage0/src/../stdlib//Lean/Compiler/LCNF/Simp/InlineProj.c
[    ] Building /root/verify1002/clang/lean4-src/stage0/src/../stdlib//Lean/Compiler/LCNF/Simp/JpCases.c
[    ] Building /root/verify1002/clang/lean4-src/stage0/src/../stdlib//Lean/Compiler/LCNF/Simp/Main.c
[    ] Building /root/verify1002/clang/lean4-src/stage0/src/../stdlib//Lean/Elab/Deriving.c
[    ] Building /root/verify1002/clang/lean4-src/stage0/src/../stdlib//Lean/Compiler/LCNF/Simp/SimpValue.c
[    ] Building /root/verify1002/clang/lean4-src/stage0/src/../stdlib//Lean/Compiler/LCNF/Simp/Used.c
[    ] Building /root/verify1002/clang/lean4-src/stage0/src/../stdlib//Lean/Compiler/LCNF/SpecInfo.c
[    ] Building /root/verify1002/clang/lean4-src/stage0/src/../stdlib//Lean/Compiler/LCNF/Specialize.c
[    ] Building /root/verify1002/clang/lean4-src/stage0/src/../stdlib//Lean/Compiler/LCNF/StructProjCases.c
[    ] Building /root/verify1002/clang/lean4-src/stage0/src/../stdlib//Lean/Compiler/LCNF/Testing.c
[    ] Building /root/verify1002/clang/lean4-src/stage0/src/../stdlib//Lean/Compiler/LCNF/ToDecl.c
[    ] Building /root/verify1002/clang/lean4-src/stage0/src/../stdlib//Lean/Compiler/LCNF/ToExpr.c
[    ] Building /root/verify1002/clang/lean4-src/stage0/src/../stdlib//Lean/Compiler/LCNF/ToLCNF.c
[    ] Building /root/verify1002/clang/lean4-src/stage0/src/../stdlib//Lean/Compiler/LCNF/ToMono.c
[    ] Building /root/verify1002/clang/lean4-src/stage0/src/../stdlib//Lean/Compiler/LCNF/Types.c
[    ] Building /root/verify1002/clang/lean4-src/stage0/src/../stdlib//Lean/Compiler/LCNF/Util.c
[    ] Building /root/verify1002/clang/lean4-src/stage0/src/../stdlib//Lean/Compiler/Main.c
[    ] Building /root/verify1002/clang/lean4-src/stage0/src/../stdlib//Lean/Compiler/LCNF/Visibility.c
[    ] Building /root/verify1002/clang/lean4-src/stage0/src/../stdlib//Lean/Compiler/MetaAttr.c
[    ] Building /root/verify1002/clang/lean4-src/stage0/src/../stdlib//Lean/Compiler/ModPkgExt.c
[    ] Building /root/verify1002/clang/lean4-src/stage0/src/../stdlib//Lean/Compiler/NameMangling.c
[    ] Building /root/verify1002/clang/lean4-src/stage0/src/../stdlib//Lean/Compiler/NeverExtractAttr.c
[    ] Building /root/verify1002/clang/lean4-src/stage0/src/../stdlib//Lean/Compiler/NoncomputableAttr.c
[    ] Building /root/verify1002/clang/lean4-src/stage0/src/../stdlib//Lean/Compiler/Old.c
[    ] Building /root/verify1002/clang/lean4-src/stage0/src/../stdlib//Lean/Compiler/Options.c
[    ] Building /root/verify1002/clang/lean4-src/stage0/src/../stdlib//Lean/Compiler/Specialize.c
[    ] Building /root/verify1002/clang/lean4-src/stage0/src/../stdlib//Lean/CoreM.c
[    ] Building /root/verify1002/clang/lean4-src/stage0/src/../stdlib//Lean/Data.c
[    ] Building /root/verify1002/clang/lean4-src/stage0/src/../stdlib//Lean/Data/Array.c
[    ] Building /root/verify1002/clang/lean4-src/stage0/src/../stdlib//Lean/Data/AssocList.c
[    ] Building /root/verify1002/clang/lean4-src/stage0/src/../stdlib//Lean/Data/DeclarationRange.c
[    ] Building /root/verify1002/clang/lean4-src/stage0/src/../stdlib//Lean/Data/EditDistance.c
[    ] Building /root/verify1002/clang/lean4-src/stage0/src/../stdlib//Lean/Data/Format.c
[    ] Building /root/verify1002/clang/lean4-src/stage0/src/../stdlib//Lean/Data/FuzzyMatching.c
[    ] Building /root/verify1002/clang/lean4-src/stage0/src/../stdlib//Lean/Data/Json.c
[    ] Building /root/verify1002/clang/lean4-src/stage0/src/../stdlib//Lean/Data/Json/Basic.c
[    ] Building /root/verify1002/clang/lean4-src/stage0/src/../stdlib//Lean/Data/Json/Elab.c
[    ] Building /root/verify1002/clang/lean4-src/stage0/src/../stdlib//Lean/Data/Json/FromToJson.c
[    ] Building /root/verify1002/clang/lean4-src/stage0/src/../stdlib//Lean/Data/Json/FromToJson/Basic.c
[    ] Building /root/verify1002/clang/lean4-src/stage0/src/../stdlib//Lean/Data/Json/FromToJson/Extra.c
[    ] Building /root/verify1002/clang/lean4-src/stage0/src/../stdlib//Lean/Data/Json/Parser.c
[    ] Building /root/verify1002/clang/lean4-src/stage0/src/../stdlib//Lean/Data/Json/Printer.c
[    ] Building /root/verify1002/clang/lean4-src/stage0/src/../stdlib//Lean/Data/Json/Stream.c
[    ] Building /root/verify1002/clang/lean4-src/stage0/src/../stdlib//Lean/Data/JsonRpc.c
[    ] Building /root/verify1002/clang/lean4-src/stage0/src/../stdlib//Lean/Data/KVMap.c
[    ] Building /root/verify1002/clang/lean4-src/stage0/src/../stdlib//Lean/Data/LBool.c
[    ] Building /root/verify1002/clang/lean4-src/stage0/src/../stdlib//Lean/Data/LOption.c
[    ] Building /root/verify1002/clang/lean4-src/stage0/src/../stdlib//Lean/Data/Lsp.c
[    ] Building /root/verify1002/clang/lean4-src/stage0/src/../stdlib//Lean/Data/Lsp/Basic.c
[    ] Building /root/verify1002/clang/lean4-src/stage0/src/../stdlib//Lean/Data/Lsp/CancelParams.c
[    ] Building /root/verify1002/clang/lean4-src/stage0/src/../stdlib//Lean/Data/Lsp/Capabilities.c
[    ] Building /root/verify1002/clang/lean4-src/stage0/src/../stdlib//Lean/Data/Lsp/Client.c
[    ] Building /root/verify1002/clang/lean4-src/stage0/src/../stdlib//Lean/Data/Lsp/CodeActions.c
[    ] Building /root/verify1002/clang/lean4-src/stage0/src/../stdlib//Lean/Data/Lsp/Communication.c
[    ] Building /root/verify1002/clang/lean4-src/stage0/src/../stdlib//Lean/Data/Lsp/Diagnostics.c
[    ] Building /root/verify1002/clang/lean4-src/stage0/src/../stdlib//Lean/Data/Lsp/Extra.c
[    ] Building /root/verify1002/clang/lean4-src/stage0/src/../stdlib//Lean/Data/Lsp/InitShutdown.c
[    ] Building /root/verify1002/clang/lean4-src/stage0/src/../stdlib//Lean/Data/Lsp/Internal.c
[    ] Building /root/verify1002/clang/lean4-src/stage0/src/../stdlib//Lean/Data/Lsp/LanguageFeatures.c
[    ] Building /root/verify1002/clang/lean4-src/stage0/src/../stdlib//Lean/Data/Lsp/Ipc.c
[    ] Building /root/verify1002/clang/lean4-src/stage0/src/../stdlib//Lean/Data/Lsp/TextSync.c
[    ] Building /root/verify1002/clang/lean4-src/stage0/src/../stdlib//Lean/Data/Lsp/Utf16.c
[    ] Building /root/verify1002/clang/lean4-src/stage0/src/../stdlib//Lean/Data/Lsp/Window.c
[    ] Building /root/verify1002/clang/lean4-src/stage0/src/../stdlib//Lean/Data/Lsp/Workspace.c
[    ] Building /root/verify1002/clang/lean4-src/stage0/src/../stdlib//Lean/Data/Name.c
[    ] Building /root/verify1002/clang/lean4-src/stage0/src/../stdlib//Lean/Data/NameMap.c
[    ] Building /root/verify1002/clang/lean4-src/stage0/src/../stdlib//Lean/Data/NameMap/AdditionalOperations.c
[    ] Building /root/verify1002/clang/lean4-src/stage0/src/../stdlib//Lean/Data/NameMap/Basic.c
[    ] Building /root/verify1002/clang/lean4-src/stage0/src/../stdlib//Lean/Data/OpenDecl.c
[    ] Building /root/verify1002/clang/lean4-src/stage0/src/../stdlib//Lean/Data/NameTrie.c
[    ] Building /root/verify1002/clang/lean4-src/stage0/src/../stdlib//Lean/Data/Options.c
[    ] Building /root/verify1002/clang/lean4-src/stage0/src/../stdlib//Lean/Data/PersistentArray.c
[    ] Building /root/verify1002/clang/lean4-src/stage0/src/../stdlib//Lean/Data/PersistentHashMap.c
[    ] Building /root/verify1002/clang/lean4-src/stage0/src/../stdlib//Lean/Data/PersistentHashSet.c
[    ] Building /root/verify1002/clang/lean4-src/stage0/src/../stdlib//Lean/Data/Position.c
[    ] Building /root/verify1002/clang/lean4-src/stage0/src/../stdlib//Lean/Data/PrefixTree.c
[    ] Building /root/verify1002/clang/lean4-src/stage0/src/../stdlib//Lean/Data/RArray.c
[    ] Building /root/verify1002/clang/lean4-src/stage0/src/../stdlib//Lean/Data/RBMap.c
[    ] Building /root/verify1002/clang/lean4-src/stage0/src/../stdlib//Lean/Data/RBTree.c
[    ] Building /root/verify1002/clang/lean4-src/stage0/src/../stdlib//Lean/Data/SMap.c
[    ] Building /root/verify1002/clang/lean4-src/stage0/src/../stdlib//Lean/Data/SSet.c
[    ] Building /root/verify1002/clang/lean4-src/stage0/src/../stdlib//Lean/Data/Trie.c
[    ] Building /root/verify1002/clang/lean4-src/stage0/src/../stdlib//Lean/Data/Xml.c
[    ] Building /root/verify1002/clang/lean4-src/stage0/src/../stdlib//Lean/Data/Xml/Basic.c
[    ] Building /root/verify1002/clang/lean4-src/stage0/src/../stdlib//Lean/Data/Xml/Parser.c
[    ] Building /root/verify1002/clang/lean4-src/stage0/src/../stdlib//Lean/Declaration.c
[    ] Building /root/verify1002/clang/lean4-src/stage0/src/../stdlib//Lean/DeclarationRange.c
[    ] Building /root/verify1002/clang/lean4-src/stage0/src/../stdlib//Lean/DefEqAttrib.c
[    ] Building /root/verify1002/clang/lean4-src/stage0/src/../stdlib//Lean/DocString.c
[    ] Building /root/verify1002/clang/lean4-src/stage0/src/../stdlib//Lean/DocString/Add.c
[    ] Building /root/verify1002/clang/lean4-src/stage0/src/../stdlib//Lean/DocString/Extension.c
[    ] Building /root/verify1002/clang/lean4-src/stage0/src/../stdlib//Lean/DocString/Formatter.c
[    ] Building /root/verify1002/clang/lean4-src/stage0/src/../stdlib//Lean/DocString/Links.c
[    ] Building /root/verify1002/clang/lean4-src/stage0/src/../stdlib//Lean/DocString/Markdown.c
[    ] Building /root/verify1002/clang/lean4-src/stage0/src/../stdlib//Lean/DocString/Parser.c
[    ] Building /root/verify1002/clang/lean4-src/stage0/src/../stdlib//Lean/DocString/Syntax.c
[    ] Building /root/verify1002/clang/lean4-src/stage0/src/../stdlib//Lean/DocString/Types.c
[    ] Building /root/verify1002/clang/lean4-src/stage0/src/../stdlib//Lean/Elab.c
[    ] Building /root/verify1002/clang/lean4-src/stage0/src/../stdlib//Lean/Elab/App.c
[    ] Building /root/verify1002/clang/lean4-src/stage0/src/../stdlib//Lean/Elab/Attributes.c
[    ] Building /root/verify1002/clang/lean4-src/stage0/src/../stdlib//Lean/Elab/AutoBound.c
[    ] Building /root/verify1002/clang/lean4-src/stage0/src/../stdlib//Lean/Elab/AuxDef.c
[    ] Building /root/verify1002/clang/lean4-src/stage0/src/../stdlib//Lean/Elab/BinderPredicates.c
[    ] Building /root/verify1002/clang/lean4-src/stage0/src/../stdlib//Lean/Elab/Binders.c
[    ] Building /root/verify1002/clang/lean4-src/stage0/src/../stdlib//Lean/Elab/BindersUtil.c
[    ] Building /root/verify1002/clang/lean4-src/stage0/src/../stdlib//Lean/Elab/BuiltinCommand.c
[    ] Building /root/verify1002/clang/lean4-src/stage0/src/../stdlib//Lean/Elab/BuiltinNotation.c
[    ] Building /root/verify1002/clang/lean4-src/stage0/src/../stdlib//Lean/Elab/BuiltinTerm.c
[    ] Building /root/verify1002/clang/lean4-src/stage0/src/../stdlib//Lean/Elab/Calc.c
[    ] Building /root/verify1002/clang/lean4-src/stage0/src/../stdlib//Lean/Elab/CheckTactic.c
[    ] Building /root/verify1002/clang/lean4-src/stage0/src/../stdlib//Lean/Elab/Coinductive.c
[    ] Building /root/verify1002/clang/lean4-src/stage0/src/../stdlib//Lean/Elab/Command.c
[    ] Building /root/verify1002/clang/lean4-src/stage0/src/../stdlib//Lean/Elab/Command/Scope.c
[    ] Building /root/verify1002/clang/lean4-src/stage0/src/../stdlib//Lean/Elab/Command/WithWeakNamespace.c
[    ] Building /root/verify1002/clang/lean4-src/stage0/src/../stdlib//Lean/Elab/ComputedFields.c
[    ] Building /root/verify1002/clang/lean4-src/stage0/src/../stdlib//Lean/Elab/Config.c
[    ] Building /root/verify1002/clang/lean4-src/stage0/src/../stdlib//Lean/Elab/DeclModifiers.c
[    ] Building /root/verify1002/clang/lean4-src/stage0/src/../stdlib//Lean/Elab/DeclNameGen.c
[    ] Building /root/verify1002/clang/lean4-src/stage0/src/../stdlib//Lean/Elab/DeclUtil.c
[    ] Building /root/verify1002/clang/lean4-src/stage0/src/../stdlib//Lean/Elab/Declaration.c
[    ] Building /root/verify1002/clang/lean4-src/stage0/src/../stdlib//Lean/Elab/DeclarationRange.c
[    ] Building /root/verify1002/clang/lean4-src/stage0/src/../stdlib//Lean/Elab/DefView.c
[    ] Building /root/verify1002/clang/lean4-src/stage0/src/../stdlib//Lean/Elab/Deriving/DecEq.c
[    ] Building /root/verify1002/clang/lean4-src/stage0/src/../stdlib//Lean/Elab/Deriving/Basic.c
[    ] Building /root/verify1002/clang/lean4-src/stage0/src/../stdlib//Lean/Elab/Deriving/BEq.c
[    ] Building /root/verify1002/clang/lean4-src/stage0/src/../stdlib//Lean/Elab/Deriving/FromToJson.c
[    ] Building /root/verify1002/clang/lean4-src/stage0/src/../stdlib//Lean/Elab/Deriving/Hashable.c
[    ] Building /root/verify1002/clang/lean4-src/stage0/src/../stdlib//Lean/Elab/Deriving/Inhabited.c
[    ] Building /root/verify1002/clang/lean4-src/stage0/src/../stdlib//Lean/Elab/Deriving/Nonempty.c
[    ] Building /root/verify1002/clang/lean4-src/stage0/src/../stdlib//Lean/Elab/Deriving/LawfulBEq.c
[    ] Building /root/verify1002/clang/lean4-src/stage0/src/../stdlib//Lean/Elab/Deriving/Ord.c
[    ] Building /root/verify1002/clang/lean4-src/stage0/src/../stdlib//Lean/Elab/Deriving/ReflBEq.c
[    ] Building /root/verify1002/clang/lean4-src/stage0/src/../stdlib//Lean/Elab/Deriving/Repr.c
[    ] Building /root/verify1002/clang/lean4-src/stage0/src/../stdlib//Lean/Elab/Deriving/SizeOf.c
[    ] Building /root/verify1002/clang/lean4-src/stage0/src/../stdlib//Lean/Elab/Deriving/TypeName.c
[    ] Building /root/verify1002/clang/lean4-src/stage0/src/../stdlib//Lean/Elab/Deriving/ToExpr.c
[    ] Building /root/verify1002/clang/lean4-src/stage0/src/../stdlib//Lean/Elab/Do.c
[    ] Building /root/verify1002/clang/lean4-src/stage0/src/../stdlib//Lean/Elab/Deriving/Util.c
[    ] Building /root/verify1002/clang/lean4-src/stage0/src/../stdlib//Lean/Elab/Do/Basic.c
[    ] Building /root/verify1002/clang/lean4-src/stage0/src/../stdlib//Lean/Elab/Do/Legacy.c
[    ] Building /root/verify1002/clang/lean4-src/stage0/src/../stdlib//Lean/Elab/Do/Switch.c
[    ] Building /root/verify1002/clang/lean4-src/stage0/src/../stdlib//Lean/Elab/DocString.c
[    ] Building /root/verify1002/clang/lean4-src/stage0/src/../stdlib//Lean/Elab/DocString/Builtin.c
[    ] Building /root/verify1002/clang/lean4-src/stage0/src/../stdlib//Lean/Elab/DocString/Builtin/Keywords.c
[    ] Building /root/verify1002/clang/lean4-src/stage0/src/../stdlib//Lean/Elab/DocString/Builtin/Parsing.c
[    ] Building /root/verify1002/clang/lean4-src/stage0/src/../stdlib//Lean/Elab/DocString/Builtin/Scopes.c
[    ] Building /root/verify1002/clang/lean4-src/stage0/src/../stdlib//Lean/Elab/DocString/Builtin/Postponed.c
[    ] Building /root/verify1002/clang/lean4-src/stage0/src/../stdlib//Lean/Elab/ElabRules.c
[    ] Building /root/verify1002/clang/lean4-src/stage0/src/../stdlib//Lean/Elab/ErrorExplanation.c
[    ] Building /root/verify1002/clang/lean4-src/stage0/src/../stdlib//Lean/Elab/ErrorUtils.c
[    ] Building /root/verify1002/clang/lean4-src/stage0/src/../stdlib//Lean/Elab/Eval.c
[    ] Building /root/verify1002/clang/lean4-src/stage0/src/../stdlib//Lean/Elab/Exception.c
[    ] Building /root/verify1002/clang/lean4-src/stage0/src/../stdlib//Lean/Elab/Extra.c
[    ] Building /root/verify1002/clang/lean4-src/stage0/src/../stdlib//Lean/Elab/Frontend.c
[    ] Building /root/verify1002/clang/lean4-src/stage0/src/../stdlib//Lean/Elab/GenInjective.c
[    ] Building /root/verify1002/clang/lean4-src/stage0/src/../stdlib//Lean/Elab/GuardMsgs.c
[    ] Building /root/verify1002/clang/lean4-src/stage0/src/../stdlib//Lean/Elab/Import.c
[    ] Building /root/verify1002/clang/lean4-src/stage0/src/../stdlib//Lean/Elab/Inductive.c
[    ] Building /root/verify1002/clang/lean4-src/stage0/src/../stdlib//Lean/Elab/InfoTree.c
[    ] Building /root/verify1002/clang/lean4-src/stage0/src/../stdlib//Lean/Elab/InfoTree/InlayHints.c
[    ] Building /root/verify1002/clang/lean4-src/stage0/src/../stdlib//Lean/Elab/InfoTree/Types.c
[    ] Building /root/verify1002/clang/lean4-src/stage0/src/../stdlib//Lean/Elab/InfoTree/Main.c
[    ] Building /root/verify1002/clang/lean4-src/stage0/src/../stdlib//Lean/Elab/LetRec.c
[    ] Building /root/verify1002/clang/lean4-src/stage0/src/../stdlib//Lean/Elab/InfoTrees.c
[    ] Building /root/verify1002/clang/lean4-src/stage0/src/../stdlib//Lean/Elab/Match.c
[    ] Building /root/verify1002/clang/lean4-src/stage0/src/../stdlib//Lean/Elab/Macro.c
[    ] Building /root/verify1002/clang/lean4-src/stage0/src/../stdlib//Lean/Elab/MacroRules.c
[    ] Building /root/verify1002/clang/lean4-src/stage0/src/../stdlib//Lean/Elab/MacroArgUtil.c
[    ] Building /root/verify1002/clang/lean4-src/stage0/src/../stdlib//Lean/Elab/Level.c
[    ] Building /root/verify1002/clang/lean4-src/stage0/src/../stdlib//Lean/Elab/InheritDoc.c
[    ] Building /root/verify1002/clang/lean4-src/stage0/src/../stdlib//Lean/Elab/MatchAltView.c
[    ] Building /root/verify1002/clang/lean4-src/stage0/src/../stdlib//Lean/Elab/MutualDef.c
[    ] Building /root/verify1002/clang/lean4-src/stage0/src/../stdlib//Lean/Elab/MatchExpr.c
[    ] Building /root/verify1002/clang/lean4-src/stage0/src/../stdlib//Lean/Elab/Mixfix.c
[    ] Building /root/verify1002/clang/lean4-src/stage0/src/../stdlib//Lean/Elab/Notation.c
[    ] Building /root/verify1002/clang/lean4-src/stage0/src/../stdlib//Lean/Elab/MutualInductive.c
[    ] Building /root/verify1002/clang/lean4-src/stage0/src/../stdlib//Lean/Elab/Open.c
[    ] Building /root/verify1002/clang/lean4-src/stage0/src/../stdlib//Lean/Elab/Parallel.c
[    ] Building /root/verify1002/clang/lean4-src/stage0/src/../stdlib//Lean/Elab/ParseImportsFast.c
[    ] Building /root/verify1002/clang/lean4-src/stage0/src/../stdlib//Lean/Elab/PatternVar.c
[    ] Building /root/verify1002/clang/lean4-src/stage0/src/../stdlib//Lean/Elab/PreDefinition/Basic.c
[    ] Building /root/verify1002/clang/lean4-src/stage0/src/../stdlib//Lean/Elab/PreDefinition.c
[    ] Building /root/verify1002/clang/lean4-src/stage0/src/../stdlib//Lean/Elab/PreDefinition/EqUnfold.c
[    ] Building /root/verify1002/clang/lean4-src/stage0/src/../stdlib//Lean/Elab/PreDefinition/Eqns.c
[    ] Building /root/verify1002/clang/lean4-src/stage0/src/../stdlib//Lean/Elab/PreDefinition/EqnsUtils.c
[    ] Building /root/verify1002/clang/lean4-src/stage0/src/../stdlib//Lean/Elab/PreDefinition/FixedParams.c
[    ] Building /root/verify1002/clang/lean4-src/stage0/src/../stdlib//Lean/Elab/PreDefinition/Main.c
[    ] Building /root/verify1002/clang/lean4-src/stage0/src/../stdlib//Lean/Elab/PreDefinition/MkInhabitant.c
[    ] Building /root/verify1002/clang/lean4-src/stage0/src/../stdlib//Lean/Elab/PreDefinition/Mutual.c
[    ] Building /root/verify1002/clang/lean4-src/stage0/src/../stdlib//Lean/Elab/PreDefinition/PartialFixpoint.c
[    ] Building /root/verify1002/clang/lean4-src/stage0/src/../stdlib//Lean/Elab/PreDefinition/PartialFixpoint/Eqns.c
[    ] Building /root/verify1002/clang/lean4-src/stage0/src/../stdlib//Lean/Elab/PreDefinition/PartialFixpoint/Main.c
[    ] Building /root/verify1002/clang/lean4-src/stage0/src/../stdlib//Lean/Elab/PreDefinition/PartialFixpoint/Induction.c
[    ] Building /root/verify1002/clang/lean4-src/stage0/src/../stdlib//Lean/Elab/PreDefinition/Structural.c
[    ] Building /root/verify1002/clang/lean4-src/stage0/src/../stdlib//Lean/Elab/PreDefinition/Structural/BRecOn.c
[    ] Building /root/verify1002/clang/lean4-src/stage0/src/../stdlib//Lean/Elab/PreDefinition/Structural/Basic.c
[    ] Building /root/verify1002/clang/lean4-src/stage0/src/../stdlib//Lean/Elab/PreDefinition/Structural/Eqns.c
[    ] Building /root/verify1002/clang/lean4-src/stage0/src/../stdlib//Lean/Elab/PreDefinition/Structural/FindRecArg.c
[    ] Building /root/verify1002/clang/lean4-src/stage0/src/../stdlib//Lean/Elab/PreDefinition/Structural/IndGroupInfo.c
[    ] Building /root/verify1002/clang/lean4-src/stage0/src/../stdlib//Lean/Elab/PreDefinition/Structural/Main.c
[    ] Building /root/verify1002/clang/lean4-src/stage0/src/../stdlib//Lean/Elab/PreDefinition/Structural/IndPred.c
[    ] Building /root/verify1002/clang/lean4-src/stage0/src/../stdlib//Lean/Elab/PreDefinition/Structural/Preprocess.c
[    ] Building /root/verify1002/clang/lean4-src/stage0/src/../stdlib//Lean/Elab/PreDefinition/Structural/SmartUnfolding.c
[    ] Building /root/verify1002/clang/lean4-src/stage0/src/../stdlib//Lean/Elab/PreDefinition/Structural/RecArgInfo.c
[    ] Building /root/verify1002/clang/lean4-src/stage0/src/../stdlib//Lean/Elab/PreDefinition/TerminationHint.c
[    ] Building /root/verify1002/clang/lean4-src/stage0/src/../stdlib//Lean/Elab/PreDefinition/TerminationMeasure.c
[    ] Building /root/verify1002/clang/lean4-src/stage0/src/../stdlib//Lean/Elab/PreDefinition/WF.c
[    ] Building /root/verify1002/clang/lean4-src/stage0/src/../stdlib//Lean/Elab/PreDefinition/WF/Basic.c
[    ] Building /root/verify1002/clang/lean4-src/stage0/src/../stdlib//Lean/Elab/PreDefinition/WF/Fix.c
[    ] Building /root/verify1002/clang/lean4-src/stage0/src/../stdlib//Lean/Elab/PreDefinition/WF/Eqns.c
[    ] Building /root/verify1002/clang/lean4-src/stage0/src/../stdlib//Lean/Elab/PreDefinition/WF/FloatRecApp.c
[    ] Building /root/verify1002/clang/lean4-src/stage0/src/../stdlib//Lean/Elab/PreDefinition/WF/Main.c
[    ] Building /root/verify1002/clang/lean4-src/stage0/src/../stdlib//Lean/Elab/PreDefinition/WF/PackMutual.c
[    ] Building /root/verify1002/clang/lean4-src/stage0/src/../stdlib//Lean/Elab/PreDefinition/WF/Rel.c
[    ] Building /root/verify1002/clang/lean4-src/stage0/src/../stdlib//Lean/Elab/PreDefinition/WF/Preprocess.c
[    ] Building /root/verify1002/clang/lean4-src/stage0/src/../stdlib//Lean/Elab/Print.c
[    ] Building /root/verify1002/clang/lean4-src/stage0/src/../stdlib//Lean/Elab/PreDefinition/WF/Unfold.c
[    ] Building /root/verify1002/clang/lean4-src/stage0/src/../stdlib//Lean/Elab/PreDefinition/WF/GuessLex.c
[    ] Building /root/verify1002/clang/lean4-src/stage0/src/../stdlib//Lean/Elab/Quotation.c
[    ] Building /root/verify1002/clang/lean4-src/stage0/src/../stdlib//Lean/Elab/Quotation/Util.c
[    ] Building /root/verify1002/clang/lean4-src/stage0/src/../stdlib//Lean/Elab/Quotation/Precheck.c
[    ] Building /root/verify1002/clang/lean4-src/stage0/src/../stdlib//Lean/Elab/RecAppSyntax.c
[    ] Building /root/verify1002/clang/lean4-src/stage0/src/../stdlib//Lean/Elab/RecommendedSpelling.c
[    ] Building /root/verify1002/clang/lean4-src/stage0/src/../stdlib//Lean/Elab/SetOption.c
[    ] Building /root/verify1002/clang/lean4-src/stage0/src/../stdlib//Lean/Elab/StructInst.c
[    ] Building /root/verify1002/clang/lean4-src/stage0/src/../stdlib//Lean/Elab/StructInstHint.c
[    ] Building /root/verify1002/clang/lean4-src/stage0/src/../stdlib//Lean/Elab/Structure.c
[    ] Building /root/verify1002/clang/lean4-src/stage0/src/../stdlib//Lean/Elab/SyntheticMVars.c
[    ] Building /root/verify1002/clang/lean4-src/stage0/src/../stdlib//Lean/Elab/Syntax.c
[    ] Building /root/verify1002/clang/lean4-src/stage0/src/../stdlib//Lean/Elab/Tactic/AsAuxLemma.c
[    ] Building /root/verify1002/clang/lean4-src/stage0/src/../stdlib//Lean/Elab/Tactic.c
[    ] Building /root/verify1002/clang/lean4-src/stage0/src/../stdlib//Lean/Elab/Tactic/BVDecide.c
[    ] Building /root/verify1002/clang/lean4-src/stage0/src/../stdlib//Lean/Elab/Tactic/BVDecide/External.c
[    ] Building /root/verify1002/clang/lean4-src/stage0/src/../stdlib//Lean/Elab/Tactic/BVDecide/Frontend.c
[    ] Building /root/verify1002/clang/lean4-src/stage0/src/../stdlib//Lean/Elab/Tactic/BVDecide/Frontend/BVCheck.c
[    ] Building /root/verify1002/clang/lean4-src/stage0/src/../stdlib//Lean/Elab/Tactic/BVDecide/Frontend/Attr.c
[    ] Building /root/verify1002/clang/lean4-src/stage0/src/../stdlib//Lean/Elab/Tactic/BVDecide/Frontend/BVDecide.c
[    ] Building /root/verify1002/clang/lean4-src/stage0/src/../stdlib//Lean/Elab/Tactic/BVDecide/Frontend/BVDecide/Reflect.c
[    ] Building /root/verify1002/clang/lean4-src/stage0/src/../stdlib//Lean/Elab/Tactic/BVDecide/Frontend/BVDecide/ReifiedBVExpr.c
[    ] Building /root/verify1002/clang/lean4-src/stage0/src/../stdlib//Lean/Elab/Tactic/BVDecide/Frontend/BVDecide/ReifiedBVLogical.c
[    ] Building /root/verify1002/clang/lean4-src/stage0/src/../stdlib//Lean/Elab/Tactic/BVDecide/Frontend/BVDecide/ReifiedBVPred.c
[    ] Building /root/verify1002/clang/lean4-src/stage0/src/../stdlib//Lean/Elab/Tactic/BVDecide/Frontend/BVDecide/ReifiedLemmas.c
[    ] Building /root/verify1002/clang/lean4-src/stage0/src/../stdlib//Lean/Elab/Tactic/BVDecide/Frontend/BVDecide/Reify.c
[    ] Building /root/verify1002/clang/lean4-src/stage0/src/../stdlib//Lean/Elab/Tactic/BVDecide/Frontend/BVDecide/SatAtBVLogical.c
[    ] Building /root/verify1002/clang/lean4-src/stage0/src/../stdlib//Lean/Elab/Tactic/BVDecide/Frontend/BVTrace.c
[    ] Building /root/verify1002/clang/lean4-src/stage0/src/../stdlib//Lean/Elab/Tactic/BVDecide/Frontend/LRAT.c
[    ] Building /root/verify1002/clang/lean4-src/stage0/src/../stdlib//Lean/Elab/Tactic/BVDecide/Frontend/Normalize.c
[    ] Building /root/verify1002/clang/lean4-src/stage0/src/../stdlib//Lean/Elab/Tactic/BVDecide/Frontend/Normalize/AC.c
[    ] Building /root/verify1002/clang/lean4-src/stage0/src/../stdlib//Lean/Elab/Tactic/BVDecide/Frontend/Normalize/AndFlatten.c
[    ] Building /root/verify1002/clang/lean4-src/stage0/src/../stdlib//Lean/Elab/Tactic/BVDecide/Frontend/Normalize/Basic.c
[    ] Building /root/verify1002/clang/lean4-src/stage0/src/../stdlib//Lean/Elab/Tactic/BVDecide/Frontend/Normalize/ApplyControlFlow.c
[    ] Building /root/verify1002/clang/lean4-src/stage0/src/../stdlib//Lean/Elab/Tactic/BVDecide/Frontend/Normalize/EmbeddedConstraint.c
[    ] Building /root/verify1002/clang/lean4-src/stage0/src/../stdlib//Lean/Elab/Tactic/BVDecide/Frontend/Normalize/Enums.c
[    ] Building /root/verify1002/clang/lean4-src/stage0/src/../stdlib//Lean/Elab/Tactic/BVDecide/Frontend/Normalize/IntToBitVec.c
[    ] Building /root/verify1002/clang/lean4-src/stage0/src/../stdlib//Lean/Elab/Tactic/BVDecide/Frontend/Normalize/Rewrite.c
[    ] Building /root/verify1002/clang/lean4-src/stage0/src/../stdlib//Lean/Elab/Tactic/BVDecide/Frontend/Normalize/ShortCircuit.c
[    ] Building /root/verify1002/clang/lean4-src/stage0/src/../stdlib//Lean/Elab/Tactic/BVDecide/Frontend/Normalize/Structures.c
[    ] Building /root/verify1002/clang/lean4-src/stage0/src/../stdlib//Lean/Elab/Tactic/BVDecide/Frontend/Normalize/Simproc.c
[    ] Building /root/verify1002/clang/lean4-src/stage0/src/../stdlib//Lean/Elab/Tactic/BVDecide/Frontend/Normalize/TypeAnalysis.c
[    ] Building /root/verify1002/clang/lean4-src/stage0/src/../stdlib//Lean/Elab/Tactic/BVDecide/LRAT.c
[    ] Building /root/verify1002/clang/lean4-src/stage0/src/../stdlib//Lean/Elab/Tactic/BVDecide/LRAT/Trim.c
[    ] Building /root/verify1002/clang/lean4-src/stage0/src/../stdlib//Lean/Elab/Tactic/Basic.c
[    ] Building /root/verify1002/clang/lean4-src/stage0/src/../stdlib//Lean/Elab/Tactic/BoolToPropSimps.c
[    ] Building /root/verify1002/clang/lean4-src/stage0/src/../stdlib//Lean/Elab/Tactic/BuiltinTactic.c
[    ] Building /root/verify1002/clang/lean4-src/stage0/src/../stdlib//Lean/Elab/Tactic/Change.c
[    ] Building /root/verify1002/clang/lean4-src/stage0/src/../stdlib//Lean/Elab/Tactic/Classical.c
[    ] Building /root/verify1002/clang/lean4-src/stage0/src/../stdlib//Lean/Elab/Tactic/Config.c
[    ] Building /root/verify1002/clang/lean4-src/stage0/src/../stdlib//Lean/Elab/Tactic/Calc.c
[    ] Building /root/verify1002/clang/lean4-src/stage0/src/../stdlib//Lean/Elab/Tactic/ConfigSetter.c
[    ] Building /root/verify1002/clang/lean4-src/stage0/src/../stdlib//Lean/Elab/Tactic/Congr.c
[    ] Building /root/verify1002/clang/lean4-src/stage0/src/../stdlib//Lean/Elab/Tactic/Conv/Change.c
[    ] Building /root/verify1002/clang/lean4-src/stage0/src/../stdlib//Lean/Elab/Tactic/Conv/Congr.c
[    ] Building /root/verify1002/clang/lean4-src/stage0/src/../stdlib//Lean/Elab/Tactic/Conv/Lets.c
[    ] Building /root/verify1002/clang/lean4-src/stage0/src/../stdlib//Lean/Elab/Tactic/Conv/Delta.c
[    ] Building /root/verify1002/clang/lean4-src/stage0/src/../stdlib//Lean/Elab/Tactic/Conv.c
[    ] Building /root/verify1002/clang/lean4-src/stage0/src/../stdlib//Lean/Elab/Tactic/Conv/Basic.c
[    ] Building /root/verify1002/clang/lean4-src/stage0/src/../stdlib//Lean/Elab/Tactic/Conv/Pattern.c
[    ] Building /root/verify1002/clang/lean4-src/stage0/src/../stdlib//Lean/Elab/Tactic/Conv/Rewrite.c
[    ] Building /root/verify1002/clang/lean4-src/stage0/src/../stdlib//Lean/Elab/Tactic/Conv/Unfold.c
[    ] Building /root/verify1002/clang/lean4-src/stage0/src/../stdlib//Lean/Elab/Tactic/Conv/Simp.c
[    ] Building /root/verify1002/clang/lean4-src/stage0/src/../stdlib//Lean/Elab/Tactic/Delta.c
[    ] Building /root/verify1002/clang/lean4-src/stage0/src/../stdlib//Lean/Elab/Tactic/DiscrTreeKey.c
[    ] Building /root/verify1002/clang/lean4-src/stage0/src/../stdlib//Lean/Elab/Tactic/Do.c
[    ] Building /root/verify1002/clang/lean4-src/stage0/src/../stdlib//Lean/Elab/Tactic/Do/Attr.c
[    ] Building /root/verify1002/clang/lean4-src/stage0/src/../stdlib//Lean/Elab/Tactic/Do/LetElim.c
[    ] Building /root/verify1002/clang/lean4-src/stage0/src/../stdlib//Lean/Elab/Tactic/Do/ProofMode.c
[    ] Building /root/verify1002/clang/lean4-src/stage0/src/../stdlib//Lean/Elab/Tactic/Do/ProofMode/Assumption.c
[    ] Building /root/verify1002/clang/lean4-src/stage0/src/../stdlib//Lean/Elab/Tactic/Do/ProofMode/Basic.c
[    ] Building /root/verify1002/clang/lean4-src/stage0/src/../stdlib//Lean/Elab/Tactic/Do/ProofMode/Cases.c
[    ] Building /root/verify1002/clang/lean4-src/stage0/src/../stdlib//Lean/Elab/Tactic/Do/ProofMode/Clear.c
[    ] Building /root/verify1002/clang/lean4-src/stage0/src/../stdlib//Lean/Elab/Tactic/Do/ProofMode/Constructor.c
[    ] Building /root/verify1002/clang/lean4-src/stage0/src/../stdlib//Lean/Elab/Tactic/Do/ProofMode/Delab.c
[    ] Building /root/verify1002/clang/lean4-src/stage0/src/../stdlib//Lean/Elab/Tactic/Do/ProofMode/Exact.c
[    ] Building /root/verify1002/clang/lean4-src/stage0/src/../stdlib//Lean/Elab/Tactic/Do/ProofMode/Exfalso.c
[    ] Building /root/verify1002/clang/lean4-src/stage0/src/../stdlib//Lean/Elab/Tactic/Do/ProofMode/Focus.c
[    ] Building /root/verify1002/clang/lean4-src/stage0/src/../stdlib//Lean/Elab/Tactic/Do/ProofMode/Have.c
[    ] Building /root/verify1002/clang/lean4-src/stage0/src/../stdlib//Lean/Elab/Tactic/Do/ProofMode/Frame.c
[    ] Building /root/verify1002/clang/lean4-src/stage0/src/../stdlib//Lean/Elab/Tactic/Do/ProofMode/Intro.c
[    ] Building /root/verify1002/clang/lean4-src/stage0/src/../stdlib//Lean/Elab/Tactic/Do/ProofMode/LeftRight.c
[    ] Building /root/verify1002/clang/lean4-src/stage0/src/../stdlib//Lean/Elab/Tactic/Do/ProofMode/MGoal.c
[    ] Building /root/verify1002/clang/lean4-src/stage0/src/../stdlib//Lean/Elab/Tactic/Do/ProofMode/Pure.c
[    ] Building /root/verify1002/clang/lean4-src/stage0/src/../stdlib//Lean/Elab/Tactic/Do/ProofMode/Refine.c
[    ] Building /root/verify1002/clang/lean4-src/stage0/src/../stdlib//Lean/Elab/Tactic/Do/ProofMode/RenameI.c
[    ] Building /root/verify1002/clang/lean4-src/stage0/src/../stdlib//Lean/Elab/Tactic/Do/ProofMode/Revert.c
[    ] Building /root/verify1002/clang/lean4-src/stage0/src/../stdlib//Lean/Elab/Tactic/Do/ProofMode/Specialize.c
[    ] Building /root/verify1002/clang/lean4-src/stage0/src/../stdlib//Lean/Elab/Tactic/Do/Spec.c
[    ] Building /root/verify1002/clang/lean4-src/stage0/src/../stdlib//Lean/Elab/Tactic/Do/Syntax.c
[    ] Building /root/verify1002/clang/lean4-src/stage0/src/../stdlib//Lean/Elab/Tactic/Do/VCGen.c
[    ] Building /root/verify1002/clang/lean4-src/stage0/src/../stdlib//Lean/Elab/Tactic/Do/VCGen/Split.c
[    ] Building /root/verify1002/clang/lean4-src/stage0/src/../stdlib//Lean/Elab/Tactic/Do/VCGen/SuggestInvariant.c
[    ] Building /root/verify1002/clang/lean4-src/stage0/src/../stdlib//Lean/Elab/Tactic/Do/VCGen/Basic.c
[    ] Building /root/verify1002/clang/lean4-src/stage0/src/../stdlib//Lean/Elab/Tactic/Doc.c
[    ] Building /root/verify1002/clang/lean4-src/stage0/src/../stdlib//Lean/Elab/Tactic/ElabTerm.c
[    ] Building /root/verify1002/clang/lean4-src/stage0/src/../stdlib//Lean/Elab/Tactic/ExposeNames.c
[    ] Building /root/verify1002/clang/lean4-src/stage0/src/../stdlib//Lean/Elab/Tactic/Ext.c
[    ] Building /root/verify1002/clang/lean4-src/stage0/src/../stdlib//Lean/Elab/Tactic/FalseOrByContra.c
[    ] Building /root/verify1002/clang/lean4-src/stage0/src/../stdlib//Lean/Elab/Tactic/Generalize.c
[    ] Building /root/verify1002/clang/lean4-src/stage0/src/../stdlib//Lean/Elab/Tactic/Grind.c
[    ] Building /root/verify1002/clang/lean4-src/stage0/src/../stdlib//Lean/Elab/Tactic/Grind/Anchor.c
[    ] Building /root/verify1002/clang/lean4-src/stage0/src/../stdlib//Lean/Elab/Tactic/Grind/Annotated.c
[    ] Building /root/verify1002/clang/lean4-src/stage0/src/../stdlib//Lean/Elab/Tactic/Grind/Basic.c
[    ] Building /root/verify1002/clang/lean4-src/stage0/src/../stdlib//Lean/Elab/Tactic/Grind/BuiltinTactic.c
[    ] Building /root/verify1002/clang/lean4-src/stage0/src/../stdlib//Lean/Elab/Tactic/Grind/Config.c
[    ] Building /root/verify1002/clang/lean4-src/stage0/src/../stdlib//Lean/Elab/Tactic/Grind/Filter.c
[    ] Building /root/verify1002/clang/lean4-src/stage0/src/../stdlib//Lean/Elab/Tactic/Grind/Have.c
[    ] Building /root/verify1002/clang/lean4-src/stage0/src/../stdlib//Lean/Elab/Tactic/Grind/Lint.c
[    ] Building /root/verify1002/clang/lean4-src/stage0/src/../stdlib//Lean/Elab/Tactic/Grind/LintExceptions.c
[    ] Building /root/verify1002/clang/lean4-src/stage0/src/../stdlib//Lean/Elab/Tactic/Grind/Main.c
[    ] Building /root/verify1002/clang/lean4-src/stage0/src/../stdlib//Lean/Elab/Tactic/Grind/Param.c
[    ] Building /root/verify1002/clang/lean4-src/stage0/src/../stdlib//Lean/Elab/Tactic/Grind/ShowState.c
[    ] Building /root/verify1002/clang/lean4-src/stage0/src/../stdlib//Lean/Elab/Tactic/Grind/Trace.c
[    ] Building /root/verify1002/clang/lean4-src/stage0/src/../stdlib//Lean/Elab/Tactic/Guard.c
[    ] Building /root/verify1002/clang/lean4-src/stage0/src/../stdlib//Lean/Elab/Tactic/Induction.c
[    ] Building /root/verify1002/clang/lean4-src/stage0/src/../stdlib//Lean/Elab/Tactic/Injection.c
[    ] Building /root/verify1002/clang/lean4-src/stage0/src/../stdlib//Lean/Elab/Tactic/Lets.c
[    ] Building /root/verify1002/clang/lean4-src/stage0/src/../stdlib//Lean/Elab/Tactic/LibrarySearch.c
[    ] Building /root/verify1002/clang/lean4-src/stage0/src/../stdlib//Lean/Elab/Tactic/Location.c
[    ] Building /root/verify1002/clang/lean4-src/stage0/src/../stdlib//Lean/Elab/Tactic/Match.c
[    ] Building /root/verify1002/clang/lean4-src/stage0/src/../stdlib//Lean/Elab/Tactic/Meta.c
[    ] Building /root/verify1002/clang/lean4-src/stage0/src/../stdlib//Lean/Elab/Tactic/Monotonicity.c
[    ] Building /root/verify1002/clang/lean4-src/stage0/src/../stdlib//Lean/Elab/Tactic/NormCast.c
[    ] Building /root/verify1002/clang/lean4-src/stage0/src/../stdlib//Lean/Elab/Tactic/Omega.c
[    ] Building /root/verify1002/clang/lean4-src/stage0/src/../stdlib//Lean/Elab/Tactic/Omega/Core.c
[    ] Building /root/verify1002/clang/lean4-src/stage0/src/../stdlib//Lean/Elab/Tactic/Omega/Frontend.c
[    ] Building /root/verify1002/clang/lean4-src/stage0/src/../stdlib//Lean/Elab/Tactic/Omega/MinNatAbs.c
[    ] Building /root/verify1002/clang/lean4-src/stage0/src/../stdlib//Lean/Elab/Tactic/Omega/OmegaM.c
[    ] Building /root/verify1002/clang/lean4-src/stage0/src/../stdlib//Lean/Elab/Tactic/RCases.c
[    ] Building /root/verify1002/clang/lean4-src/stage0/src/../stdlib//Lean/Elab/Tactic/RenameInaccessibles.c
[    ] Building /root/verify1002/clang/lean4-src/stage0/src/../stdlib//Lean/Elab/Tactic/Repeat.c
[    ] Building /root/verify1002/clang/lean4-src/stage0/src/../stdlib//Lean/Elab/Tactic/Rewrite.c
[    ] Building /root/verify1002/clang/lean4-src/stage0/src/../stdlib//Lean/Elab/Tactic/Rewrites.c
[    ] Building /root/verify1002/clang/lean4-src/stage0/src/../stdlib//Lean/Elab/Tactic/Rfl.c
[    ] Building /root/verify1002/clang/lean4-src/stage0/src/../stdlib//Lean/Elab/Tactic/Show.c
[    ] Building /root/verify1002/clang/lean4-src/stage0/src/../stdlib//Lean/Elab/Tactic/ShowTerm.c
[    ] Building /root/verify1002/clang/lean4-src/stage0/src/../stdlib//Lean/Elab/Tactic/Simp.c
[    ] Building /root/verify1002/clang/lean4-src/stage0/src/../stdlib//Lean/Elab/Tactic/SimpTrace.c
[    ] Building /root/verify1002/clang/lean4-src/stage0/src/../stdlib//Lean/Elab/Tactic/SimpArith.c
[    ] Building /root/verify1002/clang/lean4-src/stage0/src/../stdlib//Lean/Elab/Tactic/Simpa.c
[    ] Building /root/verify1002/clang/lean4-src/stage0/src/../stdlib//Lean/Elab/Tactic/Simproc.c
[    ] Building /root/verify1002/clang/lean4-src/stage0/src/../stdlib//Lean/Elab/Tactic/Symm.c
[    ] Building /root/verify1002/clang/lean4-src/stage0/src/../stdlib//Lean/Elab/Tactic/Split.c
[    ] Building /root/verify1002/clang/lean4-src/stage0/src/../stdlib//Lean/Elab/Tactic/SolveByElim.c
[    ] Building /root/verify1002/clang/lean4-src/stage0/src/../stdlib//Lean/Elab/Tactic/TreeTacAttr.c
[    ] Building /root/verify1002/clang/lean4-src/stage0/src/../stdlib//Lean/Elab/Tactic/Try.c
[    ] Building /root/verify1002/clang/lean4-src/stage0/src/../stdlib//Lean/Elab/Tactic/Unfold.c
[    ] Building /root/verify1002/clang/lean4-src/stage0/src/../stdlib//Lean/Elab/Task.c
[    ] Building /root/verify1002/clang/lean4-src/stage0/src/../stdlib//Lean/Elab/Term.c
[    ] Building /root/verify1002/clang/lean4-src/stage0/src/../stdlib//Lean/Elab/Term/TermElabM.c
[    ] Building /root/verify1002/clang/lean4-src/stage0/src/../stdlib//Lean/Elab/Time.c
[    ] Building /root/verify1002/clang/lean4-src/stage0/src/../stdlib//Lean/Elab/Util.c
[    ] Building /root/verify1002/clang/lean4-src/stage0/src/../stdlib//Lean/Elab/WhereFinally.c
[    ] Building /root/verify1002/clang/lean4-src/stage0/src/../stdlib//Lean/EnvExtension.c
[    ] Building /root/verify1002/clang/lean4-src/stage0/src/../stdlib//Lean/Environment.c
[    ] Building /root/verify1002/clang/lean4-src/stage0/src/../stdlib//Lean/ErrorExplanation.c
[    ] Building /root/verify1002/clang/lean4-src/stage0/src/../stdlib//Lean/ErrorExplanations.c
[    ] Building /root/verify1002/clang/lean4-src/stage0/src/../stdlib//Lean/ErrorExplanations/CtorResultingTypeMismatch.c
[    ] Building /root/verify1002/clang/lean4-src/stage0/src/../stdlib//Lean/ErrorExplanations/DependsOnNoncomputable.c
[    ] Building /root/verify1002/clang/lean4-src/stage0/src/../stdlib//Lean/ErrorExplanations/InductionWithNoAlts.c
[    ] Building /root/verify1002/clang/lean4-src/stage0/src/../stdlib//Lean/ErrorExplanations/InductiveParamMismatch.c
[    ] Building /root/verify1002/clang/lean4-src/stage0/src/../stdlib//Lean/ErrorExplanations/InductiveParamMissing.c
[    ] Building /root/verify1002/clang/lean4-src/stage0/src/../stdlib//Lean/ErrorExplanations/InferBinderTypeFailed.c
[    ] Building /root/verify1002/clang/lean4-src/stage0/src/../stdlib//Lean/ErrorExplanations/InferDefTypeFailed.c
[    ] Building /root/verify1002/clang/lean4-src/stage0/src/../stdlib//Lean/ErrorExplanations/InvalidDottedIdent.c
[    ] Building /root/verify1002/clang/lean4-src/stage0/src/../stdlib//Lean/ErrorExplanations/InvalidField.c
[    ] Building /root/verify1002/clang/lean4-src/stage0/src/../stdlib//Lean/ErrorExplanations/ProjNonPropFromProp.c
[    ] Building /root/verify1002/clang/lean4-src/stage0/src/../stdlib//Lean/ErrorExplanations/RedundantMatchAlt.c
[    ] Building /root/verify1002/clang/lean4-src/stage0/src/../stdlib//Lean/ErrorExplanations/PropRecLargeElim.c
[    ] Building /root/verify1002/clang/lean4-src/stage0/src/../stdlib//Lean/ErrorExplanations/SynthInstanceFailed.c
[    ] Building /root/verify1002/clang/lean4-src/stage0/src/../stdlib//Lean/ErrorExplanations/UnknownIdentifier.c
[    ] Building /root/verify1002/clang/lean4-src/stage0/src/../stdlib//Lean/Exception.c
[    ] Building /root/verify1002/clang/lean4-src/stage0/src/../stdlib//Lean/Expr.c
[    ] Building /root/verify1002/clang/lean4-src/stage0/src/../stdlib//Lean/ExtraModUses.c
[    ] Building /root/verify1002/clang/lean4-src/stage0/src/../stdlib//Lean/HeadIndex.c
[    ] Building /root/verify1002/clang/lean4-src/stage0/src/../stdlib//Lean/Hygiene.c
[    ] Building /root/verify1002/clang/lean4-src/stage0/src/../stdlib//Lean/IdentifierSuggestion.c
[    ] Building /root/verify1002/clang/lean4-src/stage0/src/../stdlib//Lean/ImportingFlag.c
[    ] Building /root/verify1002/clang/lean4-src/stage0/src/../stdlib//Lean/InternalExceptionId.c
[    ] Building /root/verify1002/clang/lean4-src/stage0/src/../stdlib//Lean/KeyedDeclsAttribute.c
[    ] Building /root/verify1002/clang/lean4-src/stage0/src/../stdlib//Lean/Language/Lean.c
[    ] Building /root/verify1002/clang/lean4-src/stage0/src/../stdlib//Lean/LabelAttribute.c
[    ] Building /root/verify1002/clang/lean4-src/stage0/src/../stdlib//Lean/Language/Lean/Types.c
[    ] Building /root/verify1002/clang/lean4-src/stage0/src/../stdlib//Lean/Language/Basic.c
[    ] Building /root/verify1002/clang/lean4-src/stage0/src/../stdlib//Lean/Language/Util.c
[    ] Building /root/verify1002/clang/lean4-src/stage0/src/../stdlib//Lean/Level.c
[    ] Building /root/verify1002/clang/lean4-src/stage0/src/../stdlib//Lean/LibrarySuggestions.c
[    ] Building /root/verify1002/clang/lean4-src/stage0/src/../stdlib//Lean/LibrarySuggestions/MePo.c
[    ] Building /root/verify1002/clang/lean4-src/stage0/src/../stdlib//Lean/LibrarySuggestions/Default.c
[    ] Building /root/verify1002/clang/lean4-src/stage0/src/../stdlib//Lean/LibrarySuggestions/Basic.c
[    ] Building /root/verify1002/clang/lean4-src/stage0/src/../stdlib//Lean/LibrarySuggestions/SineQuaNon.c
[    ] Building /root/verify1002/clang/lean4-src/stage0/src/../stdlib//Lean/Linter.c
[    ] Building /root/verify1002/clang/lean4-src/stage0/src/../stdlib//Lean/LibrarySuggestions/SymbolFrequency.c
[    ] Building /root/verify1002/clang/lean4-src/stage0/src/../stdlib//Lean/Linter/Basic.c
[    ] Building /root/verify1002/clang/lean4-src/stage0/src/../stdlib//Lean/Linter/Builtin.c
[    ] Building /root/verify1002/clang/lean4-src/stage0/src/../stdlib//Lean/Linter/Coe.c
[    ] Building /root/verify1002/clang/lean4-src/stage0/src/../stdlib//Lean/Linter/ConstructorAsVariable.c
[    ] Building /root/verify1002/clang/lean4-src/stage0/src/../stdlib//Lean/Linter/Deprecated.c
[    ] Building /root/verify1002/clang/lean4-src/stage0/src/../stdlib//Lean/Linter/DocsOnAlt.c
[    ] Building /root/verify1002/clang/lean4-src/stage0/src/../stdlib//Lean/Linter/List.c
[    ] Building /root/verify1002/clang/lean4-src/stage0/src/../stdlib//Lean/Linter/MissingDocs.c
[    ] Building /root/verify1002/clang/lean4-src/stage0/src/../stdlib//Lean/Linter/Omit.c
[    ] Building /root/verify1002/clang/lean4-src/stage0/src/../stdlib//Lean/Linter/Sets.c
[    ] Building /root/verify1002/clang/lean4-src/stage0/src/../stdlib//Lean/Linter/UnusedSimpArgs.c
[    ] Building /root/verify1002/clang/lean4-src/stage0/src/../stdlib//Lean/Linter/UnusedVariables.c
[    ] Building /root/verify1002/clang/lean4-src/stage0/src/../stdlib//Lean/Linter/Util.c
[    ] Building /root/verify1002/clang/lean4-src/stage0/src/../stdlib//Lean/LoadDynlib.c
[    ] Building /root/verify1002/clang/lean4-src/stage0/src/../stdlib//Lean/LocalContext.c
[    ] Building /root/verify1002/clang/lean4-src/stage0/src/../stdlib//Lean/Log.c
[    ] Building /root/verify1002/clang/lean4-src/stage0/src/../stdlib//Lean/Message.c
[    ] Building /root/verify1002/clang/lean4-src/stage0/src/../stdlib//Lean/Meta.c
[    ] Building /root/verify1002/clang/lean4-src/stage0/src/../stdlib//Lean/Meta/ACLt.c
[    ] Building /root/verify1002/clang/lean4-src/stage0/src/../stdlib//Lean/Meta/AbstractMVars.c
[    ] Building /root/verify1002/clang/lean4-src/stage0/src/../stdlib//Lean/Meta/AppBuilder.c
[    ] Building /root/verify1002/clang/lean4-src/stage0/src/../stdlib//Lean/Meta/AbstractNestedProofs.c
[    ] Building /root/verify1002/clang/lean4-src/stage0/src/../stdlib//Lean/Meta/ArgsPacker/Basic.c
[    ] Building /root/verify1002/clang/lean4-src/stage0/src/../stdlib//Lean/Meta/ArgsPacker.c
[    ] Building /root/verify1002/clang/lean4-src/stage0/src/../stdlib//Lean/Meta/Basic.c
[    ] Building /root/verify1002/clang/lean4-src/stage0/src/../stdlib//Lean/Meta/BinderNameHint.c
[    ] Building /root/verify1002/clang/lean4-src/stage0/src/../stdlib//Lean/Meta/Canonicalizer.c
[    ] Building /root/verify1002/clang/lean4-src/stage0/src/../stdlib//Lean/Meta/CasesInfo.c
[    ] Building /root/verify1002/clang/lean4-src/stage0/src/../stdlib//Lean/Meta/Check.c
[    ] Building /root/verify1002/clang/lean4-src/stage0/src/../stdlib//Lean/Meta/CheckTactic.c
[    ] Building /root/verify1002/clang/lean4-src/stage0/src/../stdlib//Lean/Meta/Closure.c
[    ] Building /root/verify1002/clang/lean4-src/stage0/src/../stdlib//Lean/Meta/Coe.c
[    ] Building /root/verify1002/clang/lean4-src/stage0/src/../stdlib//Lean/Meta/CoeAttr.c
[    ] Building /root/verify1002/clang/lean4-src/stage0/src/../stdlib//Lean/Meta/CollectFVars.c
[    ] Building /root/verify1002/clang/lean4-src/stage0/src/../stdlib//Lean/Meta/CollectMVars.c
[    ] Building /root/verify1002/clang/lean4-src/stage0/src/../stdlib//Lean/Meta/CompletionName.c
[    ] Building /root/verify1002/clang/lean4-src/stage0/src/../stdlib//Lean/Meta/CongrTheorems.c
[    ] Building /root/verify1002/clang/lean4-src/stage0/src/../stdlib//Lean/Meta/Constructions.c
[    ] Building /root/verify1002/clang/lean4-src/stage0/src/../stdlib//Lean/Meta/Constructions/BRecOn.c
[    ] Building /root/verify1002/clang/lean4-src/stage0/src/../stdlib//Lean/Meta/Constructions/CasesOn.c
[    ] Building /root/verify1002/clang/lean4-src/stage0/src/../stdlib//Lean/Meta/Constructions/CasesOnSameCtor.c
[    ] Building /root/verify1002/clang/lean4-src/stage0/src/../stdlib//Lean/Meta/Constructions/CtorElim.c
[    ] Building /root/verify1002/clang/lean4-src/stage0/src/../stdlib//Lean/Meta/Constructions/CtorIdx.c
[    ] Building /root/verify1002/clang/lean4-src/stage0/src/../stdlib//Lean/Meta/Constructions/NoConfusion.c
[    ] Building /root/verify1002/clang/lean4-src/stage0/src/../stdlib//Lean/Meta/Constructions/RecOn.c
[    ] Building /root/verify1002/clang/lean4-src/stage0/src/../stdlib//Lean/Meta/DecLevel.c
[    ] Building /root/verify1002/clang/lean4-src/stage0/src/../stdlib//Lean/Meta/Constructions/SparseCasesOn.c
[    ] Building /root/verify1002/clang/lean4-src/stage0/src/../stdlib//Lean/Meta/CtorRecognizer.c
[    ] Building /root/verify1002/clang/lean4-src/stage0/src/../stdlib//Lean/Meta/Diagnostics.c
[    ] Building /root/verify1002/clang/lean4-src/stage0/src/../stdlib//Lean/Meta/DiscrTree.c
[    ] Building /root/verify1002/clang/lean4-src/stage0/src/../stdlib//Lean/Meta/DiscrTreeTypes.c
[    ] Building /root/verify1002/clang/lean4-src/stage0/src/../stdlib//Lean/Meta/Eqns.c
[    ] Building /root/verify1002/clang/lean4-src/stage0/src/../stdlib//Lean/Meta/Eval.c
[    ] Building /root/verify1002/clang/lean4-src/stage0/src/../stdlib//Lean/Meta/ExprDefEq.c
[    ] Building /root/verify1002/clang/lean4-src/stage0/src/../stdlib//Lean/Meta/ExprLens.c
[    ] Building /root/verify1002/clang/lean4-src/stage0/src/../stdlib//Lean/Meta/ExprTraverse.c
[    ] Building /root/verify1002/clang/lean4-src/stage0/src/../stdlib//Lean/Meta/ForEachExpr.c
[    ] Building /root/verify1002/clang/lean4-src/stage0/src/../stdlib//Lean/Meta/FunInfo.c
[    ] Building /root/verify1002/clang/lean4-src/stage0/src/../stdlib//Lean/Meta/GeneralizeTelescope.c
[    ] Building /root/verify1002/clang/lean4-src/stage0/src/../stdlib//Lean/Meta/GeneralizeVars.c
[    ] Building /root/verify1002/clang/lean4-src/stage0/src/../stdlib//Lean/Meta/GetUnfoldableConst.c
[    ] Building /root/verify1002/clang/lean4-src/stage0/src/../stdlib//Lean/Meta/GlobalInstances.c
[    ] Building /root/verify1002/clang/lean4-src/stage0/src/../stdlib//Lean/Meta/HasNotBit.c
[    ] Building /root/verify1002/clang/lean4-src/stage0/src/../stdlib//Lean/Meta/Hint.c
[    ] Building /root/verify1002/clang/lean4-src/stage0/src/../stdlib//Lean/Meta/IndPredBelow.c
[    ] Building /root/verify1002/clang/lean4-src/stage0/src/../stdlib//Lean/Meta/Inductive.c
[    ] Building /root/verify1002/clang/lean4-src/stage0/src/../stdlib//Lean/Meta/Injective.c
[    ] Building /root/verify1002/clang/lean4-src/stage0/src/../stdlib//Lean/Meta/InferType.c
[    ] Building /root/verify1002/clang/lean4-src/stage0/src/../stdlib//Lean/Meta/Instances.c
[    ] Building /root/verify1002/clang/lean4-src/stage0/src/../stdlib//Lean/Meta/IntInstTesters.c
[    ] Building /root/verify1002/clang/lean4-src/stage0/src/../stdlib//Lean/Meta/Iterator.c
[    ] Building /root/verify1002/clang/lean4-src/stage0/src/../stdlib//Lean/Meta/KAbstract.c
[    ] Building /root/verify1002/clang/lean4-src/stage0/src/../stdlib//Lean/Meta/KExprMap.c
[    ] Building /root/verify1002/clang/lean4-src/stage0/src/../stdlib//Lean/Meta/LazyDiscrTree.c
[    ] Building /root/verify1002/clang/lean4-src/stage0/src/../stdlib//Lean/Meta/LetToHave.c
[    ] Building /root/verify1002/clang/lean4-src/stage0/src/../stdlib//Lean/Meta/LevelDefEq.c
[    ] Building /root/verify1002/clang/lean4-src/stage0/src/../stdlib//Lean/Meta/LitValues.c
[    ] Building /root/verify1002/clang/lean4-src/stage0/src/../stdlib//Lean/Meta/Match.c
[    ] Building /root/verify1002/clang/lean4-src/stage0/src/../stdlib//Lean/Meta/Match/AltTelescopes.c
[    ] Building /root/verify1002/clang/lean4-src/stage0/src/../stdlib//Lean/Meta/Match/Basic.c
[    ] Building /root/verify1002/clang/lean4-src/stage0/src/../stdlib//Lean/Meta/Match/CaseArraySizes.c
[    ] Building /root/verify1002/clang/lean4-src/stage0/src/../stdlib//Lean/Meta/Match/CaseValues.c
[    ] Building /root/verify1002/clang/lean4-src/stage0/src/../stdlib//Lean/Meta/Match/MVarRenaming.c
[    ] Building /root/verify1002/clang/lean4-src/stage0/src/../stdlib//Lean/Meta/Match/Match.c
[    ] Building /root/verify1002/clang/lean4-src/stage0/src/../stdlib//Lean/Meta/Match/MatchEqs.c
[    ] Building /root/verify1002/clang/lean4-src/stage0/src/../stdlib//Lean/Meta/Match/MatchEqsExt.c
[    ] Building /root/verify1002/clang/lean4-src/stage0/src/../stdlib//Lean/Meta/Match/MatchPatternAttr.c
[    ] Building /root/verify1002/clang/lean4-src/stage0/src/../stdlib//Lean/Meta/Match/MatcherApp.c
[    ] Building /root/verify1002/clang/lean4-src/stage0/src/../stdlib//Lean/Meta/Match/MatcherApp/Basic.c
[    ] Building /root/verify1002/clang/lean4-src/stage0/src/../stdlib//Lean/Meta/Match/MatcherApp/Transform.c
[    ] Building /root/verify1002/clang/lean4-src/stage0/src/../stdlib//Lean/Meta/Match/MatcherInfo.c
[    ] Building /root/verify1002/clang/lean4-src/stage0/src/../stdlib//Lean/Meta/Match/NamedPatterns.c
[    ] Building /root/verify1002/clang/lean4-src/stage0/src/../stdlib//Lean/Meta/Match/SimpH.c
[    ] Building /root/verify1002/clang/lean4-src/stage0/src/../stdlib//Lean/Meta/Match/Value.c
[    ] Building /root/verify1002/clang/lean4-src/stage0/src/../stdlib//Lean/Meta/Match/SolveOverlap.c
[    ] Building /root/verify1002/clang/lean4-src/stage0/src/../stdlib//Lean/Meta/MatchUtil.c
[    ] Building /root/verify1002/clang/lean4-src/stage0/src/../stdlib//Lean/Meta/MethodSpecs.c
[    ] Building /root/verify1002/clang/lean4-src/stage0/src/../stdlib//Lean/Meta/MkIffOfInductiveProp.c
[    ] Building /root/verify1002/clang/lean4-src/stage0/src/../stdlib//Lean/Meta/NatInstTesters.c
[    ] Building /root/verify1002/clang/lean4-src/stage0/src/../stdlib//Lean/Meta/Offset.c
[    ] Building /root/verify1002/clang/lean4-src/stage0/src/../stdlib//Lean/Meta/NatTable.c
[    ] Building /root/verify1002/clang/lean4-src/stage0/src/../stdlib//Lean/Meta/PPGoal.c
[    ] Building /root/verify1002/clang/lean4-src/stage0/src/../stdlib//Lean/Meta/Order.c
[    ] Building /root/verify1002/clang/lean4-src/stage0/src/../stdlib//Lean/Meta/RecursorInfo.c
[    ] Building /root/verify1002/clang/lean4-src/stage0/src/../stdlib//Lean/Meta/ProdN.c
[    ] Building /root/verify1002/clang/lean4-src/stage0/src/../stdlib//Lean/Meta/PProdN.c
[    ] Building /root/verify1002/clang/lean4-src/stage0/src/../stdlib//Lean/Meta/Reduce.c
[    ] Building /root/verify1002/clang/lean4-src/stage0/src/../stdlib//Lean/Meta/ReduceEval.c
[    ] Building /root/verify1002/clang/lean4-src/stage0/src/../stdlib//Lean/Meta/SameCtorUtils.c
[    ] Building /root/verify1002/clang/lean4-src/stage0/src/../stdlib//Lean/Meta/SizeOf.c
[    ] Building /root/verify1002/clang/lean4-src/stage0/src/../stdlib//Lean/Meta/Sorry.c
[    ] Building /root/verify1002/clang/lean4-src/stage0/src/../stdlib//Lean/Meta/Structure.c
[    ] Building /root/verify1002/clang/lean4-src/stage0/src/../stdlib//Lean/Meta/SynthInstance.c
[    ] Building /root/verify1002/clang/lean4-src/stage0/src/../stdlib//Lean/Meta/Tactic.c
[    ] Building /root/verify1002/clang/lean4-src/stage0/src/../stdlib//Lean/Meta/Tactic/AC.c
[    ] Building /root/verify1002/clang/lean4-src/stage0/src/../stdlib//Lean/Meta/Tactic/AC/Main.c
[    ] Building /root/verify1002/clang/lean4-src/stage0/src/../stdlib//Lean/Meta/Tactic/Acyclic.c
[    ] Building /root/verify1002/clang/lean4-src/stage0/src/../stdlib//Lean/Meta/Tactic/Apply.c
[    ] Building /root/verify1002/clang/lean4-src/stage0/src/../stdlib//Lean/Meta/Tactic/Assert.c
[    ] Building /root/verify1002/clang/lean4-src/stage0/src/../stdlib//Lean/Meta/Tactic/Assumption.c
[    ] Building /root/verify1002/clang/lean4-src/stage0/src/../stdlib//Lean/Meta/Tactic/AuxLemma.c
[    ] Building /root/verify1002/clang/lean4-src/stage0/src/../stdlib//Lean/Meta/Tactic/Cases.c
[    ] Building /root/verify1002/clang/lean4-src/stage0/src/../stdlib//Lean/Meta/Tactic/Backtrack.c
[    ] Building /root/verify1002/clang/lean4-src/stage0/src/../stdlib//Lean/Meta/Tactic/CasesOnStuckLHS.c
[    ] Building /root/verify1002/clang/lean4-src/stage0/src/../stdlib//Lean/Meta/Tactic/Cleanup.c
[    ] Building /root/verify1002/clang/lean4-src/stage0/src/../stdlib//Lean/Meta/Tactic/Clear.c
[    ] Building /root/verify1002/clang/lean4-src/stage0/src/../stdlib//Lean/Meta/Tactic/Congr.c
[    ] Building /root/verify1002/clang/lean4-src/stage0/src/../stdlib//Lean/Meta/Tactic/Contradiction.c
[    ] Building /root/verify1002/clang/lean4-src/stage0/src/../stdlib//Lean/Meta/Tactic/Constructor.c
[    ] Building /root/verify1002/clang/lean4-src/stage0/src/../stdlib//Lean/Meta/Tactic/ElimInfo.c
[    ] Building /root/verify1002/clang/lean4-src/stage0/src/../stdlib//Lean/Meta/Tactic/Delta.c
[    ] Building /root/verify1002/clang/lean4-src/stage0/src/../stdlib//Lean/Meta/Tactic/Ext.c
[    ] Building /root/verify1002/clang/lean4-src/stage0/src/../stdlib//Lean/Meta/Tactic/ExposeNames.c
[    ] Building /root/verify1002/clang/lean4-src/stage0/src/../stdlib//Lean/Meta/Tactic/FVarSubst.c
[    ] Building /root/verify1002/clang/lean4-src/stage0/src/../stdlib//Lean/Meta/Tactic/FunInd.c
[    ] Building /root/verify1002/clang/lean4-src/stage0/src/../stdlib//Lean/Meta/Tactic/FunIndCollect.c
[    ] Building /root/verify1002/clang/lean4-src/stage0/src/../stdlib//Lean/Meta/Tactic/FunIndInfo.c
[    ] Building /root/verify1002/clang/lean4-src/stage0/src/../stdlib//Lean/Meta/Tactic/Generalize.c
[    ] Building /root/verify1002/clang/lean4-src/stage0/src/../stdlib//Lean/Meta/Tactic/Grind.c
[    ] Building /root/verify1002/clang/lean4-src/stage0/src/../stdlib//Lean/Meta/Tactic/Grind/AC.c
[    ] Building /root/verify1002/clang/lean4-src/stage0/src/../stdlib//Lean/Meta/Tactic/Grind/AC/Action.c
[    ] Building /root/verify1002/clang/lean4-src/stage0/src/../stdlib//Lean/Meta/Tactic/Grind/AC/DenoteExpr.c
[    ] Building /root/verify1002/clang/lean4-src/stage0/src/../stdlib//Lean/Meta/Tactic/Grind/AC/Eq.c
[    ] Building /root/verify1002/clang/lean4-src/stage0/src/../stdlib//Lean/Meta/Tactic/Grind/AC/Internalize.c
[    ] Building /root/verify1002/clang/lean4-src/stage0/src/../stdlib//Lean/Meta/Tactic/Grind/AC/Inv.c
[    ] Building /root/verify1002/clang/lean4-src/stage0/src/../stdlib//Lean/Meta/Tactic/Grind/AC/PP.c
[    ] Building /root/verify1002/clang/lean4-src/stage0/src/../stdlib//Lean/Meta/Tactic/Grind/AC/Proof.c
[    ] Building /root/verify1002/clang/lean4-src/stage0/src/../stdlib//Lean/Meta/Tactic/Grind/AC/Seq.c
[    ] Building /root/verify1002/clang/lean4-src/stage0/src/../stdlib//Lean/Meta/Tactic/Grind/AC/ToExpr.c
[    ] Building /root/verify1002/clang/lean4-src/stage0/src/../stdlib//Lean/Meta/Tactic/Grind/AC/Types.c
[    ] Building /root/verify1002/clang/lean4-src/stage0/src/../stdlib//Lean/Meta/Tactic/Grind/AC/Util.c
[    ] Building /root/verify1002/clang/lean4-src/stage0/src/../stdlib//Lean/Meta/Tactic/Grind/AC/Var.c
[    ] Building /root/verify1002/clang/lean4-src/stage0/src/../stdlib//Lean/Meta/Tactic/Grind/AC/VarRename.c
[    ] Building /root/verify1002/clang/lean4-src/stage0/src/../stdlib//Lean/Meta/Tactic/Grind/Action.c
[    ] Building /root/verify1002/clang/lean4-src/stage0/src/../stdlib//Lean/Meta/Tactic/Grind/AlphaShareCommon.c
[    ] Building /root/verify1002/clang/lean4-src/stage0/src/../stdlib//Lean/Meta/Tactic/Grind/Anchor.c
[    ] Building /root/verify1002/clang/lean4-src/stage0/src/../stdlib//Lean/Meta/Tactic/Grind/Arith.c
[    ] Building /root/verify1002/clang/lean4-src/stage0/src/../stdlib//Lean/Meta/Tactic/Grind/Arith/CommRing.c
[    ] Building /root/verify1002/clang/lean4-src/stage0/src/../stdlib//Lean/Meta/Tactic/Grind/Arith/CommRing/Action.c
[    ] Building /root/verify1002/clang/lean4-src/stage0/src/../stdlib//Lean/Meta/Tactic/Grind/Arith/CommRing/DenoteExpr.c
[    ] Building /root/verify1002/clang/lean4-src/stage0/src/../stdlib//Lean/Meta/Tactic/Grind/Arith/CommRing/EqCnstr.c
[    ] Building /root/verify1002/clang/lean4-src/stage0/src/../stdlib//Lean/Meta/Tactic/Grind/Arith/CommRing/Functions.c
[    ] Building /root/verify1002/clang/lean4-src/stage0/src/../stdlib//Lean/Meta/Tactic/Grind/Arith/CommRing/Internalize.c
[    ] Building /root/verify1002/clang/lean4-src/stage0/src/../stdlib//Lean/Meta/Tactic/Grind/Arith/CommRing/Inv.c
[    ] Building /root/verify1002/clang/lean4-src/stage0/src/../stdlib//Lean/Meta/Tactic/Grind/Arith/CommRing/MonadCanon.c
[    ] Building /root/verify1002/clang/lean4-src/stage0/src/../stdlib//Lean/Meta/Tactic/Grind/Arith/CommRing/MonadRing.c
[    ] Building /root/verify1002/clang/lean4-src/stage0/src/../stdlib//Lean/Meta/Tactic/Grind/Arith/CommRing/MonadSemiring.c
[    ] Building /root/verify1002/clang/lean4-src/stage0/src/../stdlib//Lean/Meta/Tactic/Grind/Arith/CommRing/NonCommRingM.c
[    ] Building /root/verify1002/clang/lean4-src/stage0/src/../stdlib//Lean/Meta/Tactic/Grind/Arith/CommRing/NonCommSemiringM.c
[    ] Building /root/verify1002/clang/lean4-src/stage0/src/../stdlib//Lean/Meta/Tactic/Grind/Arith/CommRing/PP.c
[    ] Building /root/verify1002/clang/lean4-src/stage0/src/../stdlib//Lean/Meta/Tactic/Grind/Arith/CommRing/Poly.c
[    ] Building /root/verify1002/clang/lean4-src/stage0/src/../stdlib//Lean/Meta/Tactic/Grind/Arith/CommRing/Power.c
[    ] Building /root/verify1002/clang/lean4-src/stage0/src/../stdlib//Lean/Meta/Tactic/Grind/Arith/CommRing/Proof.c
[    ] Building /root/verify1002/clang/lean4-src/stage0/src/../stdlib//Lean/Meta/Tactic/Grind/Arith/CommRing/Reify.c
[    ] Building /root/verify1002/clang/lean4-src/stage0/src/../stdlib//Lean/Meta/Tactic/Grind/Arith/CommRing/RingId.c
[    ] Building /root/verify1002/clang/lean4-src/stage0/src/../stdlib//Lean/Meta/Tactic/Grind/Arith/CommRing/RingM.c
[    ] Building /root/verify1002/clang/lean4-src/stage0/src/../stdlib//Lean/Meta/Tactic/Grind/Arith/CommRing/SafePoly.c
[    ] Building /root/verify1002/clang/lean4-src/stage0/src/../stdlib//Lean/Meta/Tactic/Grind/Arith/CommRing/SemiringM.c
[    ] Building /root/verify1002/clang/lean4-src/stage0/src/../stdlib//Lean/Meta/Tactic/Grind/Arith/CommRing/ToExpr.c
[    ] Building /root/verify1002/clang/lean4-src/stage0/src/../stdlib//Lean/Meta/Tactic/Grind/Arith/CommRing/Types.c
[    ] Building /root/verify1002/clang/lean4-src/stage0/src/../stdlib//Lean/Meta/Tactic/Grind/Arith/CommRing/VarRename.c
[    ] Building /root/verify1002/clang/lean4-src/stage0/src/../stdlib//Lean/Meta/Tactic/Grind/Arith/Cutsat.c
[    ] Building /root/verify1002/clang/lean4-src/stage0/src/../stdlib//Lean/Meta/Tactic/Grind/Arith/Cutsat/CommRing.c
[    ] Building /root/verify1002/clang/lean4-src/stage0/src/../stdlib//Lean/Meta/Tactic/Grind/Arith/Cutsat/DvdCnstr.c
[    ] Building /root/verify1002/clang/lean4-src/stage0/src/../stdlib//Lean/Meta/Tactic/Grind/Arith/Cutsat/EqCnstr.c
[    ] Building /root/verify1002/clang/lean4-src/stage0/src/../stdlib//Lean/Meta/Tactic/Grind/Arith/Cutsat/Action.c
[    ] Building /root/verify1002/clang/lean4-src/stage0/src/../stdlib//Lean/Meta/Tactic/Grind/Arith/Cutsat/Inv.c
[    ] Building /root/verify1002/clang/lean4-src/stage0/src/../stdlib//Lean/Meta/Tactic/Grind/Arith/Cutsat/LeCnstr.c
[    ] Building /root/verify1002/clang/lean4-src/stage0/src/../stdlib//Lean/Meta/Tactic/Grind/Arith/Cutsat/MBTC.c
[    ] Building /root/verify1002/clang/lean4-src/stage0/src/../stdlib//Lean/Meta/Tactic/Grind/Arith/Cutsat/Nat.c
[    ] Building /root/verify1002/clang/lean4-src/stage0/src/../stdlib//Lean/Meta/Tactic/Grind/Arith/Cutsat/Model.c
[    ] Building /root/verify1002/clang/lean4-src/stage0/src/../stdlib//Lean/Meta/Tactic/Grind/Arith/Cutsat/Norm.c
[    ] Building /root/verify1002/clang/lean4-src/stage0/src/../stdlib//Lean/Meta/Tactic/Grind/Arith/Cutsat/Proof.c
[    ] Building /root/verify1002/clang/lean4-src/stage0/src/../stdlib//Lean/Meta/Tactic/Grind/Arith/Cutsat/ReorderVars.c
[    ] Building /root/verify1002/clang/lean4-src/stage0/src/../stdlib//Lean/Meta/Tactic/Grind/Arith/Cutsat/Search.c
[    ] Building /root/verify1002/clang/lean4-src/stage0/src/../stdlib//Lean/Meta/Tactic/Grind/Arith/Cutsat/SearchM.c
[    ] Building /root/verify1002/clang/lean4-src/stage0/src/../stdlib//Lean/Meta/Tactic/Grind/Arith/Cutsat/ToInt.c
[    ] Building /root/verify1002/clang/lean4-src/stage0/src/../stdlib//Lean/Meta/Tactic/Grind/Arith/Cutsat/ToIntInfo.c
[    ] Building /root/verify1002/clang/lean4-src/stage0/src/../stdlib//Lean/Meta/Tactic/Grind/Arith/Cutsat/Types.c
[    ] Building /root/verify1002/clang/lean4-src/stage0/src/../stdlib//Lean/Meta/Tactic/Grind/Arith/Cutsat/Util.c
[    ] Building /root/verify1002/clang/lean4-src/stage0/src/../stdlib//Lean/Meta/Tactic/Grind/Arith/Cutsat/VarRename.c
[    ] Building /root/verify1002/clang/lean4-src/stage0/src/../stdlib//Lean/Meta/Tactic/Grind/Arith/EvalNum.c
[    ] Building /root/verify1002/clang/lean4-src/stage0/src/../stdlib//Lean/Meta/Tactic/Grind/Arith/Cutsat/Var.c
[    ] Building /root/verify1002/clang/lean4-src/stage0/src/../stdlib//Lean/Meta/Tactic/Grind/Arith/FieldNormNum.c
[    ] Building /root/verify1002/clang/lean4-src/stage0/src/../stdlib//Lean/Meta/Tactic/Grind/Arith/Insts.c
[    ] Building /root/verify1002/clang/lean4-src/stage0/src/../stdlib//Lean/Meta/Tactic/Grind/Arith/IsRelevant.c
[    ] Building /root/verify1002/clang/lean4-src/stage0/src/../stdlib//Lean/Meta/Tactic/Grind/Arith/Linear.c
[    ] Building /root/verify1002/clang/lean4-src/stage0/src/../stdlib//Lean/Meta/Tactic/Grind/Arith/Linear/Action.c
[    ] Building /root/verify1002/clang/lean4-src/stage0/src/../stdlib//Lean/Meta/Tactic/Grind/Arith/Linear/Den.c
[    ] Building /root/verify1002/clang/lean4-src/stage0/src/../stdlib//Lean/Meta/Tactic/Grind/Arith/Linear/IneqCnstr.c
[    ] Building /root/verify1002/clang/lean4-src/stage0/src/../stdlib//Lean/Meta/Tactic/Grind/Arith/Linear/DenoteExpr.c
[    ] Building /root/verify1002/clang/lean4-src/stage0/src/../stdlib//Lean/Meta/Tactic/Grind/Arith/Linear/Internalize.c
[    ] Building /root/verify1002/clang/lean4-src/stage0/src/../stdlib//Lean/Meta/Tactic/Grind/Arith/Linear/Inv.c
[    ] Building /root/verify1002/clang/lean4-src/stage0/src/../stdlib//Lean/Meta/Tactic/Grind/Arith/Linear/LinearM.c
[    ] Building /root/verify1002/clang/lean4-src/stage0/src/../stdlib//Lean/Meta/Tactic/Grind/Arith/Linear/MBTC.c
[    ] Building /root/verify1002/clang/lean4-src/stage0/src/../stdlib//Lean/Meta/Tactic/Grind/Arith/Linear/Model.c
[    ] Building /root/verify1002/clang/lean4-src/stage0/src/../stdlib//Lean/Meta/Tactic/Grind/Arith/Linear/OfNatModule.c
[    ] Building /root/verify1002/clang/lean4-src/stage0/src/../stdlib//Lean/Meta/Tactic/Grind/Arith/Linear/PP.c
[    ] Building /root/verify1002/clang/lean4-src/stage0/src/../stdlib//Lean/Meta/Tactic/Grind/Arith/Linear/Proof.c
[    ] Building /root/verify1002/clang/lean4-src/stage0/src/../stdlib//Lean/Meta/Tactic/Grind/Arith/Linear/PropagateEq.c
[    ] Building /root/verify1002/clang/lean4-src/stage0/src/../stdlib//Lean/Meta/Tactic/Grind/Arith/Linear/Reify.c
[    ] Building /root/verify1002/clang/lean4-src/stage0/src/../stdlib//Lean/Meta/Tactic/Grind/Arith/Linear/SearchM.c
[    ] Building /root/verify1002/clang/lean4-src/stage0/src/../stdlib//Lean/Meta/Tactic/Grind/Arith/Linear/Search.c
[    ] Building /root/verify1002/clang/lean4-src/stage0/src/../stdlib//Lean/Meta/Tactic/Grind/Arith/Linear/StructId.c
[    ] Building /root/verify1002/clang/lean4-src/stage0/src/../stdlib//Lean/Meta/Tactic/Grind/Arith/Linear/ToExpr.c
[    ] Building /root/verify1002/clang/lean4-src/stage0/src/../stdlib//Lean/Meta/Tactic/Grind/Arith/Linear/Types.c
[    ] Building /root/verify1002/clang/lean4-src/stage0/src/../stdlib//Lean/Meta/Tactic/Grind/Arith/Linear/Util.c
[    ] Building /root/verify1002/clang/lean4-src/stage0/src/../stdlib//Lean/Meta/Tactic/Grind/Arith/Linear/Var.c
[    ] Building /root/verify1002/clang/lean4-src/stage0/src/../stdlib//Lean/Meta/Tactic/Grind/Arith/Linear/VarRename.c
[    ] Building /root/verify1002/clang/lean4-src/stage0/src/../stdlib//Lean/Meta/Tactic/Grind/Arith/Main.c
[    ] Building /root/verify1002/clang/lean4-src/stage0/src/../stdlib//Lean/Meta/Tactic/Grind/Arith/Model.c
[    ] Building /root/verify1002/clang/lean4-src/stage0/src/../stdlib//Lean/Meta/Tactic/Grind/Arith/ModelUtil.c
[    ] Building /root/verify1002/clang/lean4-src/stage0/src/../stdlib//Lean/Meta/Tactic/Grind/Arith/Propagate.c
[    ] Building /root/verify1002/clang/lean4-src/stage0/src/../stdlib//Lean/Meta/Tactic/Grind/Arith/Simproc.c
[    ] Building /root/verify1002/clang/lean4-src/stage0/src/../stdlib//Lean/Meta/Tactic/Grind/Arith/Types.c
[    ] Building /root/verify1002/clang/lean4-src/stage0/src/../stdlib//Lean/Meta/Tactic/Grind/Arith/Util.c
[    ] Building /root/verify1002/clang/lean4-src/stage0/src/../stdlib//Lean/Meta/Tactic/Grind/Attr.c
[    ] Building /root/verify1002/clang/lean4-src/stage0/src/../stdlib//Lean/Meta/Tactic/Grind/Beta.c
[    ] Building /root/verify1002/clang/lean4-src/stage0/src/../stdlib//Lean/Meta/Tactic/Grind/Canon.c
[    ] Building /root/verify1002/clang/lean4-src/stage0/src/../stdlib//Lean/Meta/Tactic/Grind/Cases.c
[    ] Building /root/verify1002/clang/lean4-src/stage0/src/../stdlib//Lean/Meta/Tactic/Grind/CasesMatch.c
[    ] Building /root/verify1002/clang/lean4-src/stage0/src/../stdlib//Lean/Meta/Tactic/Grind/CastLike.c
[    ] Building /root/verify1002/clang/lean4-src/stage0/src/../stdlib//Lean/Meta/Tactic/Grind/CheckResult.c
[    ] Building /root/verify1002/clang/lean4-src/stage0/src/../stdlib//Lean/Meta/Tactic/Grind/CollectParams.c
[    ] Building /root/verify1002/clang/lean4-src/stage0/src/../stdlib//Lean/Meta/Tactic/Grind/Core.c
[    ] Building /root/verify1002/clang/lean4-src/stage0/src/../stdlib//Lean/Meta/Tactic/Grind/Ctor.c
[    ] Building /root/verify1002/clang/lean4-src/stage0/src/../stdlib//Lean/Meta/Tactic/Grind/Diseq.c
[    ] Building /root/verify1002/clang/lean4-src/stage0/src/../stdlib//Lean/Meta/Tactic/Grind/EMatch.c
[    ] Building /root/verify1002/clang/lean4-src/stage0/src/../stdlib//Lean/Meta/Tactic/Grind/EMatchAction.c
[    ] Building /root/verify1002/clang/lean4-src/stage0/src/../stdlib//Lean/Meta/Tactic/Grind/EMatchTheorem.c
[    ] Building /root/verify1002/clang/lean4-src/stage0/src/../stdlib//Lean/Meta/Tactic/Grind/EMatchTheoremParam.c
[    ] Building /root/verify1002/clang/lean4-src/stage0/src/../stdlib//Lean/Meta/Tactic/Grind/EMatchTheoremPtr.c
[    ] Building /root/verify1002/clang/lean4-src/stage0/src/../stdlib//Lean/Meta/Tactic/Grind/EqResolution.c
[    ] Building /root/verify1002/clang/lean4-src/stage0/src/../stdlib//Lean/Meta/Tactic/Grind/ExprPtr.c
[    ] Building /root/verify1002/clang/lean4-src/stage0/src/../stdlib//Lean/Meta/Tactic/Grind/Ext.c
[    ] Building /root/verify1002/clang/lean4-src/stage0/src/../stdlib//Lean/Meta/Tactic/Grind/ExtAttr.c
[    ] Building /root/verify1002/clang/lean4-src/stage0/src/../stdlib//Lean/Meta/Tactic/Grind/Filter.c
[    ] Building /root/verify1002/clang/lean4-src/stage0/src/../stdlib//Lean/Meta/Tactic/Grind/Finish.c
[    ] Building /root/verify1002/clang/lean4-src/stage0/src/../stdlib//Lean/Meta/Tactic/Grind/ForallProp.c
[    ] Building /root/verify1002/clang/lean4-src/stage0/src/../stdlib//Lean/Meta/Tactic/Grind/FunCC.c
[    ] Building /root/verify1002/clang/lean4-src/stage0/src/../stdlib//Lean/Meta/Tactic/Grind/Injection.c
[    ] Building /root/verify1002/clang/lean4-src/stage0/src/../stdlib//Lean/Meta/Tactic/Grind/Injective.c
[    ] Building /root/verify1002/clang/lean4-src/stage0/src/../stdlib//Lean/Meta/Tactic/Grind/Internalize.c
[    ] Building /root/verify1002/clang/lean4-src/stage0/src/../stdlib//Lean/Meta/Tactic/Grind/Intro.c
[    ] Building /root/verify1002/clang/lean4-src/stage0/src/../stdlib//Lean/Meta/Tactic/Grind/Inv.c
[    ] Building /root/verify1002/clang/lean4-src/stage0/src/../stdlib//Lean/Meta/Tactic/Grind/LawfulEqCmp.c
[    ] Building /root/verify1002/clang/lean4-src/stage0/src/../stdlib//Lean/Meta/Tactic/Grind/Lookahead.c
[    ] Building /root/verify1002/clang/lean4-src/stage0/src/../stdlib//Lean/Meta/Tactic/Grind/MBTC.c
[    ] Building /root/verify1002/clang/lean4-src/stage0/src/../stdlib//Lean/Meta/Tactic/Grind/Main.c
[    ] Building /root/verify1002/clang/lean4-src/stage0/src/../stdlib//Lean/Meta/Tactic/Grind/MarkNestedSubsingletons.c
[    ] Building /root/verify1002/clang/lean4-src/stage0/src/../stdlib//Lean/Meta/Tactic/Grind/MatchCond.c
[    ] Building /root/verify1002/clang/lean4-src/stage0/src/../stdlib//Lean/Meta/Tactic/Grind/MatchDiscrOnly.c
[    ] Building /root/verify1002/clang/lean4-src/stage0/src/../stdlib//Lean/Meta/Tactic/Grind/Order.c
[    ] Building /root/verify1002/clang/lean4-src/stage0/src/../stdlib//Lean/Meta/Tactic/Grind/Order/Internalize.c
[    ] Building /root/verify1002/clang/lean4-src/stage0/src/../stdlib//Lean/Meta/Tactic/Grind/Order/Assert.c
[    ] Building /root/verify1002/clang/lean4-src/stage0/src/../stdlib//Lean/Meta/Tactic/Grind/Order/OrderM.c
[    ] Building /root/verify1002/clang/lean4-src/stage0/src/../stdlib//Lean/Meta/Tactic/Grind/Order/StructId.c
[    ] Building /root/verify1002/clang/lean4-src/stage0/src/../stdlib//Lean/Meta/Tactic/Grind/Order/Proof.c
[    ] Building /root/verify1002/clang/lean4-src/stage0/src/../stdlib//Lean/Meta/Tactic/Grind/Order/Types.c
[    ] Building /root/verify1002/clang/lean4-src/stage0/src/../stdlib//Lean/Meta/Tactic/Grind/Order/Util.c
[    ] Building /root/verify1002/clang/lean4-src/stage0/src/../stdlib//Lean/Meta/Tactic/Grind/OrderInsts.c
[    ] Building /root/verify1002/clang/lean4-src/stage0/src/../stdlib//Lean/Meta/Tactic/Grind/PP.c
[    ] Building /root/verify1002/clang/lean4-src/stage0/src/../stdlib//Lean/Meta/Tactic/Grind/Parser.c
[    ] Building /root/verify1002/clang/lean4-src/stage0/src/../stdlib//Lean/Meta/Tactic/Grind/Proj.c
[    ] Building /root/verify1002/clang/lean4-src/stage0/src/../stdlib//Lean/Meta/Tactic/Grind/Proof.c
[    ] Building /root/verify1002/clang/lean4-src/stage0/src/../stdlib//Lean/Meta/Tactic/Grind/ProofUtil.c
[    ] Building /root/verify1002/clang/lean4-src/stage0/src/../stdlib//Lean/Meta/Tactic/Grind/Propagate.c
[    ] Building /root/verify1002/clang/lean4-src/stage0/src/../stdlib//Lean/Meta/Tactic/Grind/PropagateInj.c
[    ] Building /root/verify1002/clang/lean4-src/stage0/src/../stdlib//Lean/Meta/Tactic/Grind/ProveEq.c
[    ] Building /root/verify1002/clang/lean4-src/stage0/src/../stdlib//Lean/Meta/Tactic/Grind/PropagatorAttr.c
[    ] Building /root/verify1002/clang/lean4-src/stage0/src/../stdlib//Lean/Meta/Tactic/Grind/ReflCmp.c
[    ] Building /root/verify1002/clang/lean4-src/stage0/src/../stdlib//Lean/Meta/Tactic/Grind/RevertAll.c
[    ] Building /root/verify1002/clang/lean4-src/stage0/src/../stdlib//Lean/Meta/Tactic/Grind/Simp.c
[    ] Building /root/verify1002/clang/lean4-src/stage0/src/../stdlib//Lean/Meta/Tactic/Grind/SimpUtil.c
[    ] Building /root/verify1002/clang/lean4-src/stage0/src/../stdlib//Lean/Meta/Tactic/Grind/Solve.c
[    ] Building /root/verify1002/clang/lean4-src/stage0/src/../stdlib//Lean/Meta/Tactic/Grind/Split.c
[    ] Building /root/verify1002/clang/lean4-src/stage0/src/../stdlib//Lean/Meta/Tactic/Grind/SynthInstance.c
[    ] Building /root/verify1002/clang/lean4-src/stage0/src/../stdlib//Lean/Meta/Tactic/Grind/Theorems.c
[    ] Building /root/verify1002/clang/lean4-src/stage0/src/../stdlib//Lean/Meta/Tactic/Grind/Types.c
[    ] Building /root/verify1002/clang/lean4-src/stage0/src/../stdlib//Lean/Meta/Tactic/Grind/Util.c
[    ] Building /root/verify1002/clang/lean4-src/stage0/src/../stdlib//Lean/Meta/Tactic/Grind/VarRename.c
[    ] Building /root/verify1002/clang/lean4-src/stage0/src/../stdlib//Lean/Meta/Tactic/IndependentOf.c
[    ] Building /root/verify1002/clang/lean4-src/stage0/src/../stdlib//Lean/Meta/Tactic/Injection.c
[    ] Building /root/verify1002/clang/lean4-src/stage0/src/../stdlib//Lean/Meta/Tactic/Induction.c
[    ] Building /root/verify1002/clang/lean4-src/stage0/src/../stdlib//Lean/Meta/Tactic/Intro.c
[    ] Building /root/verify1002/clang/lean4-src/stage0/src/../stdlib//Lean/Meta/Tactic/Lets.c
[    ] Building /root/verify1002/clang/lean4-src/stage0/src/../stdlib//Lean/Meta/Tactic/LibrarySearch.c
[    ] Building /root/verify1002/clang/lean4-src/stage0/src/../stdlib//Lean/Meta/Tactic/NormCast.c
[    ] Building /root/verify1002/clang/lean4-src/stage0/src/../stdlib//Lean/Meta/Tactic/Refl.c
[    ] Building /root/verify1002/clang/lean4-src/stage0/src/../stdlib//Lean/Meta/Tactic/Rename.c
[    ] Building /root/verify1002/clang/lean4-src/stage0/src/../stdlib//Lean/Meta/Tactic/Repeat.c
[    ] Building /root/verify1002/clang/lean4-src/stage0/src/../stdlib//Lean/Meta/Tactic/Replace.c
[    ] Building /root/verify1002/clang/lean4-src/stage0/src/../stdlib//Lean/Meta/Tactic/Revert.c
[    ] Building /root/verify1002/clang/lean4-src/stage0/src/../stdlib//Lean/Meta/Tactic/Rewrite.c
[    ] Building /root/verify1002/clang/lean4-src/stage0/src/../stdlib//Lean/Meta/Tactic/Rewrites.c
[    ] Building /root/verify1002/clang/lean4-src/stage0/src/../stdlib//Lean/Meta/Tactic/Simp.c
[    ] Building /root/verify1002/clang/lean4-src/stage0/src/../stdlib//Lean/Meta/Tactic/Rfl.c
[    ] Building /root/verify1002/clang/lean4-src/stage0/src/../stdlib//Lean/Meta/Tactic/Simp/Arith.c
[    ] Building /root/verify1002/clang/lean4-src/stage0/src/../stdlib//Lean/Meta/Tactic/Simp/Arith/Int.c
[    ] Building /root/verify1002/clang/lean4-src/stage0/src/../stdlib//Lean/Meta/Tactic/Simp/Arith/Int/Basic.c
[    ] Building /root/verify1002/clang/lean4-src/stage0/src/../stdlib//Lean/Meta/Tactic/Simp/Arith/Int/Simp.c
[    ] Building /root/verify1002/clang/lean4-src/stage0/src/../stdlib//Lean/Meta/Tactic/Simp/Arith/Nat.c
[    ] Building /root/verify1002/clang/lean4-src/stage0/src/../stdlib//Lean/Meta/Tactic/Simp/Arith/Nat/Basic.c
[    ] Building /root/verify1002/clang/lean4-src/stage0/src/../stdlib//Lean/Meta/Tactic/Simp/Arith/Nat/Simp.c
[    ] Building /root/verify1002/clang/lean4-src/stage0/src/../stdlib//Lean/Meta/Tactic/Simp/Arith/Util.c
[    ] Building /root/verify1002/clang/lean4-src/stage0/src/../stdlib//Lean/Meta/Tactic/Simp/Attr.c
[    ] Building /root/verify1002/clang/lean4-src/stage0/src/../stdlib//Lean/Meta/Tactic/Simp/BuiltinSimprocs.c
[    ] Building /root/verify1002/clang/lean4-src/stage0/src/../stdlib//Lean/Meta/Tactic/Simp/BuiltinSimprocs/Array.c
[    ] Building /root/verify1002/clang/lean4-src/stage0/src/../stdlib//Lean/Meta/Tactic/Simp/BuiltinSimprocs/BitVec.c
[    ] Building /root/verify1002/clang/lean4-src/stage0/src/../stdlib//Lean/Meta/Tactic/Simp/BuiltinSimprocs/Char.c
[    ] Building /root/verify1002/clang/lean4-src/stage0/src/../stdlib//Lean/Meta/Tactic/Simp/BuiltinSimprocs/CtorIdx.c
[    ] Building /root/verify1002/clang/lean4-src/stage0/src/../stdlib//Lean/Meta/Tactic/Simp/BuiltinSimprocs/Core.c
[    ] Building /root/verify1002/clang/lean4-src/stage0/src/../stdlib//Lean/Meta/Tactic/Simp/BuiltinSimprocs/Fin.c
[    ] Building /root/verify1002/clang/lean4-src/stage0/src/../stdlib//Lean/Meta/Tactic/Simp/BuiltinSimprocs/Int.c
[    ] Building /root/verify1002/clang/lean4-src/stage0/src/../stdlib//Lean/Meta/Tactic/Simp/BuiltinSimprocs/List.c
[    ] Building /root/verify1002/clang/lean4-src/stage0/src/../stdlib//Lean/Meta/Tactic/Simp/BuiltinSimprocs/MethodSpecs.c
[    ] Building /root/verify1002/clang/lean4-src/stage0/src/../stdlib//Lean/Meta/Tactic/Simp/BuiltinSimprocs/Nat.c
[    ] Building /root/verify1002/clang/lean4-src/stage0/src/../stdlib//Lean/Meta/Tactic/Simp/BuiltinSimprocs/SInt.c
[    ] Building /root/verify1002/clang/lean4-src/stage0/src/../stdlib//Lean/Meta/Tactic/Simp/BuiltinSimprocs/String.c
[    ] Building /root/verify1002/clang/lean4-src/stage0/src/../stdlib//Lean/Meta/Tactic/Simp/BuiltinSimprocs/UInt.c
[    ] Building /root/verify1002/clang/lean4-src/stage0/src/../stdlib//Lean/Meta/Tactic/Simp/BuiltinSimprocs/Util.c
[    ] Building /root/verify1002/clang/lean4-src/stage0/src/../stdlib//Lean/Meta/Tactic/Simp/Diagnostics.c
[    ] Building /root/verify1002/clang/lean4-src/stage0/src/../stdlib//Lean/Meta/Tactic/Simp/LoopProtection.c
[    ] Building /root/verify1002/clang/lean4-src/stage0/src/../stdlib//Lean/Meta/Tactic/Simp/Main.c
[    ] Building /root/verify1002/clang/lean4-src/stage0/src/../stdlib//Lean/Meta/Tactic/Simp/RegisterCommand.c
[    ] Building /root/verify1002/clang/lean4-src/stage0/src/../stdlib//Lean/Meta/Tactic/Simp/Rewrite.c
[    ] Building /root/verify1002/clang/lean4-src/stage0/src/../stdlib//Lean/Meta/Tactic/Simp/SimpAll.c
[    ] Building /root/verify1002/clang/lean4-src/stage0/src/../stdlib//Lean/Meta/Tactic/Simp/SimpCongrTheorems.c
[    ] Building /root/verify1002/clang/lean4-src/stage0/src/../stdlib//Lean/Meta/Tactic/Simp/Simproc.c
[    ] Building /root/verify1002/clang/lean4-src/stage0/src/../stdlib//Lean/Meta/Tactic/Simp/SimpTheorems.c
[    ] Building /root/verify1002/clang/lean4-src/stage0/src/../stdlib//Lean/Meta/Tactic/SolveByElim.c
[    ] Building /root/verify1002/clang/lean4-src/stage0/src/../stdlib//Lean/Meta/Tactic/Simp/Types.c
[    ] Building /root/verify1002/clang/lean4-src/stage0/src/../stdlib//Lean/Meta/Tactic/Split.c
[    ] Building /root/verify1002/clang/lean4-src/stage0/src/../stdlib//Lean/Meta/Tactic/SplitIf.c
[    ] Building /root/verify1002/clang/lean4-src/stage0/src/../stdlib//Lean/Meta/Tactic/Subst.c
[    ] Building /root/verify1002/clang/lean4-src/stage0/src/../stdlib//Lean/Meta/Tactic/Symm.c
[    ] Building /root/verify1002/clang/lean4-src/stage0/src/../stdlib//Lean/Meta/Tactic/Try.c
[    ] Building /root/verify1002/clang/lean4-src/stage0/src/../stdlib//Lean/Meta/Tactic/Try/Collect.c
[    ] Building /root/verify1002/clang/lean4-src/stage0/src/../stdlib//Lean/Meta/Tactic/TryThis.c
[    ] Building /root/verify1002/clang/lean4-src/stage0/src/../stdlib//Lean/Meta/Tactic/Unfold.c
[    ] Building /root/verify1002/clang/lean4-src/stage0/src/../stdlib//Lean/Meta/Tactic/Util.c
[    ] Building /root/verify1002/clang/lean4-src/stage0/src/../stdlib//Lean/Meta/Tactic/UnifyEq.c
[    ] Building /root/verify1002/clang/lean4-src/stage0/src/../stdlib//Lean/Meta/Transform.c
[    ] Building /root/verify1002/clang/lean4-src/stage0/src/../stdlib//Lean/Meta/TransparencyMode.c
[    ] Building /root/verify1002/clang/lean4-src/stage0/src/../stdlib//Lean/Meta/TryThis.c
[    ] Building /root/verify1002/clang/lean4-src/stage0/src/../stdlib//Lean/Meta/UnificationHint.c
[    ] Building /root/verify1002/clang/lean4-src/stage0/src/../stdlib//Lean/Meta/WHNF.c
[    ] Building /root/verify1002/clang/lean4-src/stage0/src/../stdlib//Lean/MetavarContext.c
[    ] Building /root/verify1002/clang/lean4-src/stage0/src/../stdlib//Lean/Modifiers.c
[    ] Building /root/verify1002/clang/lean4-src/stage0/src/../stdlib//Lean/MonadEnv.c
[    ] Building /root/verify1002/clang/lean4-src/stage0/src/../stdlib//Lean/Namespace.c
[    ] Building /root/verify1002/clang/lean4-src/stage0/src/../stdlib//Lean/Parser.c
[    ] Building /root/verify1002/clang/lean4-src/stage0/src/../stdlib//Lean/Parser/Attr.c
[    ] Building /root/verify1002/clang/lean4-src/stage0/src/../stdlib//Lean/Parser/Basic.c
[    ] Building /root/verify1002/clang/lean4-src/stage0/src/../stdlib//Lean/Parser/Command.c
[    ] Building /root/verify1002/clang/lean4-src/stage0/src/../stdlib//Lean/Parser/Do.c
[    ] Building /root/verify1002/clang/lean4-src/stage0/src/../stdlib//Lean/Parser/Extension.c
[    ] Building /root/verify1002/clang/lean4-src/stage0/src/../stdlib//Lean/Parser/Extra.c
[    ] Building /root/verify1002/clang/lean4-src/stage0/src/../stdlib//Lean/Parser/Level.c
[    ] Building /root/verify1002/clang/lean4-src/stage0/src/../stdlib//Lean/Parser/Module.c
[    ] Building /root/verify1002/clang/lean4-src/stage0/src/../stdlib//Lean/Parser/StrInterpolation.c
[    ] Building /root/verify1002/clang/lean4-src/stage0/src/../stdlib//Lean/Parser/Syntax.c
[    ] Building /root/verify1002/clang/lean4-src/stage0/src/../stdlib//Lean/Parser/Tactic.c
[    ] Building /root/verify1002/clang/lean4-src/stage0/src/../stdlib//Lean/Parser/Tactic/Doc.c
[    ] Building /root/verify1002/clang/lean4-src/stage0/src/../stdlib//Lean/Parser/Term.c
[    ] Building /root/verify1002/clang/lean4-src/stage0/src/../stdlib//Lean/Parser/Term/Basic.c
[    ] Building /root/verify1002/clang/lean4-src/stage0/src/../stdlib//Lean/Parser/Term/Doc.c
[    ] Building /root/verify1002/clang/lean4-src/stage0/src/../stdlib//Lean/Parser/Types.c
[    ] Building /root/verify1002/clang/lean4-src/stage0/src/../stdlib//Lean/ParserCompiler.c
[    ] Building /root/verify1002/clang/lean4-src/stage0/src/../stdlib//Lean/ParserCompiler/Attribute.c
[    ] Building /root/verify1002/clang/lean4-src/stage0/src/../stdlib//Lean/PrettyPrinter.c
[    ] Building /root/verify1002/clang/lean4-src/stage0/src/../stdlib//Lean/PrettyPrinter/Basic.c
[    ] Building /root/verify1002/clang/lean4-src/stage0/src/../stdlib//Lean/PrettyPrinter/Delaborator.c
[    ] Building /root/verify1002/clang/lean4-src/stage0/src/../stdlib//Lean/PrettyPrinter/Delaborator/Attributes.c
[    ] Building /root/verify1002/clang/lean4-src/stage0/src/../stdlib//Lean/PrettyPrinter/Delaborator/Builtins.c
[    ] Building /root/verify1002/clang/lean4-src/stage0/src/../stdlib//Lean/PrettyPrinter/Delaborator/Basic.c
[    ] Building /root/verify1002/clang/lean4-src/stage0/src/../stdlib//Lean/PrettyPrinter/Delaborator/FieldNotation.c
[    ] Building /root/verify1002/clang/lean4-src/stage0/src/../stdlib//Lean/PrettyPrinter/Delaborator/Options.c
[    ] Building /root/verify1002/clang/lean4-src/stage0/src/../stdlib//Lean/PrettyPrinter/Delaborator/SubExpr.c
[    ] Building /root/verify1002/clang/lean4-src/stage0/src/../stdlib//Lean/PrettyPrinter/Delaborator/TopDownAnalyze.c
[    ] Building /root/verify1002/clang/lean4-src/stage0/src/../stdlib//Lean/PrettyPrinter/Formatter.c
[    ] Building /root/verify1002/clang/lean4-src/stage0/src/../stdlib//Lean/PrettyPrinter/Parenthesizer.c
[    ] Building /root/verify1002/clang/lean4-src/stage0/src/../stdlib//Lean/PrivateName.c
[    ] Building /root/verify1002/clang/lean4-src/stage0/src/../stdlib//Lean/ProjFns.c
[    ] Building /root/verify1002/clang/lean4-src/stage0/src/../stdlib//Lean/ReducibilityAttrs.c
[    ] Building /root/verify1002/clang/lean4-src/stage0/src/../stdlib//Lean/Replay.c
[    ] Building /root/verify1002/clang/lean4-src/stage0/src/../stdlib//Lean/ReservedNameAction.c
[    ] Building /root/verify1002/clang/lean4-src/stage0/src/../stdlib//Lean/ResolveName.c
[    ] Building /root/verify1002/clang/lean4-src/stage0/src/../stdlib//Lean/Runtime.c
[    ] Building /root/verify1002/clang/lean4-src/stage0/src/../stdlib//Lean/ScopedEnvExtension.c
[    ] Building /root/verify1002/clang/lean4-src/stage0/src/../stdlib//Lean/Server.c
[    ] Building /root/verify1002/clang/lean4-src/stage0/src/../stdlib//Lean/Server/AsyncList.c
[    ] Building /root/verify1002/clang/lean4-src/stage0/src/../stdlib//Lean/Server/CodeActions.c
[    ] Building /root/verify1002/clang/lean4-src/stage0/src/../stdlib//Lean/Server/CodeActions/Attr.c
[    ] Building /root/verify1002/clang/lean4-src/stage0/src/../stdlib//Lean/Server/CodeActions/Basic.c
[    ] Building /root/verify1002/clang/lean4-src/stage0/src/../stdlib//Lean/Server/CodeActions/UnknownIdentifier.c
[    ] Building /root/verify1002/clang/lean4-src/stage0/src/../stdlib//Lean/Server/CodeActions/Provider.c
[    ] Building /root/verify1002/clang/lean4-src/stage0/src/../stdlib//Lean/Server/Completion.c
[    ] Building /root/verify1002/clang/lean4-src/stage0/src/../stdlib//Lean/Server/Completion/CompletionInfoSelection.c
[    ] Building /root/verify1002/clang/lean4-src/stage0/src/../stdlib//Lean/Server/Completion/CompletionCollectors.c
[    ] Building /root/verify1002/clang/lean4-src/stage0/src/../stdlib//Lean/Server/Completion/CompletionItemCompression.c
[    ] Building /root/verify1002/clang/lean4-src/stage0/src/../stdlib//Lean/Server/Completion/CompletionResolution.c
[    ] Building /root/verify1002/clang/lean4-src/stage0/src/../stdlib//Lean/Server/Completion/CompletionUtils.c
[    ] Building /root/verify1002/clang/lean4-src/stage0/src/../stdlib//Lean/Server/Completion/EligibleHeaderDecls.c
[    ] Building /root/verify1002/clang/lean4-src/stage0/src/../stdlib//Lean/Server/Completion/ImportCompletion.c
[    ] Building /root/verify1002/clang/lean4-src/stage0/src/../stdlib//Lean/Server/Completion/SyntheticCompletion.c
[    ] Building /root/verify1002/clang/lean4-src/stage0/src/../stdlib//Lean/Server/FileSource.c
[    ] Building /root/verify1002/clang/lean4-src/stage0/src/../stdlib//Lean/Server/FileWorker.c
[    ] Building /root/verify1002/clang/lean4-src/stage0/src/../stdlib//Lean/Server/FileWorker/ExampleHover.c
[    ] Building /root/verify1002/clang/lean4-src/stage0/src/../stdlib//Lean/Server/FileWorker/InlayHints.c
[    ] Building /root/verify1002/clang/lean4-src/stage0/src/../stdlib//Lean/Server/FileWorker/RequestHandling.c
[    ] Building /root/verify1002/clang/lean4-src/stage0/src/../stdlib//Lean/Server/FileWorker/SemanticHighlighting.c
[    ] Building /root/verify1002/clang/lean4-src/stage0/src/../stdlib//Lean/Server/FileWorker/SetupFile.c
[    ] Building /root/verify1002/clang/lean4-src/stage0/src/../stdlib//Lean/Server/FileWorker/SignatureHelp.c
[    ] Building /root/verify1002/clang/lean4-src/stage0/src/../stdlib//Lean/Server/FileWorker/Utils.c
[    ] Building /root/verify1002/clang/lean4-src/stage0/src/../stdlib//Lean/Server/FileWorker/WidgetRequests.c
[    ] Building /root/verify1002/clang/lean4-src/stage0/src/../stdlib//Lean/Server/GoTo.c
[    ] Building /root/verify1002/clang/lean4-src/stage0/src/../stdlib//Lean/Server/InfoUtils.c
[    ] Building /root/verify1002/clang/lean4-src/stage0/src/../stdlib//Lean/Server/Logging.c
[    ] Building /root/verify1002/clang/lean4-src/stage0/src/../stdlib//Lean/Server/ProtocolOverview.c
[    ] Building /root/verify1002/clang/lean4-src/stage0/src/../stdlib//Lean/Server/References.c
[    ] Building /root/verify1002/clang/lean4-src/stage0/src/../stdlib//Lean/Server/RequestCancellation.c
[    ] Building /root/verify1002/clang/lean4-src/stage0/src/../stdlib//Lean/Server/Requests.c
[    ] Building /root/verify1002/clang/lean4-src/stage0/src/../stdlib//Lean/Server/Rpc.c
[    ] Building /root/verify1002/clang/lean4-src/stage0/src/../stdlib//Lean/Server/Rpc/Basic.c
[    ] Building /root/verify1002/clang/lean4-src/stage0/src/../stdlib//Lean/Server/Rpc/Deriving.c
[    ] Building /root/verify1002/clang/lean4-src/stage0/src/../stdlib//Lean/Server/Rpc/RequestHandling.c
[    ] Building /root/verify1002/clang/lean4-src/stage0/src/../stdlib//Lean/Server/ServerTask.c
[    ] Building /root/verify1002/clang/lean4-src/stage0/src/../stdlib//Lean/Server/Snapshots.c
[    ] Building /root/verify1002/clang/lean4-src/stage0/src/../stdlib//Lean/Server/Test.c
[    ] Building /root/verify1002/clang/lean4-src/stage0/src/../stdlib//Lean/Server/Test/Cancel.c
[    ] Building /root/verify1002/clang/lean4-src/stage0/src/../stdlib//Lean/Server/Test/Refs.c
[    ] Building /root/verify1002/clang/lean4-src/stage0/src/../stdlib//Lean/Server/Test/Runner.c
[    ] Building /root/verify1002/clang/lean4-src/stage0/src/../stdlib//Lean/Server/Utils.c
[    ] Building /root/verify1002/clang/lean4-src/stage0/src/../stdlib//Lean/Server/Watchdog.c
[    ] Building /root/verify1002/clang/lean4-src/stage0/src/../stdlib//Lean/Setup.c
[    ] Building /root/verify1002/clang/lean4-src/stage0/src/../stdlib//Lean/Shell.c
[    ] Building /root/verify1002/clang/lean4-src/stage0/src/../stdlib//Lean/Structure.c
[    ] Building /root/verify1002/clang/lean4-src/stage0/src/../stdlib//Lean/SubExpr.c
[    ] Building /root/verify1002/clang/lean4-src/stage0/src/../stdlib//Lean/Syntax.c
[    ] Building /root/verify1002/clang/lean4-src/stage0/src/../stdlib//Lean/ToExpr.c
[    ] Building /root/verify1002/clang/lean4-src/stage0/src/../stdlib//Lean/ToLevel.c
[    ] Building /root/verify1002/clang/lean4-src/stage0/src/../stdlib//Lean/Util.c
[    ] Building /root/verify1002/clang/lean4-src/stage0/src/../stdlib//Lean/Util/CollectAxioms.c
[    ] Building /root/verify1002/clang/lean4-src/stage0/src/../stdlib//Lean/Util/CollectFVars.c
[    ] Building /root/verify1002/clang/lean4-src/stage0/src/../stdlib//Lean/Util/CollectLevelMVars.c
[    ] Building /root/verify1002/clang/lean4-src/stage0/src/../stdlib//Lean/Util/CollectLevelParams.c
[    ] Building /root/verify1002/clang/lean4-src/stage0/src/../stdlib//Lean/Util/CollectLooseBVars.c
[    ] Building /root/verify1002/clang/lean4-src/stage0/src/../stdlib//Lean/Util/CollectMVars.c
[    ] Building /root/verify1002/clang/lean4-src/stage0/src/../stdlib//Lean/Util/Diff.c
[    ] Building /root/verify1002/clang/lean4-src/stage0/src/../stdlib//Lean/Util/FVarSubset.c
[    ] Building /root/verify1002/clang/lean4-src/stage0/src/../stdlib//Lean/Util/FindExpr.c
[    ] Building /root/verify1002/clang/lean4-src/stage0/src/../stdlib//Lean/Util/FindLevelMVar.c
[    ] Building /root/verify1002/clang/lean4-src/stage0/src/../stdlib//Lean/Util/FindMVar.c
[    ] Building /root/verify1002/clang/lean4-src/stage0/src/../stdlib//Lean/Util/FoldConsts.c
[    ] Building /root/verify1002/clang/lean4-src/stage0/src/../stdlib//Lean/Util/ForEachExpr.c
[    ] Building /root/verify1002/clang/lean4-src/stage0/src/../stdlib//Lean/Util/ForEachExprWhere.c
[    ] Building /root/verify1002/clang/lean4-src/stage0/src/../stdlib//Lean/Util/HasConstCache.c
[    ] Building /root/verify1002/clang/lean4-src/stage0/src/../stdlib//Lean/Util/Heartbeats.c
[    ] Building /root/verify1002/clang/lean4-src/stage0/src/../stdlib//Lean/Util/InstantiateLevelParams.c
[    ] Building /root/verify1002/clang/lean4-src/stage0/src/../stdlib//Lean/Util/LakePath.c
[    ] Building /root/verify1002/clang/lean4-src/stage0/src/../stdlib//Lean/Util/LeanOptions.c
[    ] Building /root/verify1002/clang/lean4-src/stage0/src/../stdlib//Lean/Util/MonadBacktrack.c
[    ] Building /root/verify1002/clang/lean4-src/stage0/src/../stdlib//Lean/Util/MonadCache.c
[    ] Building /root/verify1002/clang/lean4-src/stage0/src/../stdlib//Lean/Util/NumApps.c
[    ] Building /root/verify1002/clang/lean4-src/stage0/src/../stdlib//Lean/Util/NumObjs.c
[    ] Building /root/verify1002/clang/lean4-src/stage0/src/../stdlib//Lean/Util/OccursCheck.c
[    ] Building /root/verify1002/clang/lean4-src/stage0/src/../stdlib//Lean/Util/PPExt.c
[    ] Building /root/verify1002/clang/lean4-src/stage0/src/../stdlib//Lean/Util/ParamMinimizer.c
[    ] Building /root/verify1002/clang/lean4-src/stage0/src/../stdlib//Lean/Util/Path.c
[    ] Building /root/verify1002/clang/lean4-src/stage0/src/../stdlib//Lean/Util/Profile.c
[    ] Building /root/verify1002/clang/lean4-src/stage0/src/../stdlib//Lean/Util/Profiler.c
[    ] Building /root/verify1002/clang/lean4-src/stage0/src/../stdlib//Lean/Util/PtrSet.c
[    ] Building /root/verify1002/clang/lean4-src/stage0/src/../stdlib//Lean/Util/RecDepth.c
[    ] Building /root/verify1002/clang/lean4-src/stage0/src/../stdlib//Lean/Util/Recognizers.c
[    ] Building /root/verify1002/clang/lean4-src/stage0/src/../stdlib//Lean/Util/ReplaceExpr.c
[    ] Building /root/verify1002/clang/lean4-src/stage0/src/../stdlib//Lean/Util/ReplaceLevel.c
[    ] Building /root/verify1002/clang/lean4-src/stage0/src/../stdlib//Lean/Util/Reprove.c
[    ] Building /root/verify1002/clang/lean4-src/stage0/src/../stdlib//Lean/Util/SCC.c
[    ] Building /root/verify1002/clang/lean4-src/stage0/src/../stdlib//Lean/Util/SafeExponentiation.c
[    ] Building /root/verify1002/clang/lean4-src/stage0/src/../stdlib//Lean/Util/ShareCommon.c
[    ] Building /root/verify1002/clang/lean4-src/stage0/src/../stdlib//Lean/Util/Sorry.c
[    ] Building /root/verify1002/clang/lean4-src/stage0/src/../stdlib//Lean/Util/TestExtern.c
[    ] Building /root/verify1002/clang/lean4-src/stage0/src/../stdlib//Lean/Util/SortExprs.c
[    ] Building /root/verify1002/clang/lean4-src/stage0/src/../stdlib//Lean/Util/Trace.c
[    ] Building /root/verify1002/clang/lean4-src/stage0/src/../stdlib//Lean/Widget.c
[    ] Building /root/verify1002/clang/lean4-src/stage0/src/../stdlib//Lean/Widget/Basic.c
[    ] Building /root/verify1002/clang/lean4-src/stage0/src/../stdlib//Lean/Widget/Commands.c
[    ] Building /root/verify1002/clang/lean4-src/stage0/src/../stdlib//Lean/Widget/Diff.c
[    ] Building /root/verify1002/clang/lean4-src/stage0/src/../stdlib//Lean/Widget/InteractiveCode.c
[    ] Building /root/verify1002/clang/lean4-src/stage0/src/../stdlib//Lean/Widget/InteractiveDiagnostic.c
[    ] Building /root/verify1002/clang/lean4-src/stage0/src/../stdlib//Lean/Widget/InteractiveGoal.c
[    ] Building /root/verify1002/clang/lean4-src/stage0/src/../stdlib//Lean/Widget/TaggedText.c
[    ] Building /root/verify1002/clang/lean4-src/stage0/src/../stdlib//Lean/Widget/Types.c
[    ] Building /root/verify1002/clang/lean4-src/stage0/src/../stdlib//Lean/Widget/UserWidget.c
[    ] Building /root/verify1002/clang/lean4-src/stage0/src/../stdlib//Lean.c
[    ] Building /root/verify1002/clang/lean4-src/stage0/src/../stdlib//Lake/Build.c
[    ] Building /root/verify1002/clang/lean4-src/stage0/src/../stdlib//Lake/Build/Common.c
[    ] Building /root/verify1002/clang/lean4-src/stage0/src/../stdlib//Lake/Build/Context.c
[    ] Building /root/verify1002/clang/lean4-src/stage0/src/../stdlib//Lake/Build/Actions.c
[    ] Building /root/verify1002/clang/lean4-src/stage0/src/../stdlib//Lake/Build/Data.c
[    ] Building /root/verify1002/clang/lean4-src/stage0/src/../stdlib//Lake/Build/ExternLib.c
[    ] Building /root/verify1002/clang/lean4-src/stage0/src/../stdlib//Lake/Build/Executable.c
[    ] Building /root/verify1002/clang/lean4-src/stage0/src/../stdlib//Lake/Build/Facets.c
[    ] Building /root/verify1002/clang/lean4-src/stage0/src/../stdlib//Lake/Build/Fetch.c
[    ] Building /root/verify1002/clang/lean4-src/stage0/src/../stdlib//Lake/Build/Index.c
[    ] Building /root/verify1002/clang/lean4-src/stage0/src/../stdlib//Lake/Build/Info.c
[    ] Building /root/verify1002/clang/lean4-src/stage0/src/../stdlib//Lake/Build/InitFacets.c
[    ] Building /root/verify1002/clang/lean4-src/stage0/src/../stdlib//Lake/Build/InputFile.c
[    ] Building /root/verify1002/clang/lean4-src/stage0/src/../stdlib//Lake/Build/Infos.c
[    ] Building /root/verify1002/clang/lean4-src/stage0/src/../stdlib//Lake/Build/Job.c
[    ] Building /root/verify1002/clang/lean4-src/stage0/src/../stdlib//Lake/Build/Job/Basic.c
[    ] Building /root/verify1002/clang/lean4-src/stage0/src/../stdlib//Lake/Build/Job/Monad.c
[    ] Building /root/verify1002/clang/lean4-src/stage0/src/../stdlib//Lake/Build/Job/Register.c
[    ] Building /root/verify1002/clang/lean4-src/stage0/src/../stdlib//Lake/Build/Key.c
[    ] Building /root/verify1002/clang/lean4-src/stage0/src/../stdlib//Lake/Build/Library.c
[    ] Building /root/verify1002/clang/lean4-src/stage0/src/../stdlib//Lake/Build/Module.c
[    ] Building /root/verify1002/clang/lean4-src/stage0/src/../stdlib//Lake/Build/ModuleArtifacts.c
[    ] Building /root/verify1002/clang/lean4-src/stage0/src/../stdlib//Lake/Build/Run.c
[    ] Building /root/verify1002/clang/lean4-src/stage0/src/../stdlib//Lake/Config/Module.c
[    ] Building /root/verify1002/clang/lean4-src/stage0/src/../stdlib//Lake/Build/Package.c
[    ] Building /root/verify1002/clang/lean4-src/stage0/src/../stdlib//Lake/Build/Target.c
[    ] Building /root/verify1002/clang/lean4-src/stage0/src/../stdlib//Lake/Build/Store.c
[    ] Building /root/verify1002/clang/lean4-src/stage0/src/../stdlib//Lake/Build/Target/Basic.c
[    ] Building /root/verify1002/clang/lean4-src/stage0/src/../stdlib//Lake/Build/Target/Fetch.c
[    ] Building /root/verify1002/clang/lean4-src/stage0/src/../stdlib//Lake/Build/Targets.c
[    ] Building /root/verify1002/clang/lean4-src/stage0/src/../stdlib//Lake/Build/Topological.c
[    ] Building /root/verify1002/clang/lean4-src/stage0/src/../stdlib//Lake/Build/Trace.c
[    ] Building /root/verify1002/clang/lean4-src/stage0/src/../stdlib//Lake/CLI.c
[    ] Building /root/verify1002/clang/lean4-src/stage0/src/../stdlib//Lake/CLI/Actions.c
[    ] Building /root/verify1002/clang/lean4-src/stage0/src/../stdlib//Lake/CLI/Build.c
[    ] Building /root/verify1002/clang/lean4-src/stage0/src/../stdlib//Lake/CLI/Error.c
[    ] Building /root/verify1002/clang/lean4-src/stage0/src/../stdlib//Lake/CLI/Help.c
[    ] Building /root/verify1002/clang/lean4-src/stage0/src/../stdlib//Lake/CLI/Main.c
[    ] Building /root/verify1002/clang/lean4-src/stage0/src/../stdlib//Lake/CLI/Init.c
[    ] Building /root/verify1002/clang/lean4-src/stage0/src/../stdlib//Lake/CLI/Serve.c
[    ] Building /root/verify1002/clang/lean4-src/stage0/src/../stdlib//Lake/CLI/Translate.c
[    ] Building /root/verify1002/clang/lean4-src/stage0/src/../stdlib//Lake/CLI/Translate/Lean.c
[    ] Building /root/verify1002/clang/lean4-src/stage0/src/../stdlib//Lake/CLI/Translate/Toml.c
[    ] Building /root/verify1002/clang/lean4-src/stage0/src/../stdlib//Lake/Config.c
[    ] Building /root/verify1002/clang/lean4-src/stage0/src/../stdlib//Lake/Config/Artifact.c
[    ] Building /root/verify1002/clang/lean4-src/stage0/src/../stdlib//Lake/Config/Cache.c
[    ] Building /root/verify1002/clang/lean4-src/stage0/src/../stdlib//Lake/Config/ConfigDecl.c
[    ] Building /root/verify1002/clang/lean4-src/stage0/src/../stdlib//Lake/Config/ConfigTarget.c
[    ] Building /root/verify1002/clang/lean4-src/stage0/src/../stdlib//Lake/Config/Context.c
[    ] Building /root/verify1002/clang/lean4-src/stage0/src/../stdlib//Lake/Config/Dependency.c
[    ] Building /root/verify1002/clang/lean4-src/stage0/src/../stdlib//Lake/Config/Defaults.c
[    ] Building /root/verify1002/clang/lean4-src/stage0/src/../stdlib//Lake/Config/Dynlib.c
[    ] Building /root/verify1002/clang/lean4-src/stage0/src/../stdlib//Lake/Config/Env.c
[    ] Building /root/verify1002/clang/lean4-src/stage0/src/../stdlib//Lake/Config/ExternLib.c
[    ] Building /root/verify1002/clang/lean4-src/stage0/src/../stdlib//Lake/Config/FacetConfig.c
[    ] Building /root/verify1002/clang/lean4-src/stage0/src/../stdlib//Lake/Config/ExternLibConfig.c
[    ] Building /root/verify1002/clang/lean4-src/stage0/src/../stdlib//Lake/Config/Glob.c
[    ] Building /root/verify1002/clang/lean4-src/stage0/src/../stdlib//Lake/Config/InputFile.c
[    ] Building /root/verify1002/clang/lean4-src/stage0/src/../stdlib//Lake/Config/InputFileConfig.c
[    ] Building /root/verify1002/clang/lean4-src/stage0/src/../stdlib//Lake/Config/InstallPath.c
[    ] Building /root/verify1002/clang/lean4-src/stage0/src/../stdlib//Lake/Config/Kinds.c
[    ] Building /root/verify1002/clang/lean4-src/stage0/src/../stdlib//Lake/Config/LeanConfig.c
[    ] Building /root/verify1002/clang/lean4-src/stage0/src/../stdlib//Lake/Config/Lang.c
[    ] Building /root/verify1002/clang/lean4-src/stage0/src/../stdlib//Lake/Config/LeanExe.c
[    ] Building /root/verify1002/clang/lean4-src/stage0/src/../stdlib//Lake/Config/LeanExeConfig.c
[    ] Building /root/verify1002/clang/lean4-src/stage0/src/../stdlib//Lake/Config/LeanLib.c
[    ] Building /root/verify1002/clang/lean4-src/stage0/src/../stdlib//Lake/Config/LeanLibConfig.c
[    ] Building /root/verify1002/clang/lean4-src/stage0/src/../stdlib//Lake/Config/Monad.c
[    ] Building /root/verify1002/clang/lean4-src/stage0/src/../stdlib//Lake/Config/MetaClasses.c
[    ] Building /root/verify1002/clang/lean4-src/stage0/src/../stdlib//Lake/Config/Meta.c
[    ] Building /root/verify1002/clang/lean4-src/stage0/src/../stdlib//Lake/Config/Opaque.c
[    ] Building /root/verify1002/clang/lean4-src/stage0/src/../stdlib//Lake/Config/OutFormat.c
[    ] Building /root/verify1002/clang/lean4-src/stage0/src/../stdlib//Lake/Config/Package.c
[    ] Building /root/verify1002/clang/lean4-src/stage0/src/../stdlib//Lake/Config/PackageConfig.c
[    ] Building /root/verify1002/clang/lean4-src/stage0/src/../stdlib//Lake/Config/Pattern.c
[    ] Building /root/verify1002/clang/lean4-src/stage0/src/../stdlib//Lake/Config/Script.c
[    ] Building /root/verify1002/clang/lean4-src/stage0/src/../stdlib//Lake/Config/TargetConfig.c
[    ] Building /root/verify1002/clang/lean4-src/stage0/src/../stdlib//Lake/Config/Workspace.c
[    ] Building /root/verify1002/clang/lean4-src/stage0/src/../stdlib//Lake/Config/WorkspaceConfig.c
[    ] Building /root/verify1002/clang/lean4-src/stage0/src/../stdlib//Lake/DSL.c
[    ] Building /root/verify1002/clang/lean4-src/stage0/src/../stdlib//Lake/DSL/Attributes.c
[    ] Building /root/verify1002/clang/lean4-src/stage0/src/../stdlib//Lake/DSL/AttributesCore.c
[    ] Building /root/verify1002/clang/lean4-src/stage0/src/../stdlib//Lake/DSL/Config.c
[    ] Building /root/verify1002/clang/lean4-src/stage0/src/../stdlib//Lake/DSL/DeclUtil.c
[    ] Building /root/verify1002/clang/lean4-src/stage0/src/../stdlib//Lake/DSL/Extensions.c
[    ] Building /root/verify1002/clang/lean4-src/stage0/src/../stdlib//Lake/DSL/Key.c
[    ] Building /root/verify1002/clang/lean4-src/stage0/src/../stdlib//Lake/DSL/Meta.c
[    ] Building /root/verify1002/clang/lean4-src/stage0/src/../stdlib//Lake/DSL/Package.c
[    ] Building /root/verify1002/clang/lean4-src/stage0/src/../stdlib//Lake/DSL/Script.c
[    ] Building /root/verify1002/clang/lean4-src/stage0/src/../stdlib//Lake/DSL/Require.c
[    ] Building /root/verify1002/clang/lean4-src/stage0/src/../stdlib//Lake/DSL/Syntax.c
[    ] Building /root/verify1002/clang/lean4-src/stage0/src/../stdlib//Lake/DSL/Targets.c
[    ] Building /root/verify1002/clang/lean4-src/stage0/src/../stdlib//Lake/DSL/VerLit.c
[    ] Building /root/verify1002/clang/lean4-src/stage0/src/../stdlib//Lake/Load.c
[    ] Building /root/verify1002/clang/lean4-src/stage0/src/../stdlib//Lake/Load/Config.c
[    ] Building /root/verify1002/clang/lean4-src/stage0/src/../stdlib//Lake/Load/Lean.c
[    ] Building /root/verify1002/clang/lean4-src/stage0/src/../stdlib//Lake/Load/Lean/Elab.c
[    ] Building /root/verify1002/clang/lean4-src/stage0/src/../stdlib//Lake/Load/Lean/Eval.c
[    ] Building /root/verify1002/clang/lean4-src/stage0/src/../stdlib//Lake/Load/Manifest.c
[    ] Building /root/verify1002/clang/lean4-src/stage0/src/../stdlib//Lake/Load/Materialize.c
[    ] Building /root/verify1002/clang/lean4-src/stage0/src/../stdlib//Lake/Load/Package.c
[    ] Building /root/verify1002/clang/lean4-src/stage0/src/../stdlib//Lake/Load/Resolve.c
[    ] Building /root/verify1002/clang/lean4-src/stage0/src/../stdlib//Lake/Load/Workspace.c
[    ] Building /root/verify1002/clang/lean4-src/stage0/src/../stdlib//Lake/Reservoir.c
[    ] Building /root/verify1002/clang/lean4-src/stage0/src/../stdlib//Lake/Load/Toml.c
[    ] Building /root/verify1002/clang/lean4-src/stage0/src/../stdlib//Lake/Toml.c
[    ] Building /root/verify1002/clang/lean4-src/stage0/src/../stdlib//Lake/Toml/Data.c
[    ] Building /root/verify1002/clang/lean4-src/stage0/src/../stdlib//Lake/Toml/Data/DateTime.c
[    ] Building /root/verify1002/clang/lean4-src/stage0/src/../stdlib//Lake/Toml/Data/Dict.c
[    ] Building /root/verify1002/clang/lean4-src/stage0/src/../stdlib//Lake/Toml/Data/Value.c
[    ] Building /root/verify1002/clang/lean4-src/stage0/src/../stdlib//Lake/Toml/Decode.c
[    ] Building /root/verify1002/clang/lean4-src/stage0/src/../stdlib//Lake/Toml/Elab.c
[    ] Building /root/verify1002/clang/lean4-src/stage0/src/../stdlib//Lake/Toml/Elab/Value.c
[    ] Building /root/verify1002/clang/lean4-src/stage0/src/../stdlib//Lake/Toml/Encode.c
[    ] Building /root/verify1002/clang/lean4-src/stage0/src/../stdlib//Lake/Toml/Grammar.c
[    ] Building /root/verify1002/clang/lean4-src/stage0/src/../stdlib//Lake/Toml/Load.c
[    ] Building /root/verify1002/clang/lean4-src/stage0/src/../stdlib//Lake/Toml/Elab/Expression.c
[    ] Building /root/verify1002/clang/lean4-src/stage0/src/../stdlib//Lake/Toml/ParserUtil.c
[    ] Building /root/verify1002/clang/lean4-src/stage0/src/../stdlib//Lake/Util.c
[    ] Building /root/verify1002/clang/lean4-src/stage0/src/../stdlib//Lake/Util/Binder.c
[    ] Building /root/verify1002/clang/lean4-src/stage0/src/../stdlib//Lake/Util/Casing.c
[    ] Building /root/verify1002/clang/lean4-src/stage0/src/../stdlib//Lake/Util/Cli.c
[    ] Building /root/verify1002/clang/lean4-src/stage0/src/../stdlib//Lake/Util/Cycle.c
[    ] Building /root/verify1002/clang/lean4-src/stage0/src/../stdlib//Lake/Util/EStateT.c
[    ] Building /root/verify1002/clang/lean4-src/stage0/src/../stdlib//Lake/Util/EquipT.c
[    ] Building /root/verify1002/clang/lean4-src/stage0/src/../stdlib//Lake/Util/Date.c
[    ] Building /root/verify1002/clang/lean4-src/stage0/src/../stdlib//Lake/Util/Error.c
[    ] Building /root/verify1002/clang/lean4-src/stage0/src/../stdlib//Lake/Util/Exit.c
[    ] Building /root/verify1002/clang/lean4-src/stage0/src/../stdlib//Lake/Util/Family.c
[    ] Building /root/verify1002/clang/lean4-src/stage0/src/../stdlib//Lake/Util/FilePath.c
[    ] Building /root/verify1002/clang/lean4-src/stage0/src/../stdlib//Lake/Util/IO.c
[    ] Building /root/verify1002/clang/lean4-src/stage0/src/../stdlib//Lake/Util/JsonObject.c
[    ] Building /root/verify1002/clang/lean4-src/stage0/src/../stdlib//Lake/Util/Git.c
[    ] Building /root/verify1002/clang/lean4-src/stage0/src/../stdlib//Lake/Util/Lift.c
[    ] Building /root/verify1002/clang/lean4-src/stage0/src/../stdlib//Lake/Util/Lock.c
[    ] Building /root/verify1002/clang/lean4-src/stage0/src/../stdlib//Lake/Util/Log.c
[    ] Building /root/verify1002/clang/lean4-src/stage0/src/../stdlib//Lake/Util/MainM.c
[    ] Building /root/verify1002/clang/lean4-src/stage0/src/../stdlib//Lake/Util/Message.c
[    ] Building /root/verify1002/clang/lean4-src/stage0/src/../stdlib//Lake/Util/Name.c
[    ] Building /root/verify1002/clang/lean4-src/stage0/src/../stdlib//Lake/Util/Opaque.c
[    ] Building /root/verify1002/clang/lean4-src/stage0/src/../stdlib//Lake/Util/NativeLib.c
[    ] Building /root/verify1002/clang/lean4-src/stage0/src/../stdlib//Lake/Util/OpaqueType.c
[    ] Building /root/verify1002/clang/lean4-src/stage0/src/../stdlib//Lake/Util/OrderedTagAttribute.c
[    ] Building /root/verify1002/clang/lean4-src/stage0/src/../stdlib//Lake/Util/OrdHashSet.c
[    ] Building /root/verify1002/clang/lean4-src/stage0/src/../stdlib//Lake/Util/Proc.c
[    ] Building /root/verify1002/clang/lean4-src/stage0/src/../stdlib//Lake/Util/RBArray.c
[    ] Building /root/verify1002/clang/lean4-src/stage0/src/../stdlib//Lake/Util/Reservoir.c
[    ] Building /root/verify1002/clang/lean4-src/stage0/src/../stdlib//Lake/Util/Store.c
[    ] Building /root/verify1002/clang/lean4-src/stage0/src/../stdlib//Lake/Util/StoreInsts.c
[    ] Building /root/verify1002/clang/lean4-src/stage0/src/../stdlib//Lake/Util/String.c
[    ] Building /root/verify1002/clang/lean4-src/stage0/src/../stdlib//Lake/Util/Task.c
[    ] Building /root/verify1002/clang/lean4-src/stage0/src/../stdlib//Lake/Util/Url.c
[    ] Building /root/verify1002/clang/lean4-src/stage0/src/../stdlib//Lake/Util/Version.c
[    ] Building /root/verify1002/clang/lean4-src/stage0/src/../stdlib//Lake/Version.c
[    ] Building /root/verify1002/clang/lean4-src/stage0/src/../stdlib//Lake.c
[    ] Building /root/verify1002/clang/lean4-src/stage0/src/../stdlib//LakeMain.c
[100%] Built target make_stdlib
[    ] Building /root/verify1002/clang/lean4-src/build/stage0/lib/lean/libInit_shared.so
[100%] Built target Init_shared
[    ] Building /root/verify1002/clang/lean4-src/build/stage0/lib/lean/libleanshared.so
[100%] Built target leanshared
[    ] Building /root/verify1002/clang/lean4-src/build/stage0/lib/lean/libLake_shared.so
[    ] Building /root/verify1002/clang/lean4-src/build/stage0/bin/lean
[100%] Built target lean
[100%] Built target lake_shared
[    ] Building /root/verify1002/clang/lean4-src/build/stage0/bin/lake
[100%] Built target lake
[ 71%] No install step for 'stage0'
[ 75%] Completed 'stage0'
[ 75%] Built target stage0
[ 78%] Creating directories for 'stage1'
[ 81%] No download step for 'stage1'
[ 84%] No update step for 'stage1'
[ 87%] No patch step for 'stage1'
[ 90%] Performing configure step for 'stage1'
-- The CXX compiler identification is GNU 13.3.0
-- The C compiler identification is GNU 13.3.0
-- Detecting CXX compiler ABI info
-- Detecting CXX compiler ABI info - done
-- Check for working CXX compiler: /usr/bin/c++ - skipped
-- Detecting CXX compile features
-- Detecting CXX compile features - done
-- Detecting C compiler ABI info
-- Detecting C compiler ABI info - done
-- Check for working C compiler: /usr/bin/cc - skipped
-- Detecting C compile features
-- Detecting C compile features - done
cc: error: unrecognized command-line option ‘--print-target-triple’
cc: fatal error: no input files
compilation terminated.
-- 64-bit machine detected
-- Found GMP: /usr/include/x86_64-linux-gnu (Required is at least version "5.0.5") 
-- Found PkgConfig: /usr/bin/pkg-config (found version "1.8.1") 
-- Checking for one of the modules 'libuv'
-- LIBUV_LDFLAGS: -L/usr/lib/x86_64-linux-gnu-luv-lpthread-ldl-lrt
-- LIBUV_INCLUDE_DIRS: /usr/include
-- Found LibUV: TRUE (Required is at least version "1.0.0") 
CMake Warning (dev) at CMakeLists.txt:355 (find_package):
  Policy CMP0148 is not set: The FindPythonInterp and FindPythonLibs modules
  are removed.  Run "cmake --help-policy CMP0148" for policy details.  Use
  the cmake_policy command to set the policy and suppress this warning.

This warning is for project developers.  Use -Wno-dev to suppress it.

-- Found PythonInterp: /usr/local/bin/python (found version "3.12.3") 
CMake Warning at CMakeLists.txt:387 (message):
  Disabling LLVM support


-- git commit sha1: db93fe1608548721853390a10cd40580fe7d22ae
-- Configuring done (1.1s)
-- Generating done (0.1s)
-- Build files have been written to: /root/verify1002/clang/lean4-src/build/stage1
[ 93%] Performing build step for 'stage1'
[  0%] Building CXX object library/constructions/CMakeFiles/constructions.dir/cases_on.cpp.o
[  3%] Building CXX object library/CMakeFiles/library.dir/bin_app.cpp.o
[  3%] Building CXX object util/CMakeFiles/util.dir/name.cpp.o
[  4%] Building CXX object util/CMakeFiles/util.dir/name_set.cpp.o
[  3%] Building CXX object library/constructions/CMakeFiles/constructions.dir/init_module.cpp.o
[  5%] Building CXX object util/CMakeFiles/util.dir/escaped.cpp.o
[ 12%] Building CXX object util/CMakeFiles/util.dir/path.cpp.o
[  5%] Building CXX object library/CMakeFiles/library.dir/constants.cpp.o
[  5%] Building CXX object library/CMakeFiles/library.dir/expr_lt.cpp.o
[  7%] Building CXX object library/constructions/CMakeFiles/constructions.dir/util.cpp.o
[  7%] Building CXX object util/CMakeFiles/util.dir/bit_tricks.cpp.o
[  9%] Building CXX object library/CMakeFiles/library.dir/module.cpp.o
[  9%] Building CXX object shell/CMakeFiles/leanmain.dir/lean.cpp.o
[ 10%] Building CXX object kernel/CMakeFiles/kernel.dir/expr.cpp.o
[ 11%] Building CXX object library/CMakeFiles/library.dir/dynlib.cpp.o
[ 12%] Building CXX object util/CMakeFiles/util.dir/ascii.cpp.o
[ 37%] Building CXX object util/CMakeFiles/util.dir/kvmap.cpp.o
[ 15%] Building CXX object kernel/CMakeFiles/kernel.dir/expr_eq_fn.cpp.o
[ 15%] Building CXX object util/CMakeFiles/util.dir/lbool.cpp.o
[ 15%] Building CXX object kernel/CMakeFiles/kernel.dir/level.cpp.o
[ 15%] Building CXX object library/CMakeFiles/library.dir/max_sharing.cpp.o
[ 15%] Building CXX object CMakeFiles/leanshell.dir/util/shell.cpp.o
[ 75%] Building CXX object runtime/CMakeFiles/leanrt.dir/stack_overflow.cpp.o
[ 15%] Building CXX object initialize/CMakeFiles/initialize.dir/init.cpp.o
[ 16%] Building CXX object kernel/CMakeFiles/kernel.dir/for_each_fn.cpp.o
[ 18%] Building CXX object library/CMakeFiles/library.dir/num.cpp.o
[ 94%] Building CXX object runtime/CMakeFiles/leanrt.dir/uv/dns.cpp.o
[ 18%] Building CXX object util/CMakeFiles/util.dir/init_module.cpp.o
[ 18%] Building CXX object kernel/CMakeFiles/kernel.dir/instantiate.cpp.o
[ 18%] Building CXX object library/CMakeFiles/library.dir/replace_visitor.cpp.o
[ 19%] Building CXX object kernel/CMakeFiles/kernel.dir/replace_fn.cpp.o
[ 21%] Building CXX object util/CMakeFiles/util.dir/list_fn.cpp.o
[ 22%] Building C object shell/CMakeFiles/leanmanifest.dir/__/temp/empty.c.o
[ 22%] Building CXX object util/CMakeFiles/util.dir/timer.cpp.o
[ 24%] Building CXX object util/CMakeFiles/util.dir/timeit.cpp.o
[ 24%] Building CXX object kernel/CMakeFiles/kernel.dir/abstract.cpp.o
[ 24%] Building CXX object library/CMakeFiles/library.dir/class.cpp.o
[ 24%] Building CXX object library/CMakeFiles/library.dir/util.cpp.o
[ 26%] Building CXX object kernel/CMakeFiles/kernel.dir/declaration.cpp.o
[ 27%] Building CXX object kernel/CMakeFiles/kernel.dir/local_ctx.cpp.o
[ 27%] Building CXX object library/CMakeFiles/library.dir/print.cpp.o
[ 30%] Building CXX object kernel/CMakeFiles/kernel.dir/type_checker.cpp.o
[ 30%] Building CXX object kernel/CMakeFiles/kernel.dir/environment.cpp.o
[ 30%] Building CXX object util/CMakeFiles/util.dir/name_generator.cpp.o
[ 30%] Building CXX object runtime/CMakeFiles/leanrt_initial-exec.dir/thread.cpp.o
[ 37%] Building CXX object util/CMakeFiles/util.dir/options.cpp.o
[ 37%] Building CXX object runtime/CMakeFiles/leanrt_initial-exec.dir/mpz.cpp.o
[ 37%] Building CXX object util/CMakeFiles/util.dir/option_declarations.cpp.o
[ 37%] Building CXX object library/CMakeFiles/library.dir/annotation.cpp.o
[ 37%] Building CXX object library/CMakeFiles/library.dir/profiling.cpp.o
[ 37%] Building CXX object runtime/CMakeFiles/leanrt.dir/debug.cpp.o
[ 37%] Building CXX object runtime/CMakeFiles/leanrt_initial-exec.dir/debug.cpp.o
[ 37%] Building CXX object library/CMakeFiles/library.dir/init_module.cpp.o
[ 40%] Building CXX object util/CMakeFiles/util.dir/ffi.cpp.o
[ 38%] Building CXX object runtime/CMakeFiles/leanrt_initial-exec.dir/utf8.cpp.o
[ 40%] Building CXX object library/CMakeFiles/library.dir/time_task.cpp.o
[ 40%] Building CXX object runtime/CMakeFiles/leanrt_initial-exec.dir/apply.cpp.o
[ 38%] Building CXX object util/CMakeFiles/util.dir/map_foreach.cpp.o
[ 42%] Building CXX object runtime/CMakeFiles/leanrt_initial-exec.dir/object.cpp.o
[ 44%] Building CXX object kernel/CMakeFiles/kernel.dir/init_module.cpp.o
[ 44%] Building CXX object runtime/CMakeFiles/leanrt.dir/thread.cpp.o
[ 45%] Building CXX object kernel/CMakeFiles/kernel.dir/equiv_manager.cpp.o
[ 45%] Building CXX object runtime/CMakeFiles/leanrt.dir/mpz.cpp.o
[ 45%] Building CXX object kernel/CMakeFiles/kernel.dir/expr_cache.cpp.o
[ 48%] Building CXX object library/CMakeFiles/library.dir/reducible.cpp.o
[ 48%] Building CXX object runtime/CMakeFiles/leanrt_initial-exec.dir/memory.cpp.o
[ 48%] Building CXX object runtime/CMakeFiles/leanrt.dir/utf8.cpp.o
[ 48%] Building CXX object kernel/CMakeFiles/kernel.dir/quot.cpp.o
[ 48%] Building CXX object library/CMakeFiles/library.dir/formatter.cpp.o
[ 52%] Building CXX object runtime/CMakeFiles/leanrt_initial-exec.dir/exception.cpp.o
[ 53%] Building CXX object kernel/CMakeFiles/kernel.dir/inductive.cpp.o
[ 53%] Building CXX object kernel/CMakeFiles/kernel.dir/trace.cpp.o
[ 53%] Building CXX object runtime/CMakeFiles/leanrt_initial-exec.dir/stackinfo.cpp.o
[ 53%] Building CXX object runtime/CMakeFiles/leanrt.dir/apply.cpp.o
[ 54%] Building CXX object runtime/CMakeFiles/leanrt.dir/object.cpp.o
[ 54%] Building CXX object runtime/CMakeFiles/leanrt.dir/exception.cpp.o
[ 54%] Building CXX object kernel/CMakeFiles/kernel.dir/instantiate_mvars.cpp.o
[ 55%] Building CXX object library/CMakeFiles/library.dir/elab_environment.cpp.o
[ 56%] Building CXX object runtime/CMakeFiles/leanrt.dir/memory.cpp.o
[ 59%] Building CXX object runtime/CMakeFiles/leanrt.dir/interrupt.cpp.o
[ 59%] Building CXX object runtime/CMakeFiles/leanrt_initial-exec.dir/compact.cpp.o
[ 59%] Building CXX object runtime/CMakeFiles/leanrt_initial-exec.dir/interrupt.cpp.o
[ 59%] Building CXX object runtime/CMakeFiles/leanrt_initial-exec.dir/hash.cpp.o
[ 59%] Building CXX object library/CMakeFiles/library.dir/ir_interpreter.cpp.o
[ 59%] Building CXX object runtime/CMakeFiles/leanrt_initial-exec.dir/io.cpp.o
[ 62%] Building CXX object library/CMakeFiles/library.dir/init_attribute.cpp.o
[ 59%] Building CXX object runtime/CMakeFiles/leanrt_initial-exec.dir/byteslice.cpp.o
[ 63%] Building CXX object runtime/CMakeFiles/leanrt.dir/init_module.cpp.o
[ 63%] Building CXX object runtime/CMakeFiles/leanrt.dir/compact.cpp.o
[ 62%] Building CXX object library/CMakeFiles/library.dir/llvm.cpp.o
[ 63%] Building CXX object runtime/CMakeFiles/leanrt.dir/stackinfo.cpp.o
[ 65%] Building CXX object runtime/CMakeFiles/leanrt.dir/io.cpp.o
[ 66%] Building CXX object runtime/CMakeFiles/leanrt_initial-exec.dir/alloc.cpp.o
[ 66%] Building CXX object runtime/CMakeFiles/leanrt_initial-exec.dir/init_module.cpp.o
[ 66%] Building CXX object runtime/CMakeFiles/leanrt_initial-exec.dir/allocprof.cpp.o
[ 66%] Building CXX object runtime/CMakeFiles/leanrt.dir/hash.cpp.o
[ 68%] Building CXX object runtime/CMakeFiles/leanrt.dir/byteslice.cpp.o
[ 71%] Building CXX object runtime/CMakeFiles/leanrt.dir/platform.cpp.o
[ 70%] Building CXX object runtime/CMakeFiles/leanrt_initial-exec.dir/stack_overflow.cpp.o
[ 70%] Building CXX object runtime/CMakeFiles/leanrt_initial-exec.dir/sharecommon.cpp.o
[ 71%] Building CXX object runtime/CMakeFiles/leanrt_initial-exec.dir/platform.cpp.o
[ 72%] Building CXX object runtime/CMakeFiles/leanrt_initial-exec.dir/object_ref.cpp.o
[ 72%] Building CXX object runtime/CMakeFiles/leanrt.dir/alloc.cpp.o
[ 72%] Building CXX object runtime/CMakeFiles/leanrt.dir/allocprof.cpp.o
[ 75%] Building CXX object runtime/CMakeFiles/leanrt.dir/sharecommon.cpp.o
[ 75%] Building CXX object runtime/CMakeFiles/leanrt_initial-exec.dir/libuv.cpp.o
[ 75%] Building CXX object runtime/CMakeFiles/leanrt.dir/process.cpp.o
[ 76%] Building CXX object runtime/CMakeFiles/leanrt_initial-exec.dir/mpn.cpp.o
[ 77%] Building CXX object runtime/CMakeFiles/leanrt_initial-exec.dir/process.cpp.o
[ 81%] Building CXX object runtime/CMakeFiles/leanrt.dir/object_ref.cpp.o
[ 81%] Building CXX object runtime/CMakeFiles/leanrt.dir/mpn.cpp.o
[ 81%] Building CXX object runtime/CMakeFiles/leanrt_initial-exec.dir/uv/tcp.cpp.o
[ 81%] Building CXX object runtime/CMakeFiles/leanrt_initial-exec.dir/uv/net_addr.cpp.o
[ 81%] Building CXX object runtime/CMakeFiles/leanrt_initial-exec.dir/uv/event_loop.cpp.o
[ 81%] Building CXX object runtime/CMakeFiles/leanrt_initial-exec.dir/uv/timer.cpp.o
[ 82%] Building CXX object runtime/CMakeFiles/leanrt_initial-exec.dir/mutex.cpp.o
[ 87%] Building CXX object runtime/CMakeFiles/leanrt.dir/libuv.cpp.o
[ 87%] Building CXX object runtime/CMakeFiles/leanrt_initial-exec.dir/uv/udp.cpp.o
[ 87%] Building CXX object runtime/CMakeFiles/leanrt_initial-exec.dir/uv/system.cpp.o
[ 87%] Building CXX object runtime/CMakeFiles/leanrt.dir/mutex.cpp.o
[ 87%] Building CXX object runtime/CMakeFiles/leanrt_initial-exec.dir/uv/dns.cpp.o
[ 87%] Building CXX object runtime/CMakeFiles/leanrt.dir/uv/net_addr.cpp.o
[ 88%] Building CXX object runtime/CMakeFiles/leanrt.dir/uv/event_loop.cpp.o
[ 88%] Building CXX object runtime/CMakeFiles/leanrt_initial-exec.dir/uv/signal.cpp.o
[ 89%] Building CXX object runtime/CMakeFiles/leanrt.dir/uv/tcp.cpp.o
[ 90%] Building CXX object runtime/CMakeFiles/leanrt_initial-exec.dir/root/verify1002/clang/lean4-src/build/mimalloc/src/mimalloc/src/static.c.o
[ 91%] Building CXX object runtime/CMakeFiles/leanrt.dir/uv/udp.cpp.o
[ 91%] Building CXX object runtime/CMakeFiles/leanrt.dir/uv/timer.cpp.o
[ 92%] Building CXX object runtime/CMakeFiles/leanrt.dir/root/verify1002/clang/lean4-src/build/mimalloc/src/mimalloc/src/static.c.o
[ 92%] Building CXX object runtime/CMakeFiles/leanrt.dir/uv/system.cpp.o
[ 93%] Building CXX object runtime/CMakeFiles/leanrt.dir/uv/signal.cpp.o
info: lean4: no previous manifest, creating one from scratch
[ 94%] Built target copy-cadical
info: toolchain not updated; already up-to-date
[ 94%] Linking C static library ../lib/lean/libleanmanifest.a
[ 95%] Linking CXX static library ../lib/temp/libleanmain.a
[ 95%] Built target leanmanifest
[ 95%] Built target leanmain
/root/verify1002/clang/lean4-src/src/runtime/stack_overflow.cpp: In function ‘void lean::segv_handler(int, siginfo_t*, void*)’:
/root/verify1002/clang/lean4-src/src/runtime/stack_overflow.cpp:74:14: warning: ignoring return value of ‘ssize_t write(int, const void*, size_t)’ declared with attribute ‘warn_unused_result’ [-Wunused-result]
   74 |         write(STDERR_FILENO, msg, sizeof(msg) - 1);
      |         ~~~~~^~~~~~~~~~~~~~~~~~~~~~~~~~~~~~~~~~~~~
/root/verify1002/clang/lean4-src/src/runtime/stack_overflow.cpp: In function ‘void lean::segv_handler(int, siginfo_t*, void*)’:
/root/verify1002/clang/lean4-src/src/runtime/stack_overflow.cpp:74:14: warning: ignoring return value of ‘ssize_t write(int, const void*, size_t)’ declared with attribute ‘warn_unused_result’ [-Wunused-result]
   74 |         write(STDERR_FILENO, msg, sizeof(msg) - 1);
      |         ~~~~~^~~~~~~~~~~~~~~~~~~~~~~~~~~~~~~~~~~~~
In file included from /root/verify1002/clang/lean4-src/build/stage1/util/ffi.cpp:8:
/root/verify1002/clang/lean4-src/build/stage1/include/lean/lean.h:75:21: warning: attributes are not permitted in this position [-Wattributes]
   75 | #define LEAN_EXPORT __attribute__((visibility("default")))
      |                     ^~~~~~~~~~~~~
/root/verify1002/clang/lean4-src/build/stage1/util/ffi.cpp:12:1: note: in expansion of macro ‘LEAN_EXPORT’
   12 | LEAN_EXPORT extern "C" object * lean_get_leanc_extra_flags(object *) {
      | ^~~~~~~~~~~
/root/verify1002/clang/lean4-src/build/stage1/util/ffi.cpp:12:23: note: attributes may be inserted here
   12 | LEAN_EXPORT extern "C" object * lean_get_leanc_extra_flags(object *) {
      |                       ^
/root/verify1002/clang/lean4-src/build/stage1/include/lean/lean.h:75:21: warning: attributes are not permitted in this position [-Wattributes]
   75 | #define LEAN_EXPORT __attribute__((visibility("default")))
      |                     ^~~~~~~~~~~~~
/root/verify1002/clang/lean4-src/build/stage1/util/ffi.cpp:16:1: note: in expansion of macro ‘LEAN_EXPORT’
   16 | LEAN_EXPORT extern "C" object * lean_get_leanc_internal_flags(object *) {
      | ^~~~~~~~~~~
/root/verify1002/clang/lean4-src/build/stage1/util/ffi.cpp:16:23: note: attributes may be inserted here
   16 | LEAN_EXPORT extern "C" object * lean_get_leanc_internal_flags(object *) {
      |                       ^
/root/verify1002/clang/lean4-src/build/stage1/include/lean/lean.h:75:21: warning: attributes are not permitted in this position [-Wattributes]
   75 | #define LEAN_EXPORT __attribute__((visibility("default")))
      |                     ^~~~~~~~~~~~~
/root/verify1002/clang/lean4-src/build/stage1/util/ffi.cpp:20:1: note: in expansion of macro ‘LEAN_EXPORT’
   20 | LEAN_EXPORT extern "C" object * lean_get_linker_flags(uint8 link_static) {
      | ^~~~~~~~~~~
/root/verify1002/clang/lean4-src/build/stage1/util/ffi.cpp:20:23: note: attributes may be inserted here
   20 | LEAN_EXPORT extern "C" object * lean_get_linker_flags(uint8 link_static) {
      |                       ^
/root/verify1002/clang/lean4-src/build/stage1/include/lean/lean.h:75:21: warning: attributes are not permitted in this position [-Wattributes]
   75 | #define LEAN_EXPORT __attribute__((visibility("default")))
      |                     ^~~~~~~~~~~~~
/root/verify1002/clang/lean4-src/build/stage1/util/ffi.cpp:24:1: note: in expansion of macro ‘LEAN_EXPORT’
   24 | LEAN_EXPORT extern "C" object * lean_get_internal_linker_flags(object *) {
      | ^~~~~~~~~~~
/root/verify1002/clang/lean4-src/build/stage1/util/ffi.cpp:24:23: note: attributes may be inserted here
   24 | LEAN_EXPORT extern "C" object * lean_get_internal_linker_flags(object *) {
      |                       ^
/root/verify1002/clang/lean4-src/src/runtime/hash.cpp: In function ‘lean::uint64 lean::MurmurHash64A(const void*, size_t, uint64)’:
/root/verify1002/clang/lean4-src/src/runtime/hash.cpp:37:15: warning: this statement may fall through [-Wimplicit-fallthrough=]
   37 |     case 7: h ^= uint64(data2[6]) << 48;
      |             ~~^~~~~~~~~~~~~~~~~~~~~~~~~
/root/verify1002/clang/lean4-src/src/runtime/hash.cpp:38:5: note: here
   38 |     case 6: h ^= uint64(data2[5]) << 40;
      |     ^~~~
/root/verify1002/clang/lean4-src/src/runtime/hash.cpp:38:15: warning: this statement may fall through [-Wimplicit-fallthrough=]
   38 |     case 6: h ^= uint64(data2[5]) << 40;
      |             ~~^~~~~~~~~~~~~~~~~~~~~~~~~
/root/verify1002/clang/lean4-src/src/runtime/hash.cpp:39:5: note: here
   39 |     case 5: h ^= uint64(data2[4]) << 32;
      |     ^~~~
/root/verify1002/clang/lean4-src/src/runtime/hash.cpp:39:15: warning: this statement may fall through [-Wimplicit-fallthrough=]
   39 |     case 5: h ^= uint64(data2[4]) << 32;
      |             ~~^~~~~~~~~~~~~~~~~~~~~~~~~
/root/verify1002/clang/lean4-src/src/runtime/hash.cpp:40:5: note: here
   40 |     case 4: h ^= uint64(data2[3]) << 24;
      |     ^~~~
/root/verify1002/clang/lean4-src/src/runtime/hash.cpp:40:15: warning: this statement may fall through [-Wimplicit-fallthrough=]
   40 |     case 4: h ^= uint64(data2[3]) << 24;
      |             ~~^~~~~~~~~~~~~~~~~~~~~~~~~
/root/verify1002/clang/lean4-src/src/runtime/hash.cpp:41:5: note: here
   41 |     case 3: h ^= uint64(data2[2]) << 16;
      |     ^~~~
/root/verify1002/clang/lean4-src/src/runtime/hash.cpp:41:15: warning: this statement may fall through [-Wimplicit-fallthrough=]
   41 |     case 3: h ^= uint64(data2[2]) << 16;
      |             ~~^~~~~~~~~~~~~~~~~~~~~~~~~
/root/verify1002/clang/lean4-src/src/runtime/hash.cpp:42:5: note: here
   42 |     case 2: h ^= uint64(data2[1]) << 8;
      |     ^~~~
/root/verify1002/clang/lean4-src/src/runtime/hash.cpp:42:15: warning: this statement may fall through [-Wimplicit-fallthrough=]
   42 |     case 2: h ^= uint64(data2[1]) << 8;
      |             ~~^~~~~~~~~~~~~~~~~~~~~~~~
/root/verify1002/clang/lean4-src/src/runtime/hash.cpp:43:5: note: here
   43 |     case 1: h ^= uint64(data2[0]);
      |     ^~~~
/root/verify1002/clang/lean4-src/src/runtime/hash.cpp: In function ‘lean::uint64 lean::MurmurHash64A(const void*, size_t, uint64)’:
/root/verify1002/clang/lean4-src/src/runtime/hash.cpp:37:15: warning: this statement may fall through [-Wimplicit-fallthrough=]
   37 |     case 7: h ^= uint64(data2[6]) << 48;
      |             ~~^~~~~~~~~~~~~~~~~~~~~~~~~
/root/verify1002/clang/lean4-src/src/runtime/hash.cpp:38:5: note: here
   38 |     case 6: h ^= uint64(data2[5]) << 40;
      |     ^~~~
/root/verify1002/clang/lean4-src/src/runtime/hash.cpp:38:15: warning: this statement may fall through [-Wimplicit-fallthrough=]
   38 |     case 6: h ^= uint64(data2[5]) << 40;
      |             ~~^~~~~~~~~~~~~~~~~~~~~~~~~
/root/verify1002/clang/lean4-src/src/runtime/hash.cpp:39:5: note: here
   39 |     case 5: h ^= uint64(data2[4]) << 32;
      |     ^~~~
/root/verify1002/clang/lean4-src/src/runtime/hash.cpp:39:15: warning: this statement may fall through [-Wimplicit-fallthrough=]
   39 |     case 5: h ^= uint64(data2[4]) << 32;
      |             ~~^~~~~~~~~~~~~~~~~~~~~~~~~
/root/verify1002/clang/lean4-src/src/runtime/hash.cpp:40:5: note: here
   40 |     case 4: h ^= uint64(data2[3]) << 24;
      |     ^~~~
/root/verify1002/clang/lean4-src/src/runtime/hash.cpp:40:15: warning: this statement may fall through [-Wimplicit-fallthrough=]
   40 |     case 4: h ^= uint64(data2[3]) << 24;
      |             ~~^~~~~~~~~~~~~~~~~~~~~~~~~
/root/verify1002/clang/lean4-src/src/runtime/hash.cpp:41:5: note: here
   41 |     case 3: h ^= uint64(data2[2]) << 16;
      |     ^~~~
/root/verify1002/clang/lean4-src/src/runtime/hash.cpp:41:15: warning: this statement may fall through [-Wimplicit-fallthrough=]
   41 |     case 3: h ^= uint64(data2[2]) << 16;
      |             ~~^~~~~~~~~~~~~~~~~~~~~~~~~
/root/verify1002/clang/lean4-src/src/runtime/hash.cpp:42:5: note: here
   42 |     case 2: h ^= uint64(data2[1]) << 8;
      |     ^~~~
/root/verify1002/clang/lean4-src/src/runtime/hash.cpp:42:15: warning: this statement may fall through [-Wimplicit-fallthrough=]
   42 |     case 2: h ^= uint64(data2[1]) << 8;
      |             ~~^~~~~~~~~~~~~~~~~~~~~~~~
/root/verify1002/clang/lean4-src/src/runtime/hash.cpp:43:5: note: here
   43 |     case 1: h ^= uint64(data2[0]);
      |     ^~~~
/root/verify1002/clang/lean4-src/src/runtime/uv/timer.cpp: In function ‘lean_object* lean::lean_uv_timer_next(b_obj_arg)’:
/root/verify1002/clang/lean4-src/src/runtime/uv/timer.cpp:196:1: warning: control reaches end of non-void function [-Wreturn-type]
  196 | }
      | ^
/root/verify1002/clang/lean4-src/src/runtime/uv/signal.cpp: In function ‘lean_object* lean::lean_uv_signal_next(b_obj_arg)’:
/root/verify1002/clang/lean4-src/src/runtime/uv/signal.cpp:185:1: warning: control reaches end of non-void function [-Wreturn-type]
  185 | }
      | ^
In file included from /usr/include/c++/13/string:51,
                 from /usr/include/c++/13/bits/locale_classes.h:40,
                 from /usr/include/c++/13/bits/ios_base.h:41,
                 from /usr/include/c++/13/ios:44,
                 from /usr/include/c++/13/ostream:40,
                 from /usr/include/c++/13/iostream:41,
                 from /root/verify1002/clang/lean4-src/src/runtime/debug.h:8,
                 from /root/verify1002/clang/lean4-src/src/runtime/mpn.cpp:21:
In static member function ‘static _Up* std::__copy_move<_IsMove, true, std::random_access_iterator_tag>::__copy_m(_Tp*, _Tp*, _Up*) [with _Tp = unsigned int; _Up = unsigned int; bool _IsMove = false]’,
    inlined from ‘_OI std::__copy_move_a2(_II, _II, _OI) [with bool _IsMove = false; _II = unsigned int*; _OI = unsigned int*]’ at /usr/include/c++/13/bits/stl_algobase.h:506:30,
    inlined from ‘_OI std::__copy_move_a1(_II, _II, _OI) [with bool _IsMove = false; _II = unsigned int*; _OI = unsigned int*]’ at /usr/include/c++/13/bits/stl_algobase.h:533:42,
    inlined from ‘_OI std::__copy_move_a(_II, _II, _OI) [with bool _IsMove = false; _II = unsigned int*; _OI = unsigned int*]’ at /usr/include/c++/13/bits/stl_algobase.h:540:31,
    inlined from ‘_OI std::copy(_II, _II, _OI) [with _II = unsigned int*; _OI = unsigned int*]’ at /usr/include/c++/13/bits/stl_algobase.h:633:7,
    inlined from ‘static _ForwardIterator std::__uninitialized_copy<true>::__uninit_copy(_InputIterator, _InputIterator, _ForwardIterator) [with _InputIterator = unsigned int*; _ForwardIterator = unsigned int*]’ at /usr/include/c++/13/bits/stl_uninitialized.h:147:27,
    inlined from ‘_ForwardIterator std::uninitialized_copy(_InputIterator, _InputIterator, _ForwardIterator) [with _InputIterator = unsigned int*; _ForwardIterator = unsigned int*]’ at /usr/include/c++/13/bits/stl_uninitialized.h:185:15,
    inlined from ‘void lean::buffer<T, INITIAL_SIZE>::set_capacity(size_t) [with T = unsigned int; long unsigned int INITIAL_SIZE = 16]’ at /root/verify1002/clang/lean4-src/src/runtime/buffer.h:41:32,
    inlined from ‘void lean::buffer<T, INITIAL_SIZE>::ensure_capacity(size_t) [with T = unsigned int; long unsigned int INITIAL_SIZE = 16]’ at /root/verify1002/clang/lean4-src/src/runtime/buffer.h:80:25,
    inlined from ‘void lean::buffer<T, INITIAL_SIZE>::resize(size_t, const T&) [with T = unsigned int; long unsigned int INITIAL_SIZE = 16]’ at /root/verify1002/clang/lean4-src/src/runtime/buffer.h:157:28,
    inlined from ‘void lean::mpn_buffer::resize(size_t, const lean::mpn_digit&)’ at /root/verify1002/clang/lean4-src/src/runtime/mpn.cpp:139:34,
    inlined from ‘size_t lean::div_normalize(const mpn_digit*, size_t, const mpn_digit*, size_t, mpn_buffer&, mpn_buffer&)’ at /root/verify1002/clang/lean4-src/src/runtime/mpn.cpp:160:19,
    inlined from ‘char* lean::mpn_to_string(const mpn_digit*, size_t, char*, size_t)’ at /root/verify1002/clang/lean4-src/src/runtime/mpn.cpp:340:37:
/usr/include/c++/13/bits/stl_algobase.h:437:30: warning: ‘void* __builtin_memmove(void*, const void*, long unsigned int)’ forming offset 4 is out of the bounds [0, 4] [-Warray-bounds=]
  437 |             __builtin_memmove(__result, __first, sizeof(_Tp) * _Num);
      |             ~~~~~~~~~~~~~~~~~^~~~~~~~~~~~~~~~~~~~~~~~~~~~~~~~~~~~~~~
/root/verify1002/clang/lean4-src/src/runtime/uv/timer.cpp: In function ‘lean_object* lean::lean_uv_timer_next(b_obj_arg)’:
/root/verify1002/clang/lean4-src/src/runtime/uv/timer.cpp:196:1: warning: control reaches end of non-void function [-Wreturn-type]
  196 | }
      | ^
/root/verify1002/clang/lean4-src/src/runtime/compact.cpp: In member function ‘void lean::object_compactor::insert_mpz(lean::object*)’:
/root/verify1002/clang/lean4-src/src/runtime/compact.cpp:280:11: warning: ‘void* memcpy(void*, const void*, size_t)’ writing to an object of type ‘struct lean::mpz_object’ with no trivial copy-assignment; use copy-assignment or copy-initialization instead [-Wclass-memaccess]
  280 |     memcpy(new_o, to_mpz(o), sizeof(mpz_object));
      |     ~~~~~~^~~~~~~~~~~~~~~~~~~~~~~~~~~~~~~~~~~~~~
In file included from /root/verify1002/clang/lean4-src/src/runtime/compact.h:10,
                 from /root/verify1002/clang/lean4-src/src/runtime/compact.cpp:13:
/root/verify1002/clang/lean4-src/src/runtime/object.h:21:8: note: ‘struct lean::mpz_object’ declared here
   21 | struct mpz_object {
      |        ^~~~~~~~~~
[ 95%] Built target initialize
/root/verify1002/clang/lean4-src/src/runtime/uv/signal.cpp: In function ‘lean_object* lean::lean_uv_signal_next(b_obj_arg)’:
/root/verify1002/clang/lean4-src/src/runtime/uv/signal.cpp:185:1: warning: control reaches end of non-void function [-Wreturn-type]
  185 | }
      | ^
[ 95%] Linking CXX static library lib/temp/libleaninitialize.a
[ 95%] Built target util
In file included from /usr/include/c++/13/string:51,
                 from /usr/include/c++/13/bits/locale_classes.h:40,
                 from /usr/include/c++/13/bits/ios_base.h:41,
                 from /usr/include/c++/13/ios:44,
                 from /usr/include/c++/13/ostream:40,
                 from /usr/include/c++/13/iostream:41,
                 from /root/verify1002/clang/lean4-src/src/runtime/debug.h:8,
                 from /root/verify1002/clang/lean4-src/src/runtime/mpn.cpp:21:
In static member function ‘static _Up* std::__copy_move<_IsMove, true, std::random_access_iterator_tag>::__copy_m(_Tp*, _Tp*, _Up*) [with _Tp = unsigned int; _Up = unsigned int; bool _IsMove = false]’,
    inlined from ‘_OI std::__copy_move_a2(_II, _II, _OI) [with bool _IsMove = false; _II = unsigned int*; _OI = unsigned int*]’ at /usr/include/c++/13/bits/stl_algobase.h:506:30,
    inlined from ‘_OI std::__copy_move_a1(_II, _II, _OI) [with bool _IsMove = false; _II = unsigned int*; _OI = unsigned int*]’ at /usr/include/c++/13/bits/stl_algobase.h:533:42,
    inlined from ‘_OI std::__copy_move_a(_II, _II, _OI) [with bool _IsMove = false; _II = unsigned int*; _OI = unsigned int*]’ at /usr/include/c++/13/bits/stl_algobase.h:540:31,
    inlined from ‘_OI std::copy(_II, _II, _OI) [with _II = unsigned int*; _OI = unsigned int*]’ at /usr/include/c++/13/bits/stl_algobase.h:633:7,
    inlined from ‘static _ForwardIterator std::__uninitialized_copy<true>::__uninit_copy(_InputIterator, _InputIterator, _ForwardIterator) [with _InputIterator = unsigned int*; _ForwardIterator = unsigned int*]’ at /usr/include/c++/13/bits/stl_uninitialized.h:147:27,
    inlined from ‘_ForwardIterator std::uninitialized_copy(_InputIterator, _InputIterator, _ForwardIterator) [with _InputIterator = unsigned int*; _ForwardIterator = unsigned int*]’ at /usr/include/c++/13/bits/stl_uninitialized.h:185:15,
    inlined from ‘void lean::buffer<T, INITIAL_SIZE>::set_capacity(size_t) [with T = unsigned int; long unsigned int INITIAL_SIZE = 16]’ at /root/verify1002/clang/lean4-src/src/runtime/buffer.h:41:32,
    inlined from ‘void lean::buffer<T, INITIAL_SIZE>::ensure_capacity(size_t) [with T = unsigned int; long unsigned int INITIAL_SIZE = 16]’ at /root/verify1002/clang/lean4-src/src/runtime/buffer.h:80:25,
    inlined from ‘void lean::buffer<T, INITIAL_SIZE>::resize(size_t, const T&) [with T = unsigned int; long unsigned int INITIAL_SIZE = 16]’ at /root/verify1002/clang/lean4-src/src/runtime/buffer.h:157:28,
    inlined from ‘void lean::mpn_buffer::resize(size_t, const lean::mpn_digit&)’ at /root/verify1002/clang/lean4-src/src/runtime/mpn.cpp:139:34,
    inlined from ‘size_t lean::div_normalize(const mpn_digit*, size_t, const mpn_digit*, size_t, mpn_buffer&, mpn_buffer&)’ at /root/verify1002/clang/lean4-src/src/runtime/mpn.cpp:160:19,
    inlined from ‘char* lean::mpn_to_string(const mpn_digit*, size_t, char*, size_t)’ at /root/verify1002/clang/lean4-src/src/runtime/mpn.cpp:340:37:
/usr/include/c++/13/bits/stl_algobase.h:437:30: warning: ‘void* __builtin_memmove(void*, const void*, long unsigned int)’ forming offset 4 is out of the bounds [0, 4] [-Warray-bounds=]
  437 |             __builtin_memmove(__result, __first, sizeof(_Tp) * _Num);
      |             ~~~~~~~~~~~~~~~~~^~~~~~~~~~~~~~~~~~~~~~~~~~~~~~~~~~~~~~~
[ 95%] Built target leaninitialize
/root/verify1002/clang/lean4-src/src/runtime/compact.cpp: In member function ‘void lean::object_compactor::insert_mpz(lean::object*)’:
/root/verify1002/clang/lean4-src/src/runtime/compact.cpp:280:11: warning: ‘void* memcpy(void*, const void*, size_t)’ writing to an object of type ‘struct lean::mpz_object’ with no trivial copy-assignment; use copy-assignment or copy-initialization instead [-Wclass-memaccess]
  280 |     memcpy(new_o, to_mpz(o), sizeof(mpz_object));
      |     ~~~~~~^~~~~~~~~~~~~~~~~~~~~~~~~~~~~~~~~~~~~~
In file included from /root/verify1002/clang/lean4-src/src/runtime/compact.h:10,
                 from /root/verify1002/clang/lean4-src/src/runtime/compact.cpp:13:
/root/verify1002/clang/lean4-src/src/runtime/object.h:21:8: note: ‘struct lean::mpz_object’ declared here
   21 | struct mpz_object {
      |        ^~~~~~~~~~
[ 96%] Linking CXX static library lib/temp/libleanshell.a
[ 96%] Built target leanshell
[ 96%] Built target constructions
/root/verify1002/clang/lean4-src/src/runtime/io.cpp: In function ‘lean::object* lean::lean_io_prim_handle_mk(b_obj_arg, uint8)’:
/root/verify1002/clang/lean4-src/src/runtime/io.cpp:419:23: warning: ‘fp_mode’ may be used uninitialized [-Wmaybe-uninitialized]
  419 |     FILE * fp = fdopen(fd, fp_mode);
      |                 ~~~~~~^~~~~~~~~~~~~
/root/verify1002/clang/lean4-src/src/runtime/io.cpp:411:18: note: ‘fp_mode’ was declared here
  411 |     char const * fp_mode;
      |                  ^~~~~~~
/root/verify1002/clang/lean4-src/src/library/module.cpp: In function ‘lean::object* lean::lean_save_module_data_parts(b_obj_arg, b_obj_arg, object*)’:
/root/verify1002/clang/lean4-src/src/library/module.cpp:156:20: warning: ‘char* __builtin_strncpy(char*, const char*, long unsigned int)’ output truncated before terminating nul copying 40 bytes from a string of the same length [-Wstringop-truncation]
  156 |             strncpy(header.githash, LEAN_GITHASH, sizeof(header.githash));
      |                    ^
/root/verify1002/clang/lean4-src/src/library/module.cpp:155:20: warning: ‘char* __builtin_strncpy(char*, const char*, long unsigned int)’ specified bound 33 equals destination size [-Wstringop-truncation]
  155 |             strncpy(header.lean_version, get_short_version_string().c_str(), sizeof(header.lean_version));
      |                    ^
/root/verify1002/clang/lean4-src/src/runtime/io.cpp: In function ‘lean::object* lean::lean_io_prim_handle_mk(b_obj_arg, uint8)’:
/root/verify1002/clang/lean4-src/src/runtime/io.cpp:419:23: warning: ‘fp_mode’ may be used uninitialized [-Wmaybe-uninitialized]
  419 |     FILE * fp = fdopen(fd, fp_mode);
      |                 ~~~~~~^~~~~~~~~~~~~
/root/verify1002/clang/lean4-src/src/runtime/io.cpp:411:18: note: ‘fp_mode’ was declared here
  411 |     char const * fp_mode;
      |                  ^~~~~~~
/root/verify1002/clang/lean4-src/src/kernel/instantiate_mvars.cpp: In member function ‘lean::level lean::instantiate_lmvars_fn::visit(const lean::level&)’:
/root/verify1002/clang/lean4-src/src/kernel/instantiate_mvars.cpp:88:5: warning: control reaches end of non-void function [-Wreturn-type]
   88 |     }
      |     ^
/root/verify1002/clang/lean4-src/src/kernel/instantiate_mvars.cpp: In member function ‘lean::expr lean::instantiate_mvars_fn::visit(const lean::expr&)’:
/root/verify1002/clang/lean4-src/src/kernel/instantiate_mvars.cpp:360:5: warning: control reaches end of non-void function [-Wreturn-type]
  360 |     }
      |     ^
In static member function ‘static lean::object* lean::ir::interpreter::stub_m_aux(lean::object**)’,
    inlined from ‘static lean::object* lean::ir::interpreter::stub_1_aux(lean::object*)’ at /root/verify1002/clang/lean4-src/src/library/ir_interpreter.cpp:1006:105:
/root/verify1002/clang/lean4-src/src/library/ir_interpreter.cpp:999:29: warning: array subscript 1 is outside array bounds of ‘lean::object* [1]’ {aka ‘lean_object* [1]’} [-Warray-bounds=]
  999 |         options opts(args[1]);
      |                             ^
/root/verify1002/clang/lean4-src/src/library/ir_interpreter.cpp: In static member function ‘static lean::object* lean::ir::interpreter::stub_1_aux(lean::object*)’:
/root/verify1002/clang/lean4-src/src/library/ir_interpreter.cpp:1006:57: note: at offset 8 into object ‘args’ of size 8
 1006 |     static object * stub_1_aux(object * x_1) { object * args[] = { x_1 }; return interpreter::stub_m_aux(args); }
      |                                                         ^~~~
In file included from /root/verify1002/clang/lean4-src/src/runtime/string_ref.h:10,
                 from /root/verify1002/clang/lean4-src/src/util/name.h:14,
                 from /root/verify1002/clang/lean4-src/src/util/name_set.h:9,
                 from /root/verify1002/clang/lean4-src/src/kernel/environment.h:15,
                 from /root/verify1002/clang/lean4-src/src/library/elab_environment.h:8,
                 from /root/verify1002/clang/lean4-src/src/library/ir_interpreter.h:8,
                 from /root/verify1002/clang/lean4-src/src/library/ir_interpreter.cpp:38:
In member function ‘lean::object* lean::object_ref::raw() const’,
    inlined from ‘const T& lean::cnstr_get_ref_t(const object_ref&, unsigned int) [with T = name]’ at /root/verify1002/clang/lean4-src/src/runtime/object_ref.h:146:48,
    inlined from ‘const lean::ir::fun_id& lean::ir::decl_fun_id(const decl&)’ at /root/verify1002/clang/lean4-src/src/library/ir_interpreter.cpp:180:76,
    inlined from ‘static lean::object* lean::ir::interpreter::stub_m_aux(lean::object**)’ at /root/verify1002/clang/lean4-src/src/library/ir_interpreter.cpp:1000:65,
    inlined from ‘static lean::object* lean::ir::interpreter::stub_1_aux(lean::object*)’ at /root/verify1002/clang/lean4-src/src/library/ir_interpreter.cpp:1006:105:
/root/verify1002/clang/lean4-src/src/runtime/object_ref.h:42:35: warning: array subscript 2 is outside array bounds of ‘lean::object* [1]’ {aka ‘lean_object* [1]’} [-Warray-bounds=]
   42 |     object * raw() const { return m_obj; }
      |                                   ^~~~~
/root/verify1002/clang/lean4-src/src/library/ir_interpreter.cpp: In static member function ‘static lean::object* lean::ir::interpreter::stub_1_aux(lean::object*)’:
/root/verify1002/clang/lean4-src/src/library/ir_interpreter.cpp:1006:57: note: at offset 16 into object ‘args’ of size 8
 1006 |     static object * stub_1_aux(object * x_1) { object * args[] = { x_1 }; return interpreter::stub_m_aux(args); }
      |                                                         ^~~~
In member function ‘lean::object* lean::object_ref::raw() const’,
    inlined from ‘const T& lean::cnstr_get_ref_t(const object_ref&, unsigned int) [with T = name]’ at /root/verify1002/clang/lean4-src/src/runtime/object_ref.h:146:48,
    inlined from ‘const lean::ir::fun_id& lean::ir::decl_fun_id(const decl&)’ at /root/verify1002/clang/lean4-src/src/library/ir_interpreter.cpp:180:76,
    inlined from ‘static lean::object* lean::ir::interpreter::stub_m_aux(lean::object**)’ at /root/verify1002/clang/lean4-src/src/library/ir_interpreter.cpp:1000:65,
    inlined from ‘static lean::object* lean::ir::interpreter::stub_2_aux(lean::object*, lean::object*)’ at /root/verify1002/clang/lean4-src/src/library/ir_interpreter.cpp:1007:124:
/root/verify1002/clang/lean4-src/src/runtime/object_ref.h:42:35: warning: array subscript 2 is outside array bounds of ‘lean::object* [2]’ {aka ‘lean_object* [2]’} [-Warray-bounds=]
   42 |     object * raw() const { return m_obj; }
      |                                   ^~~~~
/root/verify1002/clang/lean4-src/src/library/ir_interpreter.cpp: In static member function ‘static lean::object* lean::ir::interpreter::stub_2_aux(lean::object*, lean::object*)’:
/root/verify1002/clang/lean4-src/src/library/ir_interpreter.cpp:1007:71: note: at offset 16 into object ‘args’ of size 16
 1007 |     static object * stub_2_aux(object * x_1, object * x_2) { object * args[] = { x_1, x_2 }; return interpreter::stub_m_aux(args); }
      |                                                                       ^~~~
[ 96%] Built target library
[ 97%] Linking CXX static library ../lib/lean/libleanrt.a
[ 97%] Built target leanrt
[ 98%] Linking CXX static library libleanrt_initial-exec.a
[ 98%] Built target leanrt_initial-exec
✔ [2/4169] Built Init.Prelude (5.2s)
✔ [3/4169] Built Lean.Runtime (90ms)
✔ [4/4169] Built Lean.Server.Test.Refs (85ms)
✔ [5/4169] Built Init.MethodSpecsSimp (131ms)
✔ [6/4169] Built Init.MethodSpecsSimp:c.o (48ms)
✔ [7/4169] Built Lean.Runtime:c.o (56ms)
✔ [8/4169] Built Lean.Server.Test.Refs:c.o (48ms)
✔ [9/4169] Built Lake.Config.Kinds (117ms)
✔ [10/4169] Built Lake.Util.Store (146ms)
[ 98%] Built target kernel
[ 99%] Linking CXX static library lib/lean/libleancpp.a
[100%] Linking CXX static library lib/temp/libleancpp_1.a
✔ [11/4169] Built Init.Coe (248ms)
✔ [12/4169] Built Lake.Config.Kinds:c.o (82ms)
✔ [13/4169] Built Init.Data.Cast (86ms)
✔ [14/4169] Built Init.Data.Option.Coe (72ms)
✔ [15/4169] Built Init.Data.Option.Coe:c.o (57ms)
✔ [16/4169] Built Lake.Util.Store:c.o (176ms)
[100%] Built target leancpp_1
[100%] Built target leancpp
✔ [17/4169] Built Init.Coe:c.o (179ms)
✔ [18/4169] Built Init.Data.Cast:c.o (65ms)
✔ [19/4169] Built Init.Prelude:c.o (3.8s)
✔ [20/4169] Built Init.Notation (6.3s)
✔ [21/4169] Built Init.Internal.Order.Tactic (77ms)
✔ [22/4169] Built Init.Internal.Order.Tactic:c.o (54ms)
✔ [23/4169] Built Lean.PrivateName (141ms)
✔ [24/4169] Built Lean.PrivateName:c.o (111ms)
✔ [25/4169] Built Init.Tactics (4.1s)
✔ [26/4169] Built Init.Data.Array.Set (129ms)
✔ [27/4169] Built Init.BinderNameHint (124ms)
✔ [28/4169] Built Init.Grind.Annotated (110ms)
✔ [29/4169] Built Lake.Util.Opaque (115ms)
✔ [30/4169] Built Init.Data.Array.Set:c.o (94ms)
✔ [31/4169] Built Init.Syntax (109ms)
✔ [32/4169] Built Init.BinderNameHint:c.o (64ms)
✔ [33/4169] Built Init.Grind.Attr (211ms)
✔ [34/4169] Built Init.Grind.Annotated:c.o (60ms)
✔ [35/4169] Built Lake.Util.Opaque:c.o (102ms)
✔ [36/4169] Built Init.Syntax:c.o (91ms)
✔ [37/4169] Built Init.Try (267ms)
✔ [38/4169] Built Init.SizeOf (416ms)
✔ [39/4169] Built Init.SizeOf:c.o (68ms)
✔ [40/4169] Built Init.Grind.Attr:c.o (301ms)
✔ [41/4169] Built Init.Try:c.o (260ms)
✔ [42/4169] Built Init.Grind.Interactive (746ms)
✔ [43/4169] Built Init.Notation:c.o (5.5s)
✔ [44/4169] Built Init.Grind.Interactive:c.o (947ms)
✔ [45/4169] Built Init.Core (3.5s)
✔ [46/4169] Built Init.Data.Zero (155ms)
✔ [47/4169] Built Init.Data.Slice.Basic (164ms)
✔ [48/4169] Built Init.Data.LawfulHashable (126ms)
✔ [49/4169] Built Init.Data.LawfulHashable:c.o (57ms)
✔ [50/4169] Built Init.Data.ULift (126ms)
✔ [51/4169] Built Init.Data.PLift (114ms)
✔ [52/4169] Built Init.Data.PLift:c.o (69ms)
✔ [53/4169] Built Init.Dynamic (145ms)
✔ [54/4169] Built Lean.Compiler.LCNF.Simp.Config (159ms)
✔ [55/4169] Built Lean.Meta.Tactic.Grind.Arith.Types (151ms)
✔ [56/4169] Built Init.Control.Id (135ms)
✔ [57/4169] Built Init.Data.Order.Classes (235ms)
✔ [58/4169] Built Init.Data.Slice.Basic:c.o (69ms)
✔ [59/4169] Built Init.Data.ULift:c.o (64ms)
✔ [60/4169] Built Init.Dynamic:c.o (98ms)
✔ [61/4169] Built Lean.Compiler.LCNF.Simp.Config:c.o (53ms)
✔ [62/4169] Built Lean.Meta.Tactic.Grind.Arith.Types:c.o (55ms)
✔ [63/4169] Built Init.Control.Id:c.o (111ms)
✔ [64/4169] Built Init.Data.Zero:c.o (140ms)
✔ [65/4169] Built Init.While (329ms)
✔ [66/4169] Built Init.Data.Order.Classes:c.o (52ms)
✔ [67/4169] Built Init.Data.NeZero (207ms)
✔ [68/4169] Built Init.Data.NeZero:c.o (53ms)
✔ [69/4169] Built Init.SimpLemmas (513ms)
✔ [70/4169] Built Init.SimpLemmas:c.o (52ms)
✔ [71/4169] Built Std.Tactic.BVDecide.Normalize.Prop (108ms)
✔ [72/4169] Built Init.MetaTypes (691ms)
✔ [73/4169] Built Init.Grind.Config (718ms)
✔ [74/4169] Built Init.While:c.o (349ms)
✔ [75/4169] Built Std.Tactic.BVDecide.Normalize.Prop:c.o (50ms)
✔ [76/4169] Built Init.Control.Basic (797ms)
✔ [77/4169] Built Init.Grind.Config:c.o (124ms)
✔ [78/4169] Built Init.Grind.Tactics (164ms)
✔ [79/4169] Built Init.Grind.Lint (151ms)
✔ [80/4169] Built Init.MetaTypes:c.o (292ms)
✔ [81/4169] Built Init.Grind.Tactics:c.o (117ms)
✔ [82/4169] Built Init.Control.Lawful.MonadLift.Basic (144ms)
✔ [83/4169] Built Init.Control.Lawful.MonadLift.Basic:c.o (52ms)
✔ [84/4169] Built Init.Grind.Cases (122ms)
✔ [85/4169] Built Init.Grind.Cases:c.o (54ms)
✔ [86/4169] Built Init.Grind.Lint:c.o (122ms)
✔ [87/4169] Built Init.Data.Function (221ms)
✔ [88/4169] Built Init.Control.Except (336ms)
✔ [89/4169] Built Init.Data.Function:c.o (89ms)
✔ [90/4169] Built Init.Control.Reader (142ms)
✔ [91/4169] Built Init.Control.Basic:c.o (574ms)
✔ [92/4169] Built Init.Control.Reader:c.o (149ms)
✔ [93/4169] Built Lean.Util.MonadBacktrack (239ms)
✔ [94/4169] Built Lake.Util.EquipT (222ms)
✔ [95/4169] Built Init.Control.State (295ms)
✔ [96/4169] Built Init.Data.Option.Basic (603ms)
✔ [97/4169] Built Init.Core:c.o (1.6s)
✔ [98/4169] Built Init.Control.Option (222ms)
✔ [99/4169] Built Lean.Util.MonadBacktrack:c.o (307ms)
✔ [100/4169] Built Lake.Util.EquipT:c.o (331ms)
✔ [101/4169] Built Init.Data.Option.Instances (290ms)
✔ [102/4169] Built Lake.Util.Task (144ms)
✔ [103/4169] Built Lake.Util.EStateT (437ms)
✔ [104/4169] Built Lake.Util.Task:c.o (90ms)
✔ [105/4169] Built Init.Tactics:c.o (5.9s)
✔ [106/4169] Built Init.Control.Except:c.o (839ms)
✔ [107/4169] Built Init.Data.Option.Instances:c.o (194ms)
✔ [108/4169] Built Init.Control.State:c.o (630ms)
✔ [109/4169] Built Init.Data.Option.Basic:c.o (640ms)
✔ [110/4169] Built Init.Control.Option:c.o (389ms)
✔ [111/4169] Built Init.Data.Nat.Basic (1.6s)
✔ [112/4169] Built Init.Data.Nat.Basic:c.o (290ms)
✔ [113/4169] Built Init.WF (537ms)
✔ [114/4169] Built Lake.Util.EStateT:c.o (1.1s)
✔ [115/4169] Built Init.WF:c.o (154ms)
✔ [116/4169] Built Init.WFTactics (582ms)
✔ [117/4169] Built Init.Data.Nat.Div.Basic (639ms)
✔ [118/4169] Built Init.Data.Nat.Div.Basic:c.o (111ms)
✔ [119/4169] Built Init.WFTactics:c.o (936ms)
✔ [120/4169] Built Init.Data.Nat.Bitwise.Basic (285ms)
✔ [121/4169] Built Init.Data.List.Notation (267ms)
✔ [122/4169] Built Init.Data.Int.Basic (415ms)
✔ [123/4169] Built Init.Data.Nat.Bitwise.Basic:c.o (145ms)
✔ [124/4169] Built Init.Data.List.Notation:c.o (171ms)
✔ [125/4169] Built Init.Data.Int.Bitwise.Basic (152ms)
✔ [126/4169] Built Std.Do.SPred.SVal (426ms)
✔ [127/4169] Built Init.Data.Fin.Basic (532ms)
✔ [128/4169] Built Init.Data.Int.DivMod.Basic (351ms)
✔ [129/4169] Built Init.Data.Int.Bitwise.Basic:c.o (191ms)
✔ [130/4169] Built Std.Do.SPred.SVal:c.o (158ms)
✔ [131/4169] Built Init.Data.Int.Basic:c.o (441ms)
✔ [132/4169] Built Init.Data.BitVec.BasicAux (146ms)
✔ [133/4169] Built Init.Data.BitVec.BasicAux:c.o (90ms)
✔ [134/4169] Built Init.Data.UInt.BasicAux (258ms)
✔ [135/4169] Built Init.Data.Fin.Basic:c.o (442ms)
✔ [136/4169] Built Init.Data.Char.Basic (195ms)
✔ [137/4169] Built Init.Data.Int.DivMod.Basic:c.o (626ms)
✔ [138/4169] Built Init.Data.UInt.BasicAux:c.o (237ms)
✔ [139/4169] Built Init.Data.Char.Basic:c.o (116ms)
✔ [140/4169] Built Init.Data.List.Basic (3.1s)
✔ [141/4169] Built Init.Data.ByteArray.Bootstrap (221ms)
✔ [142/4169] Built Init.Data.List.ToArrayImpl (134ms)
✔ [143/4169] Built Init.Data.List.ToArrayImpl:c.o (70ms)
✔ [144/4169] Built Init.Data.ByteArray.Bootstrap:c.o (67ms)
✔ [145/4169] Built Init.Data.String.Bootstrap (191ms)
✔ [146/4169] Built Init.Data.String.Bootstrap:c.o (125ms)
✔ [147/4169] Built Init.System.Platform (160ms)
✔ [148/4169] Built Init.System.Platform:c.o (58ms)
✔ [149/4169] Built Init.Data.Format.Basic (748ms)
✔ [150/4169] Built Init.Data.Repr (550ms)
✔ [151/4169] Built Init.Data.ToString.Basic (260ms)
✔ [152/4169] Built Init.Util (205ms)
✔ [153/4169] Built Init.Control.EState (194ms)
✔ [154/4169] Built Lean.Data.LBool (225ms)
✔ [155/4169] Built Lake.Config.Lang (173ms)
✔ [156/4169] Built Init.Data.ToString.Basic:c.o (293ms)
✔ [157/4169] Built Init.Data.Option.BasicAux (141ms)
✔ [158/4169] Built Init.Data.Float (316ms)
✔ [159/4169] Built Lake.Config.Lang:c.o (137ms)
✔ [160/4169] Built Init.Data.Repr:c.o (701ms)
✔ [161/4169] Built Init.Util:c.o (186ms)
✔ [162/4169] Built Init.Data.Option.BasicAux:c.o (76ms)
✔ [163/4169] Built Init.Control.EState:c.o (232ms)
✔ [164/4169] Built Lean.Data.LBool:c.o (149ms)
✔ [165/4169] Built Lean.Meta.Tactic.Grind.CheckResult (668ms)
✔ [166/4169] Built Init.Data.List.Basic:c.o (2.6s)
✔ [167/4169] Built Init.Data.Float:c.o (287ms)
✔ [168/4169] Built Init.Data.Float32 (339ms)
✔ [169/4169] Built Lean.Meta.Tactic.Grind.CheckResult:c.o (160ms)
✔ [170/4169] Built Init.Data.Float32:c.o (288ms)
✔ [171/4169] Built Init.GetElem (1.1s)
✔ [172/4169] Built Init.GetElem:c.o (592ms)
✔ [173/4169] Built Init.Data.Format.Basic:c.o (3.8s)
✔ [174/4169] Built Init.Data.Array.Basic (3.8s)
✔ [175/4169] Built Lean.Meta.ArgsPacker.Basic (145ms)
✔ [176/4169] Built Lean.Meta.ArgsPacker.Basic:c.o (52ms)
✔ [177/4169] Built Lake.Util.Reservoir (155ms)
✔ [178/4169] Built Init.Data.Array.InsertionSort (209ms)
✔ [179/4169] Built Lake.Util.Reservoir:c.o (62ms)
✔ [180/4169] Built Init.Data.Array.GetLit (326ms)
✔ [181/4169] Built Init.Data.Array.InsertionSort:c.o (167ms)
✔ [182/4169] Built Init.Data.Array.GetLit:c.o (137ms)
✔ [183/4169] Built Init.Data.Array.Subarray (480ms)
✔ [184/4169] Built Init.Data.Array.Subarray:c.o (1.0s)
✔ [185/4169] Built Init.Data.Array.Basic:c.o (3.2s)
✔ [186/4169] Built Init.Meta.Defs (3.1s)
✔ [187/4169] Built Init.Meta (1.2s)
✔ [188/4169] Built Init.RCases (221ms)
✔ [189/4169] Built Init.Data.ToString.Macro (186ms)
✔ [190/4169] Built Init.Data.ToString.Macro:c.o (114ms)
✔ [191/4169] Built Init.RCases:c.o (203ms)
✔ [192/4169] Built Init.Data.Nat.Dvd (399ms)
✔ [193/4169] Built Init.Data.Format.Macro (204ms)
✔ [194/4169] Built Init.MacroTrace (186ms)
✔ [195/4169] Built Init.Data.Nat.Dvd:c.o (64ms)
✔ [196/4169] Built Init.Data.Format.Macro:c.o (114ms)
✔ [197/4169] Built Init.MacroTrace:c.o (132ms)
✔ [198/4169] Built Init.Conv (1.4s)
✔ [199/4169] Built Init.Conv:c.o (1.4s)
✔ [200/4169] Built Init.Meta:c.o (3.6s)
✔ [201/4169] Built Init.Meta.Defs:c.o (4.9s)
✔ [202/4169] Built Init.NotationExtra (3.8s)
✔ [203/4169] Built Init.Hints (175ms)
✔ [204/4169] Built Init.Hints:c.o (50ms)
✔ [205/4169] Built Init.Guard (235ms)
✔ [206/4169] Built Init.WFComputable (266ms)
✔ [207/4169] Built Init.WFComputable:c.o (81ms)
✔ [208/4169] Built Init.Data.Prod (289ms)
✔ [209/4169] Built Init.Data.Prod:c.o (69ms)
✔ [210/4169] Built Init.Grind.Propagator (353ms)
✔ [211/4169] Built Init.Guard:c.o (194ms)
✔ [212/4169] Built Init.Grind.Propagator:c.o (253ms)
✔ [213/4169] Built Init.Data.Nat.Gcd (677ms)
✔ [214/4169] Built Init.Data.Nat.Gcd:c.o (81ms)
✔ [215/4169] Built Init.TacticsExtra (803ms)
✔ [216/4169] Built Init.BinderPredicates (840ms)
✔ [217/4169] Built Std.Data.DHashMap.Internal.AssocList.Basic (808ms)
✔ [218/4169] Built Init.PropLemmas (933ms)
✔ [219/4169] Built Init.PropLemmas:c.o (113ms)
✔ [220/4169] Built Init.Data.Bool (1.0s)
✔ [221/4169] Built Init.Data.Nat.Coprime (352ms)
✔ [222/4169] Built Std.Data.Internal.List.Defs (188ms)
✔ [223/4169] Built Init.Omega.Logic (214ms)
✔ [224/4169] Built Init.Data.Nat.Coprime:c.o (63ms)
✔ [225/4169] Built Std.Data.DHashMap.RawDef (309ms)
✔ [226/4169] Built Std.Data.Internal.List.Defs:c.o (99ms)
✔ [227/4169] Built Init.Classical (314ms)
✔ [228/4169] Built Init.Ext (393ms)
✔ [229/4169] Built Init.Data.Bool:c.o (166ms)
✔ [230/4169] Built Init.Data.RArray (271ms)
✔ [231/4169] Built Init.Omega.Logic:c.o (63ms)
✔ [232/4169] Built Init.Data.Fin.Iterate (308ms)
✔ [233/4169] Built Init.Classical:c.o (73ms)
✔ [234/4169] Built Init.Data.RArray:c.o (148ms)
✔ [235/4169] Built Init.Data.BEq (284ms)
✔ [236/4169] Built Init.Data.BEq:c.o (57ms)
✔ [237/4169] Built Init.Data.Fin.Iterate:c.o (92ms)
✔ [238/4169] Built Std.Tactic.BVDecide.LRAT.Internal.Entails (373ms)
✔ [239/4169] Built Init.Ext:c.o (216ms)
✔ [240/4169] Built Init.BinderPredicates:c.o (608ms)
✔ [241/4169] Built Init.Data.Subtype.Basic (204ms)
✔ [242/4169] Built Init.Data.Sum.Basic (457ms)
✔ [243/4169] Built Init.Grind.Ext (170ms)
✔ [244/4169] Built Init.Grind.Ext:c.o (58ms)
✔ [245/4169] Built Std.Data.DHashMap.RawDef:c.o (295ms)
✔ [246/4169] Built Init.Data.Subtype.Basic:c.o (56ms)
✔ [247/4169] Built Init.Grind.Injective (244ms)
✔ [248/4169] Built Std.Tactic.BVDecide.LRAT.Internal.Entails:c.o (194ms)
✔ [249/4169] Built Init.ByCases (315ms)
✔ [250/4169] Built Init.Data.Sum.Basic:c.o (211ms)
✔ [251/4169] Built Init.Grind.Util (404ms)
✔ [252/4169] Built Init.Grind.Injective:c.o (102ms)
✔ [253/4169] Built Init.System.ST (490ms)
✔ [254/4169] Built Init.Data.Order.Factories (419ms)
✔ [255/4169] Built Std.Data.DHashMap.Internal.AssocList.Basic:c.o (878ms)
✔ [256/4169] Built Init.ByCases:c.o (225ms)
✔ [257/4169] Built Init.Data.Order.Factories:c.o (151ms)
✔ [258/4169] Built Init.WFExtrinsicFix (611ms)
✔ [259/4169] Built Init.Control.Lawful.Basic (729ms)
✔ [260/4169] Built Init.Data.Nat.MinMax (315ms)
✔ [261/4169] Built Init.Data.Nat.MinMax:c.o (83ms)
✔ [262/4169] Built Init.WFExtrinsicFix:c.o (105ms)
✔ [263/4169] Built Init.Data.Sum.Lemmas (510ms)
✔ [264/4169] Built Init.Grind.Util:c.o (258ms)
✔ [265/4169] Built Init.Control.StateRef (235ms)
✔ [266/4169] Built Init.Control.Lawful.Basic:c.o (82ms)
✔ [267/4169] Built Init.Data.Int.Lemmas (1.1s)
✔ [268/4169] Built Init.Data.Int.Lemmas:c.o (54ms)
✔ [269/4169] Built Init.Data.Sum.Lemmas:c.o (92ms)
✔ [270/4169] Built Std.Do.SPred.SPred (799ms)
✔ [271/4169] Built Init.Data.Nat.Order (192ms)
✔ [272/4169] Built Init.Data.Nat.Order:c.o (76ms)
✔ [273/4169] Built Init.Data.Sum (179ms)
✔ [274/4169] Built Init.Data.Sum:c.o (56ms)
✔ [275/4169] Built Init.System.ST:c.o (461ms)
✔ [276/4169] Built Init.Control.StateRef:c.o (213ms)
✔ [277/4169] Built Init.Control.Lawful.Lemmas (247ms)
✔ [278/4169] Built Init.Control.Lawful.Lemmas:c.o (60ms)
✔ [279/4169] Built Init.Control.Lawful.MonadLift.Lemmas (283ms)
✔ [280/4169] Built Init.LawfulBEqTactics (682ms)
✔ [281/4169] Built Std.Do.SPred.SPred:c.o (214ms)
✔ [282/4169] Built Std.Tactic.Do.ProofMode (192ms)
✔ [283/4169] Built Init.Control.Lawful.MonadLift.Lemmas:c.o (59ms)
✔ [284/4169] Built Init.Control.ExceptCps (370ms)
✔ [285/4169] Built Init.Control.StateCps (361ms)
✔ [286/4169] Built Init.Data.AC (769ms)
✔ [287/4169] Built Std.Tactic.Do.ProofMode:c.o (94ms)
✔ [288/4169] Built Init.Control.StateCps:c.o (171ms)
✔ [289/4169] Built Init.Data.Ord.Basic (894ms)
✔ [290/4169] Built Init.Data.Iterators.Basic (1.1s)
✔ [291/4169] Built Init.Data.Iterators.PostconditionMonad (534ms)
✔ [292/4169] Built Init.TacticsExtra:c.o (1.7s)
✔ [293/4169] Built Init.Control.ExceptCps:c.o (195ms)
✔ [294/4169] Built Init.Data.Order.Lemmas (855ms)
✔ [295/4169] Built Init.Data.Order.Lemmas:c.o (69ms)
✔ [296/4169] Built Init.Data.Iterators.Internal.Termination (240ms)
✔ [297/4169] Built Init.Data.Iterators.Consumers.Monadic.Partial (225ms)
✔ [298/4169] Built Init.Data.Iterators.Consumers.Monadic.Total (194ms)
✔ [299/4169] Built Init.Data.Iterators.Consumers.Monadic.Total:c.o (75ms)
✔ [300/4169] Built Init.Data.Iterators.Consumers.Partial (205ms)
✔ [301/4169] Built Init.Data.Iterators.Consumers.Partial:c.o (72ms)
✔ [302/4169] Built Init.Data.Iterators.Consumers.Total (217ms)
✔ [303/4169] Built Init.Data.Iterators.Consumers.Monadic.Access (274ms)
✔ [304/4169] Built Init.Data.Order.ClassesExtra (186ms)
✔ [305/4169] Built Init.Data.Nat.Compare (272ms)
✔ [306/4169] Built Init.Data.Iterators.Internal.Termination:c.o (57ms)
✔ [307/4169] Built Init.Data.Iterators.Consumers.Monadic.Partial:c.o (65ms)
✔ [308/4169] Built Init.Data.Iterators.Consumers.Total:c.o (68ms)
✔ [309/4169] Built Init.Data.Iterators.PostconditionMonad:c.o (292ms)
✔ [310/4169] Built Init.Data.Iterators.Consumers.Monadic.Access:c.o (98ms)
✔ [311/4169] Built Init.Data.Iterators.Lemmas.Monadic.Basic (333ms)
✔ [312/4169] Built Init.Data.Iterators.Lemmas.Basic (324ms)
✔ [313/4169] Built Init.Data.Order.ClassesExtra:c.o (56ms)
✔ [314/4169] Built Std.Do.SPred.Notation.Basic (749ms)
✔ [315/4169] Built Init.Data.Nat.Compare:c.o (54ms)
✔ [316/4169] Built Init.Data.Subtype.Order (290ms)
✔ [317/4169] Built Init.Data.Iterators.Lemmas.Monadic.Basic:c.o (78ms)
✔ [318/4169] Built Init.Data.AC:c.o (460ms)
✔ [319/4169] Built Init.Data.Iterators.Lemmas.Basic:c.o (82ms)
✔ [320/4169] Built Init.Data.Ord.Basic:c.o (478ms)
✔ [321/4169] Built Init.Data.Subtype.Order:c.o (67ms)
✔ [322/4169] Built Std.Data.Iterators.Lemmas.Monadic (155ms)
✔ [323/4169] Built Std.Data.Iterators.Lemmas.Monadic:c.o (57ms)
✔ [324/4169] Built Init.Data.Subtype.OrderExtra (156ms)
✔ [325/4169] Built Init.Data.Subtype.OrderExtra:c.o (62ms)
✔ [326/4169] Built Init.Data.Iterators.Basic:c.o (759ms)
✔ [327/4169] Built Init.Data.Subtype (153ms)
✔ [328/4169] Built Init.Data.Subtype:c.o (55ms)
✔ [329/4169] Built Init.LawfulBEqTactics:c.o (1.1s)
✔ [330/4169] Built Init.Control.Lawful.Instances (1.7s)
✔ [331/4169] Built Std.Do.SPred.Notation.Basic:c.o (948ms)
✔ [332/4169] Built Init.Control.Lawful.Instances:c.o (108ms)
✔ [333/4169] Built Init.Data.Option.Lemmas (2.6s)
✔ [334/4169] Built Init.Control.Lawful.MonadLift.Instances (430ms)
✔ [335/4169] Built Init.Data.Option.Lemmas:c.o (192ms)
✔ [336/4169] Built Init.NotationExtra:c.o (4.2s)
✔ [337/4169] Built Init.Control.Lawful.MonadLift.Instances:c.o (94ms)
✔ [338/4169] Built Init.Control.Lawful.MonadLift (143ms)
✔ [339/4169] Built Init.Control.Lawful.MonadLift:c.o (57ms)
✔ [340/4169] Built Init.Data.Int.Order (1.8s)
✔ [341/4169] Built Init.Control.Lawful (149ms)
✔ [342/4169] Built Init.Control.Lawful:c.o (60ms)
✔ [343/4169] Built Init.Data.Range.Polymorphic.UpwardEnumerable (624ms)
✔ [344/4169] Built Init.Control (157ms)
✔ [345/4169] Built Init.Data.Int.Order:c.o (250ms)
✔ [346/4169] Built Init.Data.Iterators.Internal.LawfulMonadLiftFunction (360ms)
✔ [347/4169] Built Init.Data.Range.Polymorphic.UpwardEnumerable:c.o (100ms)
✔ [348/4169] Built Init.Grind.Ordered.Order (259ms)
✔ [349/4169] Built Init.Grind.Ordered.Order:c.o (74ms)
✔ [350/4169] Built Init.Control:c.o (76ms)
✔ [351/4169] Built Init.Data.Iterators.Internal.LawfulMonadLiftFunction:c.o (67ms)
✔ [352/4169] Built Init.Data.Iterators.Internal (151ms)
✔ [353/4169] Built Init.Data.Iterators.Internal:c.o (56ms)
✔ [354/4169] Built Init.Data.Iterators.Consumers.Monadic.Collect (421ms)
✔ [355/4169] Built Init.Data.List.Control (666ms)
✔ [356/4169] Built Init.Data.Iterators.Consumers.Collect (209ms)
✔ [357/4169] Built Init.Data.Queue (237ms)
✔ [358/4169] Built Init.Data.Iterators.Consumers.Monadic.Collect:c.o (331ms)
✔ [359/4169] Built Init.Data.Iterators.Consumers.Collect:c.o (130ms)
✔ [360/4169] Built Init.Data.Int.DivMod.Bootstrap (1.1s)
✔ [361/4169] Built Init.Data.Queue:c.o (178ms)
✔ [362/4169] Built Init.Data.Int.DivMod.Bootstrap:c.o (166ms)
✔ [363/4169] Built Init.Data.List.Control:c.o (521ms)
✔ [364/4169] Built Init.Data.Iterators.Consumers.Monadic.Loop (1.1s)
✔ [365/4169] Built Std.Data.Iterators.Lemmas.Equivalence.HetT (1.2s)
✔ [366/4169] Built Std.Data.Iterators.Lemmas.Equivalence.HetT:c.o (65ms)
✔ [367/4169] Built Init.Omega.Int (471ms)
✔ [368/4169] Built Init.Data.Iterators.Consumers.Monadic (158ms)
✔ [369/4169] Built Init.Omega.Int:c.o (118ms)
✔ [370/4169] Built Init.Data.Iterators.Consumers.Monadic:c.o (61ms)
✔ [371/4169] Built Init.Data.Range.Polymorphic.PRange (1.6s)
✔ [372/4169] Built Std.Data.Iterators.Producers.Repeat (262ms)
✔ [373/4169] Built Std.Data.Iterators.Combinators.Monadic.StepSize (478ms)
✔ [374/4169] Built Init.Data.Iterators.Consumers.Loop (586ms)
✔ [375/4169] Built Std.Data.Iterators.Producers.Repeat:c.o (149ms)
✔ [376/4169] Built Init.Data.Iterators.Combinators.Monadic.ULift (525ms)
✔ [377/4169] Built Std.Data.Iterators.Combinators.Monadic.StepSize:c.o (201ms)
✔ [378/4169] Built Std.Data.Iterators.Combinators.StepSize (191ms)
✔ [379/4169] Built Init.Omega.IntList (1.0s)
✔ [380/4169] Built Init.Data.Iterators.ToIterator (226ms)
✔ [381/4169] Built Std.Data.Iterators.Producers.Monadic.Empty (225ms)
✔ [382/4169] Built Std.Data.Iterators.Combinators.StepSize:c.o (78ms)
✔ [383/4169] Built Init.Data.Iterators.ToIterator:c.o (78ms)
✔ [384/4169] Built Init.Data.Iterators.Combinators.ULift (206ms)
✔ [385/4169] Built Init.Omega.Coeffs (276ms)
✔ [386/4169] Built Init.Data.Range.Polymorphic.PRange:c.o (563ms)
✔ [387/4169] Built Init.Data.Slice.Notation (606ms)
✔ [388/4169] Built Init.Data.Iterators.Combinators.Monadic.Attach (414ms)
✔ [389/4169] Built Init.Data.Iterators.Combinators.Monadic.ULift:c.o (348ms)
✔ [390/4169] Built Init.Data.Iterators.Combinators.ULift:c.o (95ms)
✔ [391/4169] Built Init.Data.Iterators.Consumers.Access (387ms)
✔ [392/4169] Built Std.Data.Iterators.Producers.Monadic.Empty:c.o (120ms)
✔ [393/4169] Built Std.Data.Iterators.Producers.Empty (179ms)
✔ [394/4169] Built Std.Data.Iterators.Combinators.Monadic.Drop (431ms)
✔ [395/4169] Built Init.Data.Range.Polymorphic.Basic (655ms)
✔ [396/4169] Built Std.Data.Iterators.Producers.Empty:c.o (74ms)
✔ [397/4169] Built Init.Omega.IntList:c.o (438ms)
✔ [398/4169] Built Init.Omega.Coeffs:c.o (120ms)
✔ [399/4169] Built Init.Data.Iterators.Combinators.Monadic.Attach:c.o (217ms)
✔ [400/4169] Built Init.Data.Iterators.Combinators.Monadic.FilterMap (567ms)
✔ [401/4169] Built Init.Data.Iterators.Consumers.Access:c.o (164ms)
✔ [402/4169] Built Std.Data.Iterators.Combinators.Monadic.Drop:c.o (191ms)
✔ [403/4169] Built Std.Data.Iterators.Combinators.Drop (200ms)
✔ [404/4169] Built Init.Data.Iterators.Consumers.Monadic.Loop:c.o (1.3s)
✔ [405/4169] Built Init.Data.Slice.Operations (281ms)
✔ [406/4169] Built Std.Data.Iterators.Combinators.Drop:c.o (59ms)
✔ [407/4169] Built Init.Data.Range.Polymorphic.Basic:c.o (354ms)
✔ [408/4169] Built Init.Data.Iterators.Consumers.Loop:c.o (761ms)
✔ [409/4169] Built Init.Data.Iterators.Combinators.FilterMap (227ms)
✔ [410/4169] Built Std.Data.Iterators.Combinators.Monadic.Zip (840ms)
✔ [411/4169] Built Init.Data.Slice.Notation:c.o (447ms)
✔ [412/4169] Built Init.Data.Slice.Operations:c.o (176ms)
✔ [413/4169] Built Std.Data.Iterators.Producers.Slice (179ms)
✔ [414/4169] Built Std.Data.Iterators.Producers.Slice:c.o (54ms)
✔ [415/4169] Built Init.Data.Iterators.Combinators.Monadic.FilterMap:c.o (417ms)
✔ [416/4169] Built Init.Data.Iterators.Combinators.FilterMap:c.o (186ms)
✔ [417/4169] Built Init.Data.Iterators.Combinators.Attach (192ms)
✔ [418/4169] Built Std.Data.Iterators.Combinators.Zip (202ms)
✔ [419/4169] Built Init.Omega.LinearCombo (621ms)
✔ [420/4169] Built Init.Data.Iterators.Combinators.Attach:c.o (78ms)
✔ [421/4169] Built Std.Data.Iterators.Combinators.Monadic.Zip:c.o (241ms)
✔ [422/4169] Built Std.Data.Iterators.Combinators.Zip:c.o (63ms)
✔ [423/4169] Built Init.Data.Iterators.Combinators.Monadic.FlatMap (629ms)
✔ [424/4169] Built Init.Data.Iterators.Combinators.FlatMap (223ms)
✔ [425/4169] Built Init.Data.Iterators.Combinators.Monadic.FlatMap:c.o (254ms)
✔ [426/4169] Built Init.Data.Iterators.Combinators.FlatMap:c.o (113ms)
✔ [427/4169] Built Init.Omega.LinearCombo:c.o (513ms)
✔ [428/4169] Built Std.Do.SPred.Notation (5.3s)
✔ [429/4169] Built Init.Omega.Constraint (863ms)
✔ [430/4169] Built Init.Omega (141ms)
✔ [431/4169] Built Init.Omega:c.o (58ms)
✔ [432/4169] Built Init.Data.Int.Compare (285ms)
✔ [433/4169] Built Init.Data.Array.Subarray.Split (241ms)
✔ [434/4169] Built Std.Do.SPred.Laws (557ms)
✔ [435/4169] Built Init.Data.Nat.Linear (6.5s)
✔ [436/4169] Built Init.Data.Nat.Mod (291ms)
✔ [437/4169] Built Init.Data.Nat.Mod:c.o (56ms)
✔ [438/4169] Built Init.Data.Nat.Control (393ms)
✔ [439/4169] Built Init.Data.Int.Compare:c.o (60ms)
✔ [440/4169] Built Init.Data.Array.Subarray.Split:c.o (161ms)
✔ [441/4169] Built Std.Do.SPred.Laws:c.o (79ms)
✔ [442/4169] Built Init.Data.Nat.Log2 (233ms)
✔ [443/4169] Built Init.SizeOfLemmas (226ms)
✔ [444/4169] Built Init.Data.Nat.Log2:c.o (54ms)
✔ [445/4169] Built Init.Data.Nat.Power2 (281ms)
✔ [446/4169] Built Init.SizeOfLemmas:c.o (55ms)
✔ [447/4169] Built Init.Data.Nat.Power2:c.o (77ms)
✔ [448/4169] Built Init.Omega.Constraint:c.o (868ms)
✔ [449/4169] Built Init.Data.Nat.Control:c.o (320ms)
✔ [450/4169] Built Init.Data.Array.BasicAux (360ms)
✔ [451/4169] Built Init.Data.Fin.Log2 (150ms)
✔ [452/4169] Built Init.Grind.Offset (740ms)
✔ [453/4169] Built Init.Data.Array.BasicAux:c.o (167ms)
✔ [454/4169] Built Init.Data.Fin.Log2:c.o (64ms)
✔ [455/4169] Built Init.Data.OfScientific (237ms)
✔ [456/4169] Built Init.Grind.Offset:c.o (89ms)
✔ [457/4169] Built Init.Data.Range.Basic (987ms)
✔ [458/4169] Built Init.Data.UInt.Log2 (173ms)
✔ [459/4169] Built Init.Data.UInt.Log2:c.o (78ms)
✔ [460/4169] Built Init.Data.Nat.Linear:c.o (747ms)
✔ [461/4169] Built Init.Data.List.BasicAux (664ms)
✔ [462/4169] Built Init.Data.Ord.Array (1.2s)
✔ [463/4169] Built Init.Data.OfScientific:c.o (303ms)
✔ [464/4169] Built Init.Data.Ord.Array:c.o (118ms)
✔ [465/4169] Built Init.Data.Array.Mem (400ms)
✔ [466/4169] Built Init.Data.List.BasicAux:c.o (507ms)
✔ [467/4169] Built Init.Data.Range.Basic:c.o (742ms)
✔ [468/4169] Built Lean.Data.RBMap (1.4s)
✔ [469/4169] Built Init.Data.Array.Mem:c.o (484ms)
✔ [470/4169] Built Lean.Data.RBTree (324ms)
✔ [471/4169] Built Std.Do.SPred.DerivedLaws (2.2s)
✔ [472/4169] Built Std.Do.SPred.DerivedLaws:c.o (54ms)
✔ [473/4169] Built Std.Do.SPred (159ms)
✔ [474/4169] Built Std.Do.SPred:c.o (73ms)
✔ [475/4169] Built Lean.Data.RBTree:c.o (827ms)
✔ [476/4169] Built Std.Do.SPred.Notation:c.o (4.2s)
✔ [477/4169] Built Lean.Data.RBMap:c.o (2.6s)
✔ [478/4169] Built Init.Data.Nat.Lemmas (3.8s)
✔ [479/4169] Built Init.Data.Nat.SOM (3.5s)
✔ [480/4169] Built Std.Do.PostCond (2.0s)
✔ [481/4169] Built Init.Data.Nat.Lemmas:c.o (231ms)
✔ [482/4169] Built Init.Data.Nat.Simproc (295ms)
✔ [483/4169] Built Init.Data.Nat.Simproc:c.o (59ms)
✔ [484/4169] Built Std.Data.Iterators.Combinators.Monadic.TakeWhile (407ms)
✔ [485/4169] Built Init.Data.Int.Pow (467ms)
✔ [486/4169] Built Init.Data.Nat.Lcm (432ms)
✔ [487/4169] Built Init.Data.Nat.Lcm:c.o (88ms)
✔ [488/4169] Built Init.Data.Range.Polymorphic.Instances (495ms)
✔ [489/4169] Built Std.Data.Iterators.Combinators.Monadic.DropWhile (432ms)
✔ [490/4169] Built Init.Data.Int.Pow:c.o (61ms)
✔ [491/4169] Built Init.Data.Nat.SOM:c.o (491ms)
✔ [492/4169] Built Init.Data.Range.Polymorphic.Instances:c.o (70ms)
✔ [493/4169] Built Init.Data.Iterators.Combinators.Monadic.Take (609ms)
✔ [494/4169] Built Std.Data.Iterators.Combinators.Monadic (206ms)
✔ [495/4169] Built Std.Data.Iterators.Combinators.TakeWhile (192ms)
✔ [496/4169] Built Std.Data.Iterators.Combinators.DropWhile (184ms)
✔ [497/4169] Built Std.Data.Iterators.Combinators.Monadic.TakeWhile:c.o (269ms)
✔ [498/4169] Built Std.Data.Iterators.Combinators.Monadic.DropWhile:c.o (258ms)
✔ [499/4169] Built Std.Data.Iterators.Combinators.Monadic:c.o (62ms)
✔ [500/4169] Built Std.Data.Iterators.Combinators.TakeWhile:c.o (73ms)
✔ [501/4169] Built Std.Data.Iterators.Combinators.DropWhile:c.o (77ms)
✔ [502/4169] Built Init.Data.Iterators.Combinators.Monadic (200ms)
✔ [503/4169] Built Init.Data.Iterators.Combinators.Take (192ms)
✔ [504/4169] Built Init.Data.Iterators.Combinators.Monadic.Take:c.o (239ms)
✔ [505/4169] Built Init.Data.Iterators.Combinators.Monadic:c.o (73ms)
✔ [506/4169] Built Init.Data.Iterators.Combinators.Take:c.o (92ms)
✔ [507/4169] Built Init.Data.Range.Polymorphic.Int (354ms)
✔ [508/4169] Built Std.Data.Iterators.Combinators (183ms)
✔ [509/4169] Built Std.Data.Iterators.Combinators:c.o (65ms)
✔ [510/4169] Built Init.Data.Iterators.Combinators (188ms)
✔ [511/4169] Built Init.Data.Range.Polymorphic.Int:c.o (128ms)
✔ [512/4169] Built Std.Do.PredTrans (836ms)
✔ [513/4169] Built Init.Data.Nat.Div.Lemmas (769ms)
✔ [514/4169] Built Init.Data.Nat.Div.Lemmas:c.o (63ms)
✔ [515/4169] Built Init.Data.Range.Polymorphic.Nat (603ms)
✔ [516/4169] Built Init.Data.Iterators.Combinators:c.o (70ms)
✔ [517/4169] Built Init.Data.Nat.Div (156ms)
✔ [518/4169] Built Std.Do.PostCond:c.o (1.0s)
✔ [519/4169] Built Std.Do.PredTrans:c.o (219ms)
✔ [520/4169] Built Init.Data.Nat.Div:c.o (56ms)
✔ [521/4169] Built Init.Data.Range.Polymorphic.Nat:c.o (312ms)
✔ [522/4169] Built Init.Data.Slice.Array.Basic (287ms)
✔ [523/4169] Built Init.Data.Slice.List.Basic (320ms)
✔ [524/4169] Built Std.Do.WP.Basic (729ms)
✔ [525/4169] Built Init.Data.Slice.Array.Basic:c.o (432ms)
✔ [526/4169] Built Init.Grind.AC (1.8s)
✔ [527/4169] Built Init.Data.Slice.List.Basic:c.o (322ms)
✔ [528/4169] Built Std.Do.WP.Basic:c.o (393ms)
✔ [529/4169] Built Init.Grind.AC:c.o (548ms)
✔ [530/4169] Built Init.Data.Nat.Bitwise.Lemmas (1.0s)
✔ [531/4169] Built Init.Data.Nat.Bitwise.Lemmas:c.o (75ms)
✔ [532/4169] Built Init.Data.List.Lemmas (5.0s)
✔ [533/4169] Built Init.Data.Int.LemmasAux (2.1s)
✔ [534/4169] Built Init.Data.Nat.Bitwise (152ms)
✔ [535/4169] Built Init.Data.Int.LemmasAux:c.o (94ms)
✔ [536/4169] Built Init.Data.Nat.Bitwise:c.o (57ms)
✔ [537/4169] Built Init.Data.Fin.Lemmas (2.7s)
✔ [538/4169] Built Std.Do.WP.Monad (932ms)
✔ [539/4169] Built Init.Data.List.Nat.BEq (342ms)
✔ [540/4169] Built Init.Data.Option.List (333ms)
✔ [541/4169] Built Std.Do.WP.Monad:c.o (158ms)
✔ [542/4169] Built Init.Data.List.Lemmas:c.o (351ms)
✔ [543/4169] Built Init.Data.List.Nat.BEq:c.o (61ms)
✔ [544/4169] Built Init.Data.Option.List:c.o (61ms)
✔ [545/4169] Built Init.Data.Fin.Lemmas:c.o (317ms)
✔ [546/4169] Built Init.Data.Fin.Bitwise (347ms)
✔ [547/4169] Built Init.Data.Fin.Bitwise:c.o (55ms)
✔ [548/4169] Built Init.Data.List.TakeDrop (800ms)
✔ [549/4169] Built Init.Data.Array.DecidableEq (483ms)
✔ [550/4169] Built Init.Data.List.TakeDrop:c.o (130ms)
✔ [551/4169] Built Init.Data.Array.DecidableEq:c.o (129ms)
✔ [552/4169] Built Init.Data.Fin.Fold (847ms)
✔ [553/4169] Built Init.Data.BitVec.Basic (1.2s)
✔ [554/4169] Built Init.Data.Fin (160ms)
✔ [555/4169] Built Init.Data.Fin.Fold:c.o (207ms)
✔ [556/4169] Built Init.Data.FloatArray.Basic (426ms)
✔ [557/4169] Built Init.Data.Fin:c.o (61ms)
✔ [558/4169] Built Init.Data.Array.Bootstrap (596ms)
✔ [559/4169] Built Init.Data.FloatArray (167ms)
✔ [560/4169] Built Init.Data.List.OfFn (467ms)
✔ [561/4169] Built Init.Data.Array.Bootstrap:c.o (94ms)
✔ [562/4169] Built Init.Data.FloatArray:c.o (54ms)
✔ [563/4169] Built Init.Data.List.OfFn:c.o (100ms)
✔ [564/4169] Built Init.Data.FloatArray.Basic:c.o (496ms)
✔ [565/4169] Built Init.Data.UInt.Basic (748ms)
✔ [566/4169] Built Init.Data.Order.Ord (1.2s)
✔ [567/4169] Built Init.Data.Order.Ord:c.o (58ms)
✔ [568/4169] Built Lean.Meta.TransparencyMode (193ms)
✔ [569/4169] Built Lake.Util.Exit (186ms)
✔ [570/4169] Built Init.Data.List.Zip (1.4s)
✔ [571/4169] Built Lean.Meta.TransparencyMode:c.o (67ms)
✔ [572/4169] Built Lake.Util.Exit:c.o (82ms)
✔ [573/4169] Built Init.Data.List.Zip:c.o (110ms)
✔ [574/4169] Built Init.Data.Order.FactoriesExtra (278ms)
✔ [575/4169] Built Init.ShareCommon (355ms)
✔ [576/4169] Built Std.Data.Internal.Cut (247ms)
✔ [577/4169] Built Init.Data.List.Impl (974ms)
✔ [578/4169] Built Init.Data.Order.FactoriesExtra:c.o (80ms)
✔ [579/4169] Built Std.Data.Internal.Cut:c.o (57ms)
✔ [580/4169] Built Init.Data.BitVec.Basic:c.o (1.3s)
✔ [581/4169] Built Init.ShareCommon:c.o (175ms)
✔ [582/4169] Built Std.Do.WP.SimpLemmas (2.4s)
✔ [583/4169] Built Init.Data.List.Sublist (1.9s)
✔ [584/4169] Built Init.Data.UInt.Basic:c.o (706ms)
✔ [585/4169] Built Std.Do.WP.SimpLemmas:c.o (183ms)
✔ [586/4169] Built Std.Do.WP (156ms)
✔ [587/4169] Built Std.Do.WP:c.o (59ms)
✔ [588/4169] Built Lean.Data.AssocList (355ms)
✔ [589/4169] Built Init.Data.List.Sublist:c.o (121ms)
✔ [590/4169] Built Init.Data.SInt.Basic (937ms)
✔ [591/4169] Built Init.Data.Order.LemmasExtra (550ms)
✔ [592/4169] Built Init.Data.Order.LemmasExtra:c.o (65ms)
✔ [593/4169] Built Init.Data.SInt.Float (206ms)
✔ [594/4169] Built Init.Data.SInt.Float32 (200ms)
✔ [595/4169] Built Std.Data.DTreeMap.Internal.Def (280ms)
✔ [596/4169] Built Std.Do.Triple.Basic (418ms)
✔ [597/4169] Built Init.Data.List.Impl:c.o (861ms)
✔ [598/4169] Built Init.Data.SInt.Float:c.o (97ms)
✔ [599/4169] Built Init.Data.SInt.Float32:c.o (107ms)
✔ [600/4169] Built Lean.Data.AssocList:c.o (452ms)
✔ [601/4169] Built Std.Data.DTreeMap.Internal.Def:c.o (152ms)
✔ [602/4169] Built Init.Data.List.Count (738ms)
✔ [603/4169] Built Init.Data.List.Count:c.o (77ms)
✔ [604/4169] Built Std.Data.DTreeMap.Internal.Balanced (315ms)
✔ [605/4169] Built Std.Data.DTreeMap.Internal.Balanced:c.o (58ms)
✔ [606/4169] Built Std.Do.Triple.Basic:c.o (425ms)
✔ [607/4169] Built Init.Data.Int.DivMod.Lemmas (5.2s)
✔ [608/4169] Built Init.Data.Int.DivMod.Pow (265ms)
✔ [609/4169] Built Init.Data.Int.DivMod.Pow:c.o (58ms)
✔ [610/4169] Built Init.Data.Int.DivMod (161ms)
✔ [611/4169] Built Init.Data.SInt.Basic:c.o (1.2s)
✔ [612/4169] Built Init.Data.Int.Bitwise.Lemmas (475ms)
✔ [613/4169] Built Init.Data.Int.DivMod:c.o (72ms)
✔ [614/4169] Built Init.Data.List.Nat.Count (847ms)
✔ [615/4169] Built Init.Data.Int.DivMod.Lemmas:c.o (622ms)
✔ [616/4169] Built Init.Data.Int.Bitwise.Lemmas:c.o (96ms)
✔ [617/4169] Built Init.Data.List.Nat.Count:c.o (67ms)
✔ [618/4169] Built Init.Data.Int.Bitwise (200ms)
✔ [619/4169] Built Init.Data.Int.Bitwise:c.o (65ms)
✔ [620/4169] Built Init.Data.Order.PackageFactories (1.7s)
✔ [621/4169] Built Init.Data.Order (161ms)
✔ [622/4169] Built Std.Time.Internal.Bounded (959ms)
✔ [623/4169] Built Init.Data.List.Attach (1.4s)
✔ [624/4169] Built Init.Data.BitVec.Bootstrap (657ms)
✔ [625/4169] Built Init.Data.Order:c.o (61ms)
✔ [626/4169] Built Init.Data.List.Attach:c.o (147ms)
✔ [627/4169] Built Init.Data.BitVec.Bootstrap:c.o (58ms)
✔ [628/4169] Built Init.Data.Int.Gcd (1.2s)
✔ [629/4169] Built Init.Data.BitVec.Decidable (250ms)
✔ [630/4169] Built Init.Grind.ToInt (1.4s)
✔ [631/4169] Built Init.Data.Int.Gcd:c.o (182ms)
✔ [632/4169] Built Init.Data.Array.BinSearch (1.5s)
✔ [633/4169] Built Init.Data.BitVec.Decidable:c.o (159ms)
✔ [634/4169] Built Init.Data.List.Pairwise (721ms)
✔ [635/4169] Built Init.Grind.ToInt:c.o (379ms)
✔ [636/4169] Built Init.Data.List.Pairwise:c.o (65ms)
✔ [637/4169] Built Init.Data.Int.Cooper (615ms)
✔ [638/4169] Built Init.Grind.ToIntLemmas (508ms)
✔ [639/4169] Built Init.Data.Int.Cooper:c.o (185ms)
✔ [640/4169] Built Init.Grind.Module.Basic (583ms)
✔ [641/4169] Built Init.Data.Array.BinSearch:c.o (487ms)
✔ [642/4169] Built Init.Grind.ToIntLemmas:c.o (88ms)
✔ [643/4169] Built Std.Time.Internal.Bounded:c.o (1.0s)
✔ [644/4169] Built Init.Grind.Module.Basic:c.o (74ms)
✔ [645/4169] Built Std.Data.DTreeMap.Internal.Ordered (272ms)
✔ [646/4169] Built Std.Data.DTreeMap.Internal.Ordered:c.o (61ms)
✔ [647/4169] Built Init.Data.List.Range (587ms)
✔ [648/4169] Built Init.Data.List.MinMax (598ms)
✔ [649/4169] Built Init.Data.List.Monadic (1.4s)
✔ [650/4169] Built Init.Data.List.Range:c.o (75ms)
✔ [651/4169] Built Init.Data.List.MinMax:c.o (80ms)
✔ [652/4169] Built Init.Grind.Ordered.Module (556ms)
✔ [653/4169] Built Init.Grind.Ordered.Module:c.o (74ms)
✔ [654/4169] Built Init.Data.Order.PackageFactories:c.o (1.8s)
✔ [655/4169] Built Init.Data.List.Monadic:c.o (318ms)
✔ [656/4169] Built Init.Data.List.FinRange (340ms)
✔ [657/4169] Built Lean.Elab.Tactic.Omega.MinNatAbs (424ms)
✔ [658/4169] Built Init.Data.List.FinRange:c.o (77ms)
✔ [659/4169] Built Lean.Elab.Tactic.Omega.MinNatAbs:c.o (174ms)
✔ [660/4169] Built Init.Data.Range.Lemmas (931ms)
✔ [661/4169] Built Init.Grind.Ring.Basic (1.4s)
✔ [662/4169] Built Init.Data.Range.Lemmas:c.o (85ms)
✔ [663/4169] Built Init.Data.Range (184ms)
✔ [664/4169] Built Init.Grind.Ring.Basic:c.o (264ms)
✔ [665/4169] Built Init.Grind.Ring.ToInt (200ms)
✔ [666/4169] Built Init.Grind.Ring.ToInt:c.o (64ms)
✔ [667/4169] Built Init.GrindInstances.Ring.Int (266ms)
✔ [668/4169] Built Init.GrindInstances.Nat (240ms)
✔ [669/4169] Built Init.Data.Range:c.o (65ms)
✔ [670/4169] Built Init.GrindInstances.Ring.Int:c.o (81ms)
✔ [671/4169] Built Init.GrindInstances.Nat:c.o (58ms)
✔ [672/4169] Built Init.Grind.Lemmas (416ms)
✔ [673/4169] Built Init.Grind.Lemmas:c.o (60ms)
✔ [674/4169] Built Init.Data.Stream (305ms)
✔ [675/4169] Built Init.Grind.Module.Envelope (1.3s)
✔ [676/4169] Built Init.Grind.Ring.Field (642ms)
✔ [677/4169] Built Init.Data.Iterators.Consumers.Stream (215ms)
✔ [678/4169] Built Init.Grind.Ring.Field:c.o (67ms)
✔ [679/4169] Built Init.Grind.Module.OfNatModule (234ms)
✔ [680/4169] Built Init.Data.Stream:c.o (305ms)
✔ [681/4169] Built Init.Data.Iterators.Consumers.Stream:c.o (80ms)
✔ [682/4169] Built Init.Grind.Ring.OfScientific (197ms)
✔ [683/4169] Built Init.Grind.Module.Envelope:c.o (277ms)
✔ [684/4169] Built Init.Grind.Module.OfNatModule:c.o (56ms)
✔ [685/4169] Built Init.Data.Iterators.Consumers (189ms)
✔ [686/4169] Built Init.Grind.Ring.OfScientific:c.o (60ms)
✔ [687/4169] Built Init.Grind.Ordered.Ring (912ms)
✔ [688/4169] Built Init.Grind.Ordered.Ring:c.o (67ms)
✔ [689/4169] Built Init.Data.Iterators.Consumers:c.o (65ms)
✔ [690/4169] Built Init.Grind.Ordered.Int (214ms)
✔ [691/4169] Built Init.Grind.Ordered.Int:c.o (56ms)
✔ [692/4169] Built Init.GrindInstances.Ring.Nat (250ms)
✔ [693/4169] Built Init.GrindInstances.Ring.Nat:c.o (64ms)
✔ [694/4169] Built Init.Data.Iterators.Producers.Monadic.List (328ms)
✔ [695/4169] Built Std.Data.DHashMap.Internal.AssocList.Iterator (368ms)
✔ [696/4169] Built Init.Data.Iterators.Producers.Monadic.List:c.o (175ms)
✔ [697/4169] Built Init.Data.Iterators.Producers.List (186ms)
✔ [698/4169] Built Std.Data.Iterators.Producers.Monadic.Array (437ms)
✔ [699/4169] Built Std.Data.DHashMap.Internal.AssocList.Iterator:c.o (152ms)
✔ [700/4169] Built Init.Data.Iterators.Producers.Monadic (200ms)
✔ [701/4169] Built Init.Data.Iterators.Producers.Monadic:c.o (57ms)
✔ [702/4169] Built Init.Data.Iterators.Producers.List:c.o (68ms)
✔ [703/4169] Built Std.Data.Iterators.Producers.Monadic (177ms)
✔ [704/4169] Built Init.Grind.Ordered.Field (688ms)
✔ [705/4169] Built Init.Grind.Ordered.Field:c.o (60ms)
✔ [706/4169] Built Init.Data.Iterators.Producers (178ms)
✔ [707/4169] Built Std.Data.Iterators.Producers.Monadic.Array:c.o (238ms)
✔ [708/4169] Built Std.Data.Iterators.Producers.Array (207ms)
✔ [709/4169] Built Std.Data.Iterators.Producers.Array:c.o (74ms)
✔ [710/4169] Built Std.Data.Iterators.Producers.Monadic:c.o (56ms)
✔ [711/4169] Built Init.Data.Nat.Fold (2.2s)
✔ [712/4169] Built Init.Data.List.Find (2.8s)
✔ [713/4169] Built Init.Data.Iterators.Producers:c.o (65ms)
✔ [714/4169] Built Init.Data.Nat (176ms)
✔ [715/4169] Built Init.Data.Nat:c.o (72ms)
✔ [716/4169] Built Init.Data.List.Find:c.o (134ms)
✔ [717/4169] Built Init.Data.Nat.Fold:c.o (495ms)
✔ [718/4169] Built Init.Data.Int.Linear (4.0s)
✔ [719/4169] Built Init.Data.List.Nat.Basic (1.1s)
✔ [720/4169] Built Init.Data.List.Nat.Basic:c.o (99ms)
✔ [721/4169] Built Init.Data.List.Erase (1.2s)
✔ [722/4169] Built Init.Grind.Ordered.Linarith (2.0s)
✔ [723/4169] Built Init.Data.List.Erase:c.o (86ms)
✔ [724/4169] Built Init.Grind.Ring.Envelope (2.5s)
✔ [725/4169] Built Std.Data.DTreeMap.Internal.Queries (4.8s)
✔ [726/4169] Built Init.Data.List.Nat.TakeDrop (1.8s)
✔ [727/4169] Built Init.Data.List.Nat.TakeDrop:c.o (57ms)
✔ [728/4169] Built Init.Data.Int.Linear:c.o (1.3s)
✔ [729/4169] Built Init.Grind.Ring.Envelope:c.o (303ms)
✔ [730/4169] Built Init.Grind.Module.NatModuleNorm (764ms)
✔ [731/4169] Built Init.Grind.Module (175ms)
✔ [732/4169] Built Init.Data.List.Nat.Pairwise (355ms)
✔ [733/4169] Built Init.Grind.Module.NatModuleNorm:c.o (249ms)
✔ [734/4169] Built Init.Grind.Module:c.o (103ms)
✔ [735/4169] Built Init.Data.List.Nat.Pairwise:c.o (55ms)
✔ [736/4169] Built Init.Data.List.Perm (1.0s)
✔ [737/4169] Built Init.Data.List.Perm:c.o (97ms)
✔ [738/4169] Built Init.Grind.Ordered.Linarith:c.o (1.2s)
✔ [739/4169] Built Init.Data.List.Sort.Basic (728ms)
✔ [740/4169] Built Init.Data.List.Nat.Erase (832ms)
✔ [741/4169] Built Init.Data.List.Nat.Erase:c.o (68ms)
✔ [742/4169] Built Init.Data.List.Nat.Sublist (1.0s)
✔ [743/4169] Built Init.Data.List.Nat.Perm (590ms)
✔ [744/4169] Built Init.Data.List.Nat.Perm:c.o (60ms)
✔ [745/4169] Built Init.Data.List.Sort.Basic:c.o (244ms)
✔ [746/4169] Built Init.Data.List.Nat.Sublist:c.o (57ms)
✔ [747/4169] Built Init.Data.List.Nat.Range (1.4s)
✔ [748/4169] Built Init.Data.List.Nat.Range:c.o (80ms)
✔ [749/4169] Built Init.Data.List.Lex (1.8s)
✔ [750/4169] Built Init.Data.List.Lex:c.o (84ms)
✔ [751/4169] Built Init.Data.List.Nat.Find (361ms)
✔ [752/4169] Built Init.Data.List.Nat.Find:c.o (57ms)
✔ [753/4169] Built Init.Data.List.Nat.Modify (1.1s)
✔ [754/4169] Built Init.Data.List.Nat.Modify:c.o (57ms)
✔ [755/4169] Built Init.Data.List.Nat.InsertIdx (749ms)
✔ [756/4169] Built Init.Data.List.Nat.InsertIdx:c.o (54ms)
✔ [757/4169] Built Init.Data.List.Nat (162ms)
✔ [758/4169] Built Init.Data.List.Nat:c.o (64ms)
✔ [759/4169] Built Std.Data.DTreeMap.Internal.Queries:c.o (3.4s)
✔ [760/4169] Built Init.Data.List.Sort.Lemmas (2.6s)
✔ [761/4169] Built Init.Data.List.Sort.Lemmas:c.o (115ms)
✔ [762/4169] Built Std.Data.DTreeMap.Internal.Balancing (11s)
✔ [763/4169] Built Init.Data.List.ToArray (2.8s)
✔ [764/4169] Built Init.Data.List.ToArray:c.o (212ms)
✔ [765/4169] Built Init.Data.List.Sort.Impl (2.4s)
✔ [766/4169] Built Init.Data.List.Sort (171ms)
✔ [767/4169] Built Init.Data.List.Sort:c.o (57ms)
✔ [768/4169] Built Init.Data.List.Sort.Impl:c.o (489ms)
✔ [769/4169] Built Std.Data.DTreeMap.Internal.Balancing:c.o (5.2s)
✔ [770/4169] Built Init.Data.BitVec.Lemmas (17s)
✔ [771/4169] Built Init.Data.BitVec.Lemmas:c.o (158ms)
✔ [772/4169] Built Init.Data.Ord.BitVec (211ms)
✔ [773/4169] Built Init.Data.Ord.BitVec:c.o (58ms)
✔ [774/4169] Built Init.Data.BitVec.Folds (318ms)
✔ [775/4169] Built Init.Data.BitVec.Folds:c.o (99ms)
✔ [776/4169] Built Std.Tactic.BVDecide.Normalize.Equal (404ms)
✔ [777/4169] Built Std.Tactic.BVDecide.Normalize.Equal:c.o (55ms)
✔ [778/4169] Built Std.Tactic.BVDecide.Normalize.Bool (492ms)
✔ [779/4169] Built Std.Tactic.BVDecide.Normalize.Bool:c.o (59ms)
✔ [780/4169] Built Std.Data.DTreeMap.Internal.Operations (9.6s)
✔ [781/4169] Built Std.Data.DTreeMap.Internal.WF.Defs (339ms)
✔ [782/4169] Built Std.Data.DTreeMap.Internal.WF.Defs:c.o (82ms)
✔ [783/4169] Built Init.Data.Array.Lemmas (9.1s)
✔ [784/4169] Built Init.Data.Array.TakeDrop (239ms)
✔ [785/4169] Built Init.Data.Array.TakeDrop:c.o (62ms)
✔ [786/4169] Built Init.Data.Array.Lemmas:c.o (363ms)
✔ [787/4169] Built Init.Data.Option.Array (402ms)
✔ [788/4169] Built Init.Data.Option.Array:c.o (75ms)
✔ [789/4169] Built Init.Data.Array.Count (732ms)
✔ [790/4169] Built Init.Data.Array.Count:c.o (63ms)
✔ [791/4169] Built Init.Data.Iterators.Lemmas.Consumers.Monadic.Collect (766ms)
✔ [792/4169] Built Init.Data.Array.Perm (799ms)
✔ [793/4169] Built Init.Data.Iterators.Lemmas.Consumers.Monadic.Collect:c.o (143ms)
✔ [794/4169] Built Init.Data.Array.Perm:c.o (133ms)
✔ [795/4169] Built Init.Data.Array.InsertIdx (979ms)
✔ [796/4169] Built Init.Data.Array.InsertIdx:c.o (60ms)
✔ [797/4169] Built Init.Data.Array.Zip (852ms)
✔ [798/4169] Built Init.Data.Array.Zip:c.o (138ms)
✔ [799/4169] Built Init.Data.Iterators.Lemmas.Consumers.Collect (563ms)
✔ [800/4169] Built Std.Data.DTreeMap.Basic (1.5s)
✔ [801/4169] Built Init.Data.Iterators.Lemmas.Consumers.Collect:c.o (83ms)
✔ [802/4169] Built Std.Data.TreeMap.Basic (824ms)
✔ [803/4169] Built Init.Data.Array.Erase (2.2s)
✔ [804/4169] Built Init.Data.Array.Erase:c.o (78ms)
✔ [805/4169] Built Init.Data.Array.Attach (1.7s)
✔ [806/4169] Built Lake.Util.RBArray (312ms)
✔ [807/4169] Built Init.Data.Array.Attach:c.o (142ms)
✔ [808/4169] Built Init.Data.Iterators.Lemmas.Consumers.Monadic.Loop (1.7s)
✔ [809/4169] Built Std.Data.DTreeMap.Raw.Basic (1.4s)
✔ [810/4169] Built Init.Data.Iterators.Lemmas.Consumers.Monadic.Loop:c.o (191ms)
✔ [811/4169] Built Init.Data.Iterators.Lemmas.Consumers.Monadic (200ms)
✔ [812/4169] Built Init.Data.Iterators.Lemmas.Consumers.Monadic:c.o (60ms)
✔ [813/4169] Built Std.Data.TreeSet.Basic (646ms)
✔ [814/4169] Built Init.Data.Iterators.Lemmas.Combinators.Monadic.Attach (453ms)
✔ [815/4169] Built Init.Data.Iterators.Lemmas.Combinators.Monadic.Attach:c.o (104ms)
✔ [816/4169] Built Std.Data.Iterators.Lemmas.Producers.Monadic.Empty (309ms)
✔ [817/4169] Built Init.Data.BitVec.Bitblast (6.0s)
✔ [818/4169] Built Init.Data.Iterators.Lemmas.Combinators.Monadic.ULift (637ms)
✔ [819/4169] Built Std.Data.Iterators.Lemmas.Combinators.Monadic.Drop (397ms)
✔ [820/4169] Built Std.Data.Iterators.Lemmas.Producers.Monadic.Empty:c.o (114ms)
✔ [821/4169] Built Init.Data.Iterators.Lemmas.Combinators.Monadic.Take (548ms)
✔ [822/4169] Built Init.Data.Iterators.Lemmas.Producers.Monadic.List (556ms)
✔ [823/4169] Built Std.Data.Iterators.Lemmas.Combinators.Monadic.Drop:c.o (132ms)
✔ [824/4169] Built Init.Data.BitVec (208ms)
✔ [825/4169] Built Init.Data.Option.Attach (887ms)
✔ [826/4169] Built Init.Data.Iterators.Lemmas.Combinators.Monadic.ULift:c.o (132ms)
✔ [827/4169] Built Init.Data.Iterators.Lemmas.Producers.Monadic.List:c.o (87ms)
✔ [828/4169] Built Lake.Util.RBArray:c.o (883ms)
✔ [829/4169] Built Init.Data.BitVec:c.o (70ms)
✔ [830/4169] Built Init.Data.Option.Attach:c.o (94ms)
✔ [831/4169] Built Init.Data.Iterators.Lemmas.Combinators.Monadic.Take:c.o (136ms)
✔ [832/4169] Built Init.Data.Iterators.Lemmas.Producers.Monadic (199ms)
✔ [833/4169] Built Std.Data.Iterators.Lemmas.Combinators.Monadic.Zip (689ms)
✔ [834/4169] Built Std.Data.TreeMap.Basic:c.o (1.3s)
✔ [835/4169] Built Std.Data.TreeMap.Raw.Basic (766ms)
✔ [836/4169] Built Init.Data.Array.Monadic (1.1s)
✔ [837/4169] Built Init.Data.Iterators.Lemmas.Producers.Monadic:c.o (57ms)
✔ [838/4169] Built Init.Data.Iterators.Lemmas.Producers.List (267ms)
✔ [839/4169] Built Std.Data.Iterators.Lemmas.Combinators.Monadic.Zip:c.o (150ms)
✔ [840/4169] Built Init.Data.BitVec.Bitblast:c.o (507ms)
✔ [841/4169] Built Init.Data.Array.Monadic:c.o (119ms)
✔ [842/4169] Built Init.Data.Iterators.Lemmas.Producers.List:c.o (60ms)
✔ [843/4169] Built Std.Data.Iterators.Lemmas.Combinators.Monadic.DropWhile (907ms)
✔ [844/4169] Built Init.Data.Iterators.Lemmas.Producers (210ms)
✔ [845/4169] Built Std.Data.Iterators.Lemmas.Combinators.Monadic.DropWhile:c.o (142ms)
✔ [846/4169] Built Init.Data.Iterators.Lemmas.Producers:c.o (58ms)
✔ [847/4169] Built Lean.Data.PrefixTree (438ms)
✔ [848/4169] Built Init.Data.Array.OfFn (496ms)
✔ [849/4169] Built Init.Data.Array.OfFn:c.o (91ms)
✔ [850/4169] Built Init.Data.Option.Monadic (855ms)
✔ [851/4169] Built Std.Data.TreeSet.Raw.Basic (659ms)
✔ [852/4169] Built Lean.Data.PrefixTree:c.o (287ms)
✔ [853/4169] Built Init.Data.Option.Monadic:c.o (84ms)
✔ [854/4169] Built Init.Data.Option (201ms)
✔ [855/4169] Built Std.Data.TreeSet.Basic:c.o (1.6s)
✔ [856/4169] Built Init.Data.Array.FinRange (401ms)
✔ [857/4169] Built Init.Data.Array.FinRange:c.o (66ms)
✔ [858/4169] Built Init.Data.Option:c.o (63ms)
✔ [859/4169] Built Std.Data.TreeMap.Raw.Basic:c.o (1.2s)
✔ [860/4169] Built Init.Data.List.MapIdx (1.5s)
✔ [861/4169] Built Init.Data.List.MapIdx:c.o (181ms)
✔ [862/4169] Built Init.Data.List (195ms)
✔ [863/4169] Built Init.Data.List:c.o (78ms)
✔ [864/4169] Built Std.Data.DTreeMap.Basic:c.o (3.8s)
✔ [865/4169] Built Std.Data.TreeSet.Raw.Basic:c.o (987ms)
✔ [866/4169] Built Init.Data.Iterators.Lemmas.Consumers.Loop (1.9s)
✔ [867/4169] Built Init.Data.Iterators.Lemmas.Consumers.Loop:c.o (222ms)
✔ [868/4169] Built Init.Data.Iterators.Lemmas.Consumers (184ms)
✔ [869/4169] Built Init.Data.Iterators.Lemmas.Consumers:c.o (58ms)
✔ [870/4169] Built Init.Data.Iterators.Lemmas.Combinators.Attach (381ms)
✔ [871/4169] Built Init.Data.Iterators.Lemmas.Combinators.Attach:c.o (62ms)
✔ [872/4169] Built Init.Data.Iterators.Lemmas.Combinators.ULift (483ms)
✔ [873/4169] Built Init.Data.Slice.Lemmas (329ms)
✔ [874/4169] Built Std.Data.Iterators.Lemmas.Producers.Empty (264ms)
✔ [875/4169] Built Std.Data.Iterators.Lemmas.Producers.Empty:c.o (60ms)
✔ [876/4169] Built Init.Data.Iterators.Lemmas.Combinators.ULift:c.o (107ms)
✔ [877/4169] Built Init.Data.Slice.Lemmas:c.o (59ms)
✔ [878/4169] Built Init.Data.Iterators.Lemmas.Combinators.Take (633ms)
✔ [879/4169] Built Std.Data.Iterators.Lemmas.Producers.Slice (281ms)
✔ [880/4169] Built Std.Data.Iterators.Lemmas.Combinators.DropWhile (722ms)
✔ [881/4169] Built Std.Data.Iterators.Lemmas.Producers.Slice:c.o (62ms)
✔ [882/4169] Built Init.Data.Iterators.Lemmas.Combinators.Take:c.o (184ms)
✔ [883/4169] Built Init.Data.Array.MapIdx (1.6s)
✔ [884/4169] Built Std.Data.Iterators.Lemmas.Combinators.DropWhile:c.o (144ms)
✔ [885/4169] Built Std.Data.Iterators.Lemmas.Producers.Repeat (277ms)
✔ [886/4169] Built Init.Data.Array.MapIdx:c.o (102ms)
✔ [887/4169] Built Init.Data.Iterators.Lemmas.Combinators.Monadic.FilterMap (3.9s)
✔ [888/4169] Built Std.Data.Iterators.Lemmas.Producers.Repeat:c.o (80ms)
✔ [889/4169] Built Init.Data.Range.Polymorphic.RangeIterator (4.2s)
✔ [890/4169] Built Std.Data.Iterators.Lemmas.Combinators.Drop (533ms)
✔ [891/4169] Built Init.Data.Iterators.Lemmas.Combinators.Monadic.FilterMap:c.o (232ms)
✔ [892/4169] Built Std.Data.Iterators.Lemmas.Combinators.Drop:c.o (130ms)
✔ [893/4169] Built Init.Data.Array.Range (757ms)
✔ [894/4169] Built Init.Data.Array.Range:c.o (97ms)
✔ [895/4169] Built Std.Data.DTreeMap.Raw.Basic:c.o (4.6s)
✔ [896/4169] Built Init.Data.Range.Polymorphic.RangeIterator:c.o (937ms)
✔ [897/4169] Built Init.Data.Range.Polymorphic.Iterators (1.0s)
✔ [898/4169] Built Std.Data.Iterators.Lemmas.Combinators.Zip (1.7s)
✔ [899/4169] Built Init.Data.Array.Extract (8.0s)
✔ [900/4169] Built Init.Data.Array.Extract:c.o (58ms)
✔ [901/4169] Built Init.Data.Range.Polymorphic.Stream (243ms)
✔ [902/4169] Built Std.Data.Iterators.Producers.Range (219ms)
✔ [903/4169] Built Std.Data.Iterators.Lemmas.Combinators.Zip:c.o (178ms)
✔ [904/4169] Built Init.Data.Range.Polymorphic.Stream:c.o (150ms)
✔ [905/4169] Built Init.Data.Slice.List.Iterator (344ms)
✔ [906/4169] Built Std.Data.Iterators.Producers.Range:c.o (169ms)
✔ [907/4169] Built Init.Data.Slice.Array.Iterator (487ms)
✔ [908/4169] Built Init.Data.Iterators.Lemmas.Combinators.Monadic.FlatMap (1.7s)
✔ [909/4169] Built Std.Data.Iterators.Producers (193ms)
✔ [910/4169] Built Std.Data.Iterators.Producers:c.o (60ms)
✔ [911/4169] Built Lean.Data.Array (437ms)
✔ [912/4169] Built Init.Data.Array.Lex.Basic (550ms)
✔ [913/4169] Built Init.Data.Iterators.Lemmas.Combinators.Monadic.FlatMap:c.o (178ms)
✔ [914/4169] Built Init.Data.Iterators.Lemmas.Combinators.Monadic (207ms)
✔ [915/4169] Built Init.Data.Array.Lex.Basic:c.o (164ms)
✔ [916/4169] Built Init.Data.Iterators.Lemmas.Combinators.Monadic:c.o (59ms)
✔ [917/4169] Built Init.Data.Slice.List.Iterator:c.o (475ms)
✔ [918/4169] Built Init.Data.Range.Polymorphic.Iterators:c.o (1.1s)
✔ [919/4169] Built Init.Data.Slice.Array.Iterator:c.o (539ms)
✔ [920/4169] Built Init.Data.ByteArray.Basic (903ms)
✔ [921/4169] Built Init.Data.Array.Find (1.7s)
✔ [922/4169] Built Lean.Data.Array:c.o (680ms)
✔ [923/4169] Built Init.Data.UInt.Lemmas (12s)
✔ [924/4169] Built Init.Data.Array.Find:c.o (91ms)
✔ [925/4169] Built Init.Data.Char.Lemmas (277ms)
✔ [926/4169] Built Init.Data.Char.Lemmas:c.o (57ms)
✔ [927/4169] Built Init.Data.Iterators.Lemmas.Combinators.FilterMap (2.7s)
✔ [928/4169] Built Init.Data.Ord.UInt (379ms)
✔ [929/4169] Built Init.Data.Char.Order (204ms)
✔ [930/4169] Built Init.Data.Char.Order:c.o (59ms)
✔ [931/4169] Built Init.Data.String.PosRaw (576ms)
✔ [932/4169] Built Init.Data.Ord.UInt:c.o (95ms)
✔ [933/4169] Built Init.Data.ByteArray.Basic:c.o (683ms)
✔ [934/4169] Built Init.Data.ByteArray.Lemmas (677ms)
✔ [935/4169] Built Init.Data.ByteArray.Lemmas:c.o (69ms)
✔ [936/4169] Built Init.Data.Iterators.Lemmas.Combinators.FilterMap:c.o (334ms)
✔ [937/4169] Built Init.Data.Char (173ms)
✔ [938/4169] Built Init.Data.Char:c.o (61ms)
✔ [939/4169] Built Init.Data.String.PosRaw:c.o (225ms)
✔ [940/4169] Built Init.Data.String.Defs (805ms)
✔ [941/4169] Built Init.Data.Iterators.Lemmas.Combinators.FlatMap (1.2s)
✔ [942/4169] Built Init.Data.String.ToSlice (198ms)
✔ [943/4169] Built Init.Data.String.ToSlice:c.o (57ms)
✔ [944/4169] Built Init.Data.Iterators.Lemmas.Combinators.FlatMap:c.o (182ms)
✔ [945/4169] Built Init.Data.Iterators.Lemmas.Combinators (199ms)
✔ [946/4169] Built Init.Data.Iterators.Lemmas.Combinators:c.o (63ms)
✔ [947/4169] Built Init.Data.String.Defs:c.o (404ms)
✔ [948/4169] Built Init.Data.Iterators.Lemmas (189ms)
✔ [949/4169] Built Init.Data.Vector.Basic (2.7s)
✔ [950/4169] Built Init.Data.Iterators.Lemmas:c.o (58ms)
✔ [951/4169] Built Init.Data.Iterators (207ms)
✔ [952/4169] Built Init.Data.Iterators:c.o (60ms)
✔ [953/4169] Built Init.Data.Vector.Stream (234ms)
✔ [954/4169] Built Init.Data.Vector.Stream:c.o (62ms)
✔ [955/4169] Built Init.Data.String.Grind (917ms)
✔ [956/4169] Built Init.Data.Range.Polymorphic.GetElemTactic (340ms)
✔ [957/4169] Built Init.Data.String.Grind:c.o (304ms)
✔ [958/4169] Built Init.Data.Range.Polymorphic.GetElemTactic:c.o (586ms)
✔ [959/4169] Built Init.Data.Vector.Basic:c.o (1.7s)
✔ [960/4169] Built Init.Data.Range.Polymorphic.Lemmas (5.7s)
✔ [961/4169] Built Init.Data.Range.Polymorphic.Lemmas:c.o (164ms)
✔ [962/4169] Built Init.Data.UInt.Bitwise (4.7s)
✔ [963/4169] Built Init.Data.Range.Polymorphic.IntLemmas (362ms)
✔ [964/4169] Built Init.Data.UInt (210ms)
✔ [965/4169] Built Init.Data.UInt:c.o (64ms)
✔ [966/4169] Built Init.Data.Range.Polymorphic.IntLemmas:c.o (66ms)
✔ [967/4169] Built Std.Data.DHashMap.Internal.Index (252ms)
✔ [968/4169] Built Std.Data.DHashMap.Internal.Index:c.o (82ms)
✔ [969/4169] Built Std.Data.Iterators.Lemmas.Producers.Range (672ms)
✔ [970/4169] Built Std.Data.Iterators.Lemmas.Producers.Range:c.o (57ms)
✔ [971/4169] Built Init.Data.Slice.List.Lemmas (964ms)
✔ [972/4169] Built Init.Data.Slice.List.Lemmas:c.o (97ms)
✔ [973/4169] Built Init.Data.Slice.List (199ms)
✔ [974/4169] Built Init.Data.UInt.Bitwise:c.o (1.0s)
✔ [975/4169] Built Init.Data.Range.Polymorphic.BitVec (796ms)
✔ [976/4169] Built Init.Data.Slice.List:c.o (57ms)
✔ [977/4169] Built Init.Data.Range.Polymorphic.BitVec:c.o (144ms)
✔ [978/4169] Built Std.Data.Internal.List.Associative (12s)
✔ [979/4169] Built Init.Data.Array.QSort.Basic (4.6s)
✔ [980/4169] Built Std.Data.DHashMap.Internal.Defs (1.7s)
✔ [981/4169] Built Init.Data.Array.QSort (202ms)
✔ [982/4169] Built Std.Data.DTreeMap.Internal.Cell (476ms)
✔ [983/4169] Built Init.Data.Array.QSort.Basic:c.o (324ms)
✔ [984/4169] Built Init.Data.Array.QSort:c.o (59ms)
✔ [985/4169] Built Std.Data.DHashMap.Internal.HashesTo (259ms)
✔ [986/4169] Built Init.Data.Range.Polymorphic.Internal.SignedBitVec (1.3s)
✔ [987/4169] Built Std.Data.DHashMap.Internal.HashesTo:c.o (58ms)
✔ [988/4169] Built Std.Data.DTreeMap.Internal.Cell:c.o (260ms)
✔ [989/4169] Built Init.Data.Range.Polymorphic.Internal.SignedBitVec:c.o (203ms)
✔ [990/4169] Built Std.Data.DHashMap.Internal.AssocList.Lemmas (808ms)
✔ [991/4169] Built Init.Data.Range.Polymorphic.UInt (1.6s)
✔ [992/4169] Built Std.Data.Internal.List.Associative:c.o (912ms)
✔ [993/4169] Built Std.Data.DHashMap.Internal.AssocList.Lemmas:c.o (157ms)
✔ [994/4169] Built Init.Data.Range.Polymorphic.UInt:c.o (352ms)
✔ [995/4169] Built Std.Data.DHashMap.Internal.Defs:c.o (1.8s)
✔ [996/4169] Built Std.Data.DHashMap.Raw (1.8s)
✔ [997/4169] Built Std.Data.DTreeMap.Internal.Operations:c.o (18s)
✔ [998/4169] Built Init.Data.SInt.Lemmas (9.1s)
✔ [999/4169] Built Init.Data.Range.Polymorphic.NatLemmas (4.6s)
✔ [1000/4169] Built Init.Data.Range.Polymorphic.NatLemmas:c.o (55ms)
✔ [1001/4169] Built Init.Data.String.Decode (4.5s)
✔ [1002/4169] Built Std.Data.HashMap.Raw (811ms)
✔ [1003/4169] Built Std.Data.DHashMap.Basic (1.1s)
✔ [1004/4169] Built Init.Data.String.Decode:c.o (455ms)
✔ [1005/4169] Built Std.Data.DHashMap.Iterator (329ms)
✔ [1006/4169] Built Init.Data.Ord.SInt (811ms)
✔ [1007/4169] Built Std.Data.DHashMap.Iterator:c.o (179ms)
✔ [1008/4169] Built Std.Data.HashSet.Raw (673ms)
✔ [1009/4169] Built Init.Data.Ord.SInt:c.o (87ms)
✔ [1010/4169] Built Std.Data.DHashMap.Raw:c.o (1.9s)
✔ [1011/4169] Built Std.Data.DHashMap.Internal.Raw (814ms)
✔ [1012/4169] Built Std.Data.HashMap.Basic (762ms)
✔ [1013/4169] Built Std.Data.DHashMap.Internal.Raw:c.o (58ms)
✔ [1014/4169] Built Std.Data.HashMap.Iterator (273ms)
✔ [1015/4169] Built Init.Data.Slice.Array.Lemmas (1.6s)
✔ [1016/4169] Built Std.Data.HashMap.Iterator:c.o (183ms)
✔ [1017/4169] Built Lean.Util.MonadCache (397ms)
✔ [1018/4169] Built Lean.Util.SCC (434ms)
✔ [1019/4169] Built Init.Data.Slice.Array.Lemmas:c.o (86ms)
✔ [1020/4169] Built Init.Data.SInt.Lemmas:c.o (1.7s)
✔ [1021/4169] Built Init.Data.Slice.Array (210ms)
✔ [1022/4169] Built Std.Data.HashMap.Raw:c.o (1.6s)
✔ [1023/4169] Built Std.Data.HashSet.Basic (571ms)
✔ [1024/4169] Built Std.Data.HashSet.Raw:c.o (900ms)
✔ [1025/4169] Built Init.Data.Slice.Array:c.o (60ms)
✔ [1026/4169] Built Std.Data.DHashMap.Internal.Model (1.5s)
✔ [1027/4169] Built Init.Data.Slice (209ms)
✔ [1028/4169] Built Std.Data.HashSet.Iterator (244ms)
✔ [1029/4169] Built Lean.Util.MonadCache:c.o (454ms)
✔ [1030/4169] Built Init.Data.Vector.Lemmas (9.2s)
✔ [1031/4169] Built Init.Data.Slice:c.o (57ms)
✔ [1032/4169] Built Std.Data.DHashMap.Basic:c.o (1.7s)
✔ [1033/4169] Built Std.Data.HashSet.Iterator:c.o (106ms)
✔ [1034/4169] Built Lean.Util.SCC:c.o (452ms)
✔ [1035/4169] Built Lake.Util.OrdHashSet (330ms)
✔ [1036/4169] Built Init.Data.Vector.Lemmas:c.o (128ms)
✔ [1037/4169] Built Init.Data.Ord.Vector (346ms)
✔ [1038/4169] Built Init.Data.Vector.DecidableEq (355ms)
✔ [1039/4169] Built Init.Data.Vector.DecidableEq:c.o (59ms)
✔ [1040/4169] Built Lake.Util.OrdHashSet:c.o (373ms)
✔ [1041/4169] Built Init.Data.Ord.Vector:c.o (103ms)
✔ [1042/4169] Built Std.Data.HashMap.Basic:c.o (1.4s)
✔ [1043/4169] Built Std.Data.HashSet.Basic:c.o (860ms)
✔ [1044/4169] Built Init.GrindInstances.ToInt (2.7s)
✔ [1045/4169] Built Init.Data.Vector.Count (704ms)
✔ [1046/4169] Built Std.Data.DHashMap.Internal.Model:c.o (952ms)
✔ [1047/4169] Built Init.GrindInstances.ToInt:c.o (107ms)
✔ [1048/4169] Built Init.Data.SInt.Bitwise (2.8s)
✔ [1049/4169] Built Init.Data.Vector.Count:c.o (58ms)
✔ [1050/4169] Built Init.Data.Vector.Zip (880ms)
✔ [1051/4169] Built Init.Data.Int.OfNat (349ms)
✔ [1052/4169] Built Init.Data.Vector.Zip:c.o (108ms)
✔ [1053/4169] Built Init.GrindInstances.Ring.BitVec (316ms)
✔ [1054/4169] Built Init.Data.Int.OfNat:c.o (68ms)
✔ [1055/4169] Built Init.Data.SInt (203ms)
✔ [1056/4169] Built Init.Data.SInt:c.o (61ms)
✔ [1057/4169] Built Init.GrindInstances.Ring.BitVec:c.o (105ms)
✔ [1058/4169] Built Init.Data.Int (196ms)
✔ [1059/4169] Built Init.Data.Int:c.o (66ms)
✔ [1060/4169] Built Init.Data.Array.Lex.Lemmas (3.4s)
✔ [1061/4169] Built Init.Data.Array.Lex.Lemmas:c.o (99ms)
✔ [1062/4169] Built Init.GrindInstances.Ring.UInt (669ms)
✔ [1063/4169] Built Init.GrindInstances.Ring.SInt (723ms)
✔ [1064/4169] Built Init.GrindInstances.Ring.Fin (699ms)
✔ [1065/4169] Built Init.Data.Array.Lex (187ms)
✔ [1066/4169] Built Init.Data.SInt.Bitwise:c.o (698ms)
✔ [1067/4169] Built Init.Data.Vector.InsertIdx (1.4s)
✔ [1068/4169] Built Init.Data.Vector.InsertIdx:c.o (55ms)
✔ [1069/4169] Built Init.GrindInstances.Ring.UInt:c.o (184ms)
✔ [1070/4169] Built Init.GrindInstances.Ring.Fin:c.o (134ms)
✔ [1071/4169] Built Init.Data.Array.Lex:c.o (61ms)
✔ [1072/4169] Built Init.Data.Vector.Attach (1.5s)
✔ [1073/4169] Built Init.GrindInstances.Ring.SInt:c.o (213ms)
✔ [1074/4169] Built Init.Data.Array (202ms)
✔ [1075/4169] Built Init.Data.Vector.Attach:c.o (141ms)
✔ [1076/4169] Built Init.Data.Array:c.o (76ms)
✔ [1077/4169] Built Init.Data.Vector.Perm (1.8s)
✔ [1078/4169] Built Init.Data.Vector.Erase (1.0s)
✔ [1079/4169] Built Init.Data.Vector.Erase:c.o (59ms)
✔ [1080/4169] Built Init.Data.Vector.Perm:c.o (146ms)
✔ [1081/4169] Built Std.Data.DHashMap.Internal.WF (2.2s)
✔ [1082/4169] Built Std.Data.DHashMap.Internal.WF:c.o (236ms)
✔ [1083/4169] Built Std.Data.DHashMap.AdditionalOperations (264ms)
✔ [1084/4169] Built Std.Data.DHashMap.AdditionalOperations:c.o (67ms)
✔ [1085/4169] Built Init.Data.Vector.Monadic (796ms)
✔ [1086/4169] Built Init.Data.Vector.Monadic:c.o (82ms)
✔ [1087/4169] Built Std.Data.HashMap.AdditionalOperations (227ms)
✔ [1088/4169] Built Std.Data.HashMap.AdditionalOperations:c.o (67ms)
✔ [1089/4169] Built Init.Data.Range.Polymorphic.SInt (1.6s)
✔ [1090/4169] Built Init.Data.Vector.Lex (1.4s)
✔ [1091/4169] Built Init.Data.Vector.Lex:c.o (100ms)
✔ [1092/4169] Built Init.Data.Range.Polymorphic (219ms)
✔ [1093/4169] Built Init.Data.Vector.MapIdx (1.3s)
✔ [1094/4169] Built Init.Data.Vector.MapIdx:c.o (78ms)
✔ [1095/4169] Built Init.Data.Range.Polymorphic:c.o (72ms)
✔ [1096/4169] Built Std.Data.DTreeMap.Internal.Model (7.3s)
✔ [1097/4169] Built Init.Data.String.Basic (4.0s)
✔ [1098/4169] Built Init.Data.Range.Polymorphic.SInt:c.o (576ms)
✔ [1099/4169] Built Init.Data.String.Stream (235ms)
✔ [1100/4169] Built Lake.Util.String (294ms)
✔ [1101/4169] Built Init.Data.String.Lemmas.Basic (308ms)
✔ [1102/4169] Built Init.Data.String.Lemmas.Basic:c.o (60ms)
✔ [1103/4169] Built Init.Data.String.Stream:c.o (100ms)
✔ [1104/4169] Built Init.Data.Hashable (358ms)
✔ [1105/4169] Built Init.Grind.PP (338ms)
✔ [1106/4169] Built Lean.Data.LOption (310ms)
✔ [1107/4169] Built Init.Data.ByteArray.Extra (402ms)
✔ [1108/4169] Built Init.Grind.PP:c.o (108ms)
✔ [1109/4169] Built Std.Tactic.BVDecide.Bitblast.BoolExpr.Basic (450ms)
✔ [1110/4169] Built Lean.Data.LOption:c.o (175ms)
✔ [1111/4169] Built Lean.Util.ParamMinimizer (657ms)
✔ [1112/4169] Built Lake.Util.String:c.o (151ms)
✔ [1113/4169] Built Init.Data.ByteArray.Extra:c.o (100ms)
✔ [1114/4169] Built Init.Data.Hashable:c.o (218ms)
✔ [1115/4169] Built Init.Data.Vector.OfFn (1.3s)
✔ [1116/4169] Built Std.Internal.Parsec.Basic (594ms)
✔ [1117/4169] Built Init.Data.String.Pattern.Basic (672ms)
✔ [1118/4169] Built Init.Data.ByteArray (214ms)
✔ [1119/4169] Built Init.Data.Vector.OfFn:c.o (116ms)
✔ [1120/4169] Built Std.Tactic.BVDecide.Bitblast.BoolExpr.Basic:c.o (246ms)
✔ [1121/4169] Built Std.Tactic.BVDecide.Bitblast.BoolExpr (236ms)
✔ [1122/4169] Built Std.Tactic.BVDecide.LRAT.Internal.PosFin (243ms)
✔ [1123/4169] Built Lean.Util.PtrSet (300ms)
✔ [1124/4169] Built Init.Data.String.Lemmas.Splits (464ms)
✔ [1125/4169] Built Init.Data.ByteArray:c.o (67ms)
✔ [1126/4169] Built Init.Data.Vector.Range (913ms)
✔ [1127/4169] Built Std.Tactic.BVDecide.Bitblast.BoolExpr:c.o (61ms)
✔ [1128/4169] Built Std.Tactic.BVDecide.LRAT.Internal.PosFin:c.o (109ms)
✔ [1129/4169] Built Lean.Util.PtrSet:c.o (133ms)
✔ [1130/4169] Built Lean.Data.EditDistance (739ms)
✔ [1131/4169] Built Init.Data.String.Lemmas.Splits:c.o (64ms)
✔ [1132/4169] Built Init.Data.String.Legacy (892ms)
✔ [1133/4169] Built Init.Data.Vector.Range:c.o (86ms)
✔ [1134/4169] Built Init.Data.Vector.FinRange (411ms)
✔ [1135/4169] Built Lean.Data.FuzzyMatching (925ms)
✔ [1136/4169] Built Init.Data.String.Pattern.Basic:c.o (347ms)
✔ [1137/4169] Built Init.Data.String.Legacy:c.o (138ms)
✔ [1138/4169] Built Init.Data.Vector.FinRange:c.o (73ms)
✔ [1139/4169] Built Lean.Data.PersistentArray (1.1s)
✔ [1140/4169] Built Lean.Util.Diff (1.1s)
✔ [1141/4169] Built Lean.Data.PersistentHashMap (1.3s)
✔ [1142/4169] Built Init.Data.Rat.Basic (983ms)
✔ [1143/4169] Built Std.Data.DTreeMap.Internal.Model:c.o (1.8s)
✔ [1144/4169] Built Lean.Data.PersistentHashSet (288ms)
✔ [1145/4169] Built Init.Data.String.Termination (917ms)
✔ [1146/4169] Built Std.Data.ByteSlice (1.2s)
✔ [1147/4169] Built Std.Internal.Parsec.Basic:c.o (1.1s)
✔ [1148/4169] Built Lean.Data.EditDistance:c.o (1.0s)
✔ [1149/4169] Built Std.Time.Internal.UnitVal (470ms)
✔ [1150/4169] Built Lean.Data.SMap (540ms)
✔ [1151/4169] Built Lean.Data.PersistentHashSet:c.o (247ms)
✔ [1152/4169] Built Init.Data.Vector.Find (1.2s)
✔ [1153/4169] Built Init.Data.Vector.Find:c.o (103ms)
✔ [1154/4169] Built Lean.Util.ShareCommon (500ms)
✔ [1155/4169] Built Std.Time.Internal (316ms)
✔ [1156/4169] Built Init.Data.String.Basic:c.o (2.3s)
✔ [1157/4169] Built Init.Data.String.Modify (571ms)
✔ [1158/4169] Built Std.Time.Internal:c.o (92ms)
✔ [1159/4169] Built Lean.Data.SSet (438ms)
✔ [1160/4169] Built Std.Time.Internal.UnitVal:c.o (587ms)
✔ [1161/4169] Built Lean.Util.ParamMinimizer:c.o (1.9s)
✔ [1162/4169] Built Init.Data.String.Pattern.Char (800ms)
✔ [1163/4169] Built Lean.Data.SMap:c.o (674ms)
✔ [1164/4169] Built Init.Data.String.Pattern.Pred (884ms)
✔ [1165/4169] Built Init.Data.String.Modify:c.o (332ms)
✔ [1166/4169] Built Std.Data.ByteSlice:c.o (811ms)
✔ [1167/4169] Built Lean.Data.SSet:c.o (245ms)
✔ [1168/4169] Built Lean.Util.Diff:c.o (1.5s)
✔ [1169/4169] Built Init.Data.String.Lemmas.Modify (438ms)
✔ [1170/4169] Built Std.Time.Time.Unit.Nanosecond (527ms)
✔ [1171/4169] Built Init.Data.String.Termination:c.o (1.1s)
✔ [1172/4169] Built Init.Data.String.Lemmas.Modify:c.o (90ms)
✔ [1173/4169] Built Init.Data.String.Pattern.Char:c.o (469ms)
✔ [1174/4169] Built Std.Time.Time.Unit.Nanosecond:c.o (244ms)
✔ [1175/4169] Built Std.Internal.Parsec.ByteArray (1.2s)
✔ [1176/4169] Built Lean.Data.FuzzyMatching:c.o (2.0s)
✔ [1177/4169] Built Init.Data.String.Pattern.Pred:c.o (500ms)
✔ [1178/4169] Built Init.System.IOError (806ms)
✔ [1179/4169] Built Init.Data.String.Iterator (851ms)
✔ [1180/4169] Built Std.Time.Time.Unit.Second (434ms)
✔ [1181/4169] Built Std.Time.Time.Unit.Millisecond (432ms)
✔ [1182/4169] Built Lean.Data.PersistentHashMap:c.o (1.9s)
✔ [1183/4169] Built Std.Time.Time.Unit.Millisecond:c.o (185ms)
✔ [1184/4169] Built Init.Data.Rat.Basic:c.o (2.0s)
✔ [1185/4169] Built Init.System.IOError:c.o (418ms)
✔ [1186/4169] Built Std.Time.Time.Unit.Second:c.o (295ms)
✔ [1187/4169] Built Std.Time.Time.Unit.Minute (300ms)
✔ [1188/4169] Built Lean.Util.ShareCommon:c.o (1.4s)
✔ [1189/4169] Built Init.Data.Vector.Extract (6.6s)
✔ [1190/4169] Built Init.Data.Rat.Lemmas (2.3s)
✔ [1191/4169] Built Lean.Data.PersistentArray:c.o (2.5s)
✔ [1192/4169] Built Init.Data.String.Iterator:c.o (538ms)
✔ [1193/4169] Built Init.Data.Vector.Extract:c.o (78ms)
✔ [1194/4169] Built Std.Time.Time.Unit.Minute:c.o (181ms)
✔ [1195/4169] Built Init.Data.Rat.Lemmas:c.o (113ms)
✔ [1196/4169] Built Std.Time.Time.Unit.Hour (289ms)
✔ [1197/4169] Built Init.Data.Rat (227ms)
✔ [1198/4169] Built Init.Data.Rat:c.o (56ms)
✔ [1199/4169] Built Init.GrindInstances.Ring.Rat (320ms)
✔ [1200/4169] Built Init.GrindInstances.Ring.Rat:c.o (82ms)
✔ [1201/4169] Built Std.Time.Time.Unit.Hour:c.o (227ms)
✔ [1202/4169] Built Std.Internal.Parsec.ByteArray:c.o (1.0s)
✔ [1203/4169] Built Std.Tactic.BVDecide.Bitblast.BVExpr.Basic (3.5s)
✔ [1204/4169] Built Init.Grind.Norm (455ms)
✔ [1205/4169] Built Std.Time.Time.Unit.Basic (371ms)
✔ [1206/4169] Built Init.Grind.Norm:c.o (60ms)
✔ [1207/4169] Built Init.Grind.Ordered.Rat (246ms)
✔ [1208/4169] Built Init.Grind.FieldNormNum (595ms)
✔ [1209/4169] Built Init.GrindInstances.Ring (221ms)
✔ [1210/4169] Built Init.GrindInstances.Ring:c.o (63ms)
✔ [1211/4169] Built Init.Grind.Ordered.Rat:c.o (58ms)
✔ [1212/4169] Built Init.Grind.FieldNormNum:c.o (83ms)
✔ [1213/4169] Built Std.Time.Time.Basic (200ms)
✔ [1214/4169] Built Init.Grind.Ordered (208ms)
✔ [1215/4169] Built Init.GrindInstances (204ms)
✔ [1216/4169] Built Init.GrindInstances:c.o (54ms)
✔ [1217/4169] Built Std.Time.Time.Basic:c.o (56ms)
✔ [1218/4169] Built Init.Grind.Ordered:c.o (66ms)
✔ [1219/4169] Built Std.Data.DTreeMap.Internal.WF.Lemmas (4.6s)
✔ [1220/4169] Built Std.Time.Time.Unit.Basic:c.o (325ms)
✔ [1221/4169] Built Std.Data.DTreeMap.AdditionalOperations (346ms)
✔ [1222/4169] Built Std.Time.Time.HourMarker (442ms)
✔ [1223/4169] Built Std.Data.DTreeMap.AdditionalOperations:c.o (83ms)
✔ [1224/4169] Built Std.Time.Time.PlainTime (548ms)
✔ [1225/4169] Built Std.Data.DTreeMap.Internal.WF.Lemmas:c.o (507ms)
✔ [1226/4169] Built Std.Data.DTreeMap.Raw.AdditionalOperations (220ms)
✔ [1227/4169] Built Std.Time.Time.HourMarker:c.o (243ms)
✔ [1228/4169] Built Std.Data.DTreeMap.Raw.AdditionalOperations:c.o (84ms)
✔ [1229/4169] Built Std.Data.TreeMap.AdditionalOperations (267ms)
✔ [1230/4169] Built Std.Time.Time (199ms)
✔ [1231/4169] Built Std.Time.Time:c.o (58ms)
✔ [1232/4169] Built Std.Data.TreeMap.AdditionalOperations:c.o (84ms)
✔ [1233/4169] Built Std.Data.TreeSet.AdditionalOperations (241ms)
✔ [1234/4169] Built Std.Data.TreeMap.Raw.AdditionalOperations (224ms)
✔ [1235/4169] Built Std.Data.TreeMap.Raw.AdditionalOperations:c.o (65ms)
✔ [1236/4169] Built Init.Data.String.Pattern.String (3.7s)
✔ [1237/4169] Built Std.Data.TreeSet.AdditionalOperations:c.o (65ms)
✔ [1238/4169] Built Std.Tactic.BVDecide.Bitblast.BVExpr.Basic:c.o (1.4s)
✔ [1239/4169] Built Std.Time.Time.PlainTime:c.o (640ms)
✔ [1240/4169] Built Std.Time.Zoned.Offset (382ms)
✔ [1241/4169] Built Init.Data.String.Pattern (218ms)
✔ [1242/4169] Built Std.Time.Date.Unit.Day (469ms)
✔ [1243/4169] Built Init.Data.String.Pattern:c.o (60ms)
✔ [1244/4169] Built Std.Time.Zoned.Offset:c.o (286ms)
✔ [1245/4169] Built Std.Time.Zoned.TimeZone (302ms)
✔ [1246/4169] Built Init.Grind.Ring.CommSolver (5.5s)
✔ [1247/4169] Built Std.Time.Date.Unit.Day:c.o (362ms)
✔ [1248/4169] Built Std.Time.Zoned.TimeZone:c.o (168ms)
✔ [1249/4169] Built Std.Time.Date.Unit.Week (398ms)
✔ [1250/4169] Built Init.Data.String.Pattern.String:c.o (848ms)
✔ [1251/4169] Built Init.Data.UInt.Lemmas:c.o (20s)
✔ [1252/4169] Built Init.Data.Dyadic.Basic (2.6s)
✔ [1253/4169] Built Std.Time.Date.Unit.Weekday (768ms)
✔ [1254/4169] Built Std.Time.Date.Unit.Week:c.o (339ms)
✔ [1255/4169] Built Init.Data.Dyadic.Instances (361ms)
✔ [1256/4169] Built Init.Data.Dyadic.Instances:c.o (99ms)
✔ [1257/4169] Built Std.Time.Date.Unit.Weekday:c.o (595ms)
✔ [1258/4169] Built Init.Data.Dyadic.Round (425ms)
✔ [1259/4169] Built Std.Do.Triple.SpecLemmas (7.3s)
✔ [1260/4169] Built Lean.Meta.Tactic.Grind.Arith.CommRing.Poly (1.2s)
✔ [1261/4169] Built Init.Data.Dyadic.Round:c.o (169ms)
✔ [1262/4169] Built Init.Grind.Ring.CommSemiringAdapter (1.6s)
✔ [1263/4169] Built Init.Data.Dyadic.Inv (459ms)
✔ [1264/4169] Built Std.Do.Triple.SpecLemmas:c.o (400ms)
✔ [1265/4169] Built Std.Do.Triple (390ms)
✔ [1266/4169] Built Init.Data.Dyadic.Basic:c.o (1.4s)
✔ [1267/4169] Built Init.Data.Dyadic.Inv:c.o (118ms)
✔ [1268/4169] Built Std.Do.Triple:c.o (157ms)
✔ [1269/4169] Built Init.Data.Dyadic (413ms)
✔ [1270/4169] Built Init.Grind.Ring (443ms)
✔ [1271/4169] Built Init.Data.Dyadic:c.o (111ms)
✔ [1272/4169] Built Std.Time.Date.Unit.Month (2.4s)
✔ [1273/4169] Built Std.Do (579ms)
✔ [1274/4169] Built Init.Grind.Ring:c.o (168ms)
✔ [1275/4169] Built Std.Do:c.o (118ms)
✔ [1276/4169] Built Std.Time.Date.Unit.Year (816ms)
✔ [1277/4169] Built Init.Grind.Ring.CommSemiringAdapter:c.o (1.5s)
✔ [1278/4169] Built Std.Time.Date.Unit.Basic (705ms)
✔ [1279/4169] Built Lean.Meta.Tactic.Grind.Arith.CommRing.Poly:c.o (2.5s)
✔ [1280/4169] Built Std.Time.Date.Unit.Year:c.o (1.1s)
✔ [1281/4169] Built Std.Time.Date.Unit.Basic:c.o (278ms)
✔ [1282/4169] Built Std.Time.Date.Unit.Month:c.o (1.9s)
✔ [1283/4169] Built Init.Grind.Order (2.3s)
✔ [1284/4169] Built Init.Grind.Order:c.o (190ms)
✔ [1285/4169] Built Init.Grind (711ms)
✔ [1286/4169] Built Init.Grind:c.o (389ms)
✔ [1287/4169] Built Std.Time.Date.ValidDate (3.9s)
✔ [1288/4169] Built Std.Time.Date.ValidDate:c.o (907ms)
✔ [1289/4169] Built Std.Tactic.BVDecide.LRAT.Internal.Assignment (1.8s)
✔ [1290/4169] Built Std.Tactic.BVDecide.LRAT.Internal.Assignment:c.o (609ms)
✔ [1291/4169] Built Std.Time.Date.Basic (1.0s)
✔ [1292/4169] Built Init.Data.Vector.Algebra (4.1s)
✔ [1293/4169] Built Std.Tactic.Do.Syntax (7.1s)
✔ [1294/4169] Built Init.Data.String.Slice (9.8s)
✔ [1295/4169] Built Init.Data.Vector.Algebra:c.o (596ms)
✔ [1296/4169] Built Std.Tactic.Do (670ms)
✔ [1297/4169] Built Std.Tactic.Do:c.o (121ms)
✔ [1298/4169] Built Std.Time.Date.PlainDate (2.3s)
✔ [1299/4169] Built Init.Data.Vector (999ms)
✔ [1300/4169] Built Init.Grind.Ring.CommSolver:c.o (10s)
✔ [1301/4169] Built Init.Data.Vector:c.o (182ms)
✔ [1302/4169] Built Std.Time.Date (428ms)
✔ [1303/4169] Built Std.Internal.Parsec.String (1.1s)
✔ [1304/4169] Built Std.Time.Date:c.o (107ms)
✔ [1305/4169] Built Std.Internal.Parsec (469ms)
✔ [1306/4169] Built Std.Time.Date.Basic:c.o (3.2s)
✔ [1307/4169] Built Std.Internal.Parsec:c.o (103ms)
✔ [1308/4169] Built Std.Internal.Parsec.String:c.o (863ms)
✔ [1309/4169] Built Init.Data.String.Substring (2.4s)
✔ [1310/4169] Built Std.Time.Duration (1.2s)
✔ [1311/4169] Built Init.Data.String.Search (3.1s)
✔ [1312/4169] Built Std.Time.Date.PlainDate:c.o (2.3s)
✔ [1313/4169] Built Init.Data.String.TakeDrop (755ms)
✔ [1314/4169] Built Std.Time.Zoned.Database.TzIf (1.6s)
✔ [1315/4169] Built Init.Data.String.Lemmas.Search (328ms)
✔ [1316/4169] Built Init.Data.Format.Instances (368ms)
✔ [1317/4169] Built Lake.Util.Casing (358ms)
✔ [1318/4169] Built Init.Data.String.Lemmas.Search:c.o (83ms)
✔ [1319/4169] Built Init.Data.ToString.Name (469ms)
✔ [1320/4169] Built Lake.Util.Date (596ms)
✔ [1321/4169] Built Lake.Util.Casing:c.o (256ms)
✔ [1322/4169] Built Init.Data.String.Lemmas (392ms)
✔ [1323/4169] Built Init.System.FilePath (710ms)
✔ [1324/4169] Built Std.Time.Duration:c.o (1.4s)
✔ [1325/4169] Built Lake.Util.Cli (752ms)
✔ [1326/4169] Built Init.Data.String.Lemmas:c.o (84ms)
✔ [1327/4169] Built Init.Data.ToString (301ms)
✔ [1328/4169] Built Init.Data.Format.Instances:c.o (457ms)
✔ [1329/4169] Built Init.Data.ToString:c.o (81ms)
✔ [1330/4169] Built Init.Data.Format.Syntax (467ms)
✔ [1331/4169] Built Std.Tactic.Do.Syntax:c.o (4.2s)
✔ [1332/4169] Built Lean.Data.OpenDecl (405ms)
✔ [1333/4169] Built Lake.Config.Defaults (329ms)
✔ [1334/4169] Built Lake.Util.Date:c.o (460ms)
✔ [1335/4169] Built Init.Data.Format (196ms)
✔ [1336/4169] Built Std.Sat.CNF.Literal (329ms)
✔ [1337/4169] Built Lean.Data.OpenDecl:c.o (197ms)
✔ [1338/4169] Built Lake.Config.Defaults:c.o (99ms)
✔ [1339/4169] Built Init.Data.ToString.Name:c.o (696ms)
✔ [1340/4169] Built Init.Data.Format:c.o (96ms)
✔ [1341/4169] Built Std.Sat.CNF.Literal:c.o (147ms)
✔ [1342/4169] Built Lean.Compiler.FFI (537ms)
✔ [1343/4169] Built Lake.Version (407ms)
✔ [1344/4169] Built Init.Data.String.Extra (1.4s)
✔ [1345/4169] Built Init.Data.String.TakeDrop:c.o (1.3s)
✔ [1346/4169] Built Init.Data.Format.Syntax:c.o (398ms)
✔ [1347/4169] Built Lake.Util.Cycle (498ms)
✔ [1348/4169] Built Lake.Version:c.o (121ms)
✔ [1349/4169] Built Init.Data.Ord.String (696ms)
✔ [1350/4169] Built Init.System.Uri (733ms)
✔ [1351/4169] Built Lake.Util.Family (614ms)
✔ [1352/4169] Built Lake.Toml.Data.DateTime (951ms)
✔ [1353/4169] Built Init.Data.Ord.String:c.o (114ms)
✔ [1354/4169] Built Lake.Util.Cycle:c.o (364ms)
✔ [1355/4169] Built Init.Data.String (425ms)
✔ [1356/4169] Built Lake.CLI.Help (596ms)
✔ [1357/4169] Built Lake.Build.Topological (567ms)
✔ [1358/4169] Built Lake.CLI.Error (1.1s)
✔ [1359/4169] Built Init.Data.String.Extra:c.o (607ms)
✔ [1360/4169] Built Init.Data.String:c.o (176ms)
✔ [1361/4169] Built Init.Data.Ord (584ms)
✔ [1362/4169] Built Std.Sat.CNF.Basic (951ms)
✔ [1363/4169] Built Lean.Data.KVMap (1.1s)
✔ [1364/4169] Built Lean.Compiler.FFI:c.o (874ms)
✔ [1365/4169] Built Lake.CLI.Help:c.o (303ms)
✔ [1366/4169] Built Init.Data.Ord:c.o (189ms)
✔ [1367/4169] Built Lean.Data.NameTrie (780ms)
✔ [1368/4169] Built Lean.Data.Xml.Basic (804ms)
✔ [1369/4169] Built Lake.Util.Family:c.o (850ms)
✔ [1370/4169] Built Lake.Build.Topological:c.o (397ms)
✔ [1371/4169] Built Std.Sat.CNF.Basic:c.o (224ms)
✔ [1372/4169] Built Lean.Data.Name (979ms)
✔ [1373/4169] Built Init.System.FilePath:c.o (1.7s)
✔ [1374/4169] Built Init.Data.String.Substring:c.o (3.3s)
✔ [1375/4169] Built Init.Data.String.Search:c.o (2.6s)
✔ [1376/4169] Built Init.System.Uri:c.o (1.1s)
✔ [1377/4169] Built Lean.Data.Xml.Basic:c.o (458ms)
✔ [1378/4169] Built Std.Sat.CNF.Relabel (891ms)
✔ [1379/4169] Built Std.Sat.CNF.Relabel:c.o (238ms)
✔ [1380/4169] Built Lean.Data.NameMap.Basic (899ms)
✔ [1381/4169] Built Lean.Data.Name:c.o (1.0s)
✔ [1382/4169] Built Lake.Util.Cli:c.o (2.7s)
✔ [1383/4169] Built Init.Simproc (3.1s)
✔ [1384/4169] Built Lean.Data.Json.Basic (2.1s)
✔ [1385/4169] Built Lake.CLI.Error:c.o (1.7s)
✔ [1386/4169] Built Lean.Data.NameMap.AdditionalOperations (509ms)
✔ [1387/4169] Built Std.Sat.CNF.RelabelFin (933ms)
✔ [1388/4169] Built Std.Time.Zoned.Database.TzIf:c.o (3.7s)
✔ [1389/4169] Built Lake.Config.MetaClasses (616ms)
✔ [1390/4169] Built Lean.Data.NameMap.AdditionalOperations:c.o (201ms)
✔ [1391/4169] Built Lean.Data.KVMap:c.o (2.0s)
✔ [1392/4169] Built Lake.Config.MetaClasses:c.o (217ms)
✔ [1393/4169] Built Lake.Config.Dependency (819ms)
✔ [1394/4169] Built Lake.Util.StoreInsts (795ms)
✔ [1395/4169] Built Lean.Data.NameMap (418ms)
✔ [1396/4169] Built Std.Sat.CNF.RelabelFin:c.o (362ms)
✔ [1397/4169] Built Lean.Data.NameMap:c.o (153ms)
✔ [1398/4169] Built Lake.Toml.Data.Dict (1.0s)
✔ [1399/4169] Built Init.System.IO (3.7s)
✔ [1400/4169] Built Lake.Config.Dependency:c.o (312ms)
✔ [1401/4169] Built Lake.Toml.Data.DateTime:c.o (3.1s)
✔ [1402/4169] Built Init.Data.String.Slice:c.o (7.8s)
✔ [1403/4169] Built Std.Sat.CNF.Dimacs (776ms)
✔ [1404/4169] Built Std.Tactic.BVDecide.Syntax (1.1s)
✔ [1405/4169] Built Lean.Data.NameTrie:c.o (2.5s)
✔ [1406/4169] Built Lake.Util.StoreInsts:c.o (599ms)
✔ [1407/4169] Built Std.Sync.Basic (372ms)
✔ [1408/4169] Built Std.Sync.Basic:c.o (107ms)
✔ [1409/4169] Built Lean.Util.LakePath (468ms)
✔ [1410/4169] Built Lake.Util.IO (504ms)
✔ [1411/4169] Built Std.Sat.CNF.Dimacs:c.o (314ms)
✔ [1412/4169] Built Lean.Util.LakePath:c.o (130ms)
✔ [1413/4169] Built Lake.Util.Error (555ms)
✔ [1414/4169] Built Lake.Util.NativeLib (574ms)
✔ [1415/4169] Built Lake.Util.Lock (570ms)
✔ [1416/4169] Built Init.System.Promise (681ms)
✔ [1417/4169] Built Std.Sat.CNF (415ms)
✔ [1418/4169] Built Lean.ImportingFlag (689ms)
✔ [1419/4169] Built Lean.LoadDynlib (674ms)
✔ [1420/4169] Built Lake.Util.Lift (664ms)
✔ [1421/4169] Built Lake.Util.NativeLib:c.o (177ms)
✔ [1422/4169] Built Lake.Util.IO:c.o (213ms)
✔ [1423/4169] Built Init.Data.Random (800ms)
✔ [1424/4169] Built Std.Sat.CNF:c.o (112ms)
✔ [1425/4169] Built Lean.Data.NameMap.Basic:c.o (1.9s)
✔ [1426/4169] Built Lean.InternalExceptionId (755ms)
✔ [1427/4169] Built Lake.Util.Error:c.o (245ms)
✔ [1428/4169] Built Lake.Util.Lock:c.o (252ms)
✔ [1429/4169] Built Init.System.Promise:c.o (165ms)
✔ [1430/4169] Built Std.Sync.RecursiveMutex (511ms)
✔ [1431/4169] Built Std.Tactic.BVDecide.Syntax:c.o (560ms)
✔ [1432/4169] Built Std.Tactic.BVDecide.Normalize.Canonicalize (564ms)
✔ [1433/4169] Built Lean.ImportingFlag:c.o (198ms)
✔ [1434/4169] Built Std.Sync.Mutex (572ms)
✔ [1435/4169] Built Std.Sync.SharedMutex (530ms)
✔ [1436/4169] Built Std.Tactic.BVDecide.Normalize.Canonicalize:c.o (62ms)
✔ [1437/4169] Built Lean.Data.Json.Parser (1.9s)
✔ [1438/4169] Built Lean.InternalExceptionId:c.o (174ms)
✔ [1439/4169] Built Lean.DocString.Types (3.4s)
✔ [1440/4169] Built Lake.Util.Lift:c.o (293ms)
✔ [1441/4169] Built Init.System (323ms)
✔ [1442/4169] Built Init.System:c.o (68ms)
✔ [1443/4169] Built Init.Task (346ms)
✔ [1444/4169] Built Std.Time.DateTime.Timestamp (1.0s)
✔ [1445/4169] Built Std.Internal.UV.Timer (375ms)
✔ [1446/4169] Built Std.Net.Addr (1.0s)
✔ [1447/4169] Built Std.Internal.UV.Loop (393ms)
✔ [1448/4169] Built Lean.LoadDynlib:c.o (407ms)
✔ [1449/4169] Built Lake.Toml.Data.Value (1.2s)
✔ [1450/4169] Built Init.Data (392ms)
✔ [1451/4169] Built Init.Task:c.o (101ms)
✔ [1452/4169] Built Std.Sync.Mutex:c.o (239ms)
✔ [1453/4169] Built Std.Sync.RecursiveMutex:c.o (200ms)
✔ [1454/4169] Built Std.Sync.SharedMutex:c.o (278ms)
✔ [1455/4169] Built Std.Internal.UV.Timer:c.o (75ms)
✔ [1456/4169] Built Std.Internal.UV.Loop:c.o (71ms)
✔ [1457/4169] Built Lean.Util.Path (1.1s)
✔ [1458/4169] Built Lean.Compiler.IR.LLVMBindings (1.2s)
✔ [1459/4169] Built Std.Net (242ms)
✔ [1460/4169] Built Lean.Data.Xml.Parser (3.5s)
✔ [1461/4169] Built Lake.Toml.Data (224ms)
✔ [1462/4169] Built Init.Data:c.o (129ms)
✔ [1463/4169] Built Std.Sync.Barrier (371ms)
✔ [1464/4169] Built Std.Tactic.BVDecide.LRAT.Actions (658ms)
✔ [1465/4169] Built Std.Net.Addr:c.o (332ms)
✔ [1466/4169] Built Std.Net:c.o (69ms)
✔ [1467/4169] Built Lake.Toml.Data:c.o (61ms)
✔ [1468/4169] Built Lean.Data.Xml (230ms)
✔ [1469/4169] Built Std.Sync.Barrier:c.o (198ms)
✔ [1470/4169] Built Std.Internal.UV.TCP (280ms)
✔ [1471/4169] Built Std.Internal.UV.UDP (282ms)
✔ [1472/4169] Built Std.Internal.UV.DNS (309ms)
✔ [1473/4169] Built Std.Internal.UV.Signal (280ms)
✔ [1474/4169] Built Lean.Data.Options (856ms)
✔ [1475/4169] Built Lean.Data.Xml:c.o (59ms)
✔ [1476/4169] Built Lean.Server.ServerTask (542ms)
✔ [1477/4169] Built Lake.Toml.Data.Dict:c.o (1.6s)
✔ [1478/4169] Built Init.Data.Random:c.o (880ms)
✔ [1479/4169] Built Std.Internal.UV.TCP:c.o (129ms)
✔ [1480/4169] Built Std.Internal.UV.UDP:c.o (121ms)
✔ [1481/4169] Built Std.Internal.UV.DNS:c.o (89ms)
✔ [1482/4169] Built Std.Internal.UV.Signal:c.o (100ms)
✔ [1483/4169] Built Std.Tactic.BVDecide.Normalize.BitVec (914ms)
✔ [1484/4169] Built Std.Tactic.BVDecide.LRAT.Actions:c.o (444ms)
✔ [1485/4169] Built Lean.Meta.Tactic.Grind.AC.Seq (4.2s)
✔ [1486/4169] Built Init.Simproc:c.o (2.7s)
✔ [1487/4169] Built Std.Tactic.BVDecide.Normalize.BitVec:c.o (61ms)
✔ [1488/4169] Built Lean.Util.Path:c.o (679ms)
✔ [1489/4169] Built Lean.Util.RecDepth (313ms)
✔ [1490/4169] Built Lake.Toml.Data.Value:c.o (736ms)
✔ [1491/4169] Built Lake.Toml.Decode (527ms)
✔ [1492/4169] Built Std.Time.DateTime.PlainDateTime (985ms)
✔ [1493/4169] Built Lean.Util.Profile (409ms)
✔ [1494/4169] Built Lean.Util.RecDepth:c.o (117ms)
✔ [1495/4169] Built Lean.Compiler.LCNF.ConfigOptions (399ms)
✔ [1496/4169] Built Lean.Compiler.IR.LLVMBindings:c.o (735ms)
✔ [1497/4169] Built Lean.Server.ServerTask:c.o (328ms)
✔ [1498/4169] Built Lean.Server.RequestCancellation (353ms)
✔ [1499/4169] Built Init.Internal.Order.Basic (2.1s)
✔ [1500/4169] Built Std.Internal.Async.Basic (1.3s)
✔ [1501/4169] Built Std.Time.DateTime.Timestamp:c.o (1.0s)
✔ [1502/4169] Built Std.Tactic.BVDecide.Normalize (244ms)
✔ [1503/4169] Built Std.Tactic.BVDecide.Normalize:c.o (84ms)
✔ [1504/4169] Built Lean.Data.Format (468ms)
✔ [1505/4169] Built Lean.DocString.Markdown (1.2s)
✔ [1506/4169] Built Lean.Compiler.LCNF.ConfigOptions:c.o (231ms)
✔ [1507/4169] Built Lean.PrettyPrinter.Delaborator.Options (669ms)
✔ [1508/4169] Built Lean.Server.RequestCancellation:c.o (182ms)
✔ [1509/4169] Built Init.Internal.Order.Basic:c.o (233ms)
✔ [1510/4169] Built Std.Time.DateTime (312ms)
✔ [1511/4169] Built Std.Tactic.BVDecide.LRAT.Parser (877ms)
✔ [1512/4169] Built Std.Internal.UV.System (1.0s)
✔ [1513/4169] Built Lean.Data.Options:c.o (706ms)
✔ [1514/4169] Built Lean.Util.Profile:c.o (266ms)
✔ [1515/4169] Built Lean.Server.AsyncList (651ms)
✔ [1516/4169] Built Lean.Data.Json.Basic:c.o (3.2s)
✔ [1517/4169] Built Std.Time.DateTime:c.o (288ms)
✔ [1518/4169] Built Std.Internal.UV (240ms)
✔ [1519/4169] Built Std.Internal.UV:c.o (62ms)
✔ [1520/4169] Built Lean.Hygiene (524ms)
✔ [1521/4169] Built Lean.Data.Trie (630ms)
✔ [1522/4169] Built Lean.Server.AsyncList:c.o (425ms)
✔ [1523/4169] Built Lean.Meta.Tactic.Grind.AC.Seq:c.o (879ms)
✔ [1524/4169] Built Lean.DocString.Types:c.o (1.8s)
✔ [1525/4169] Built Std.Internal.UV.System:c.o (625ms)
✔ [1526/4169] Built Std.Time.Zoned.ZoneRules (605ms)
✔ [1527/4169] Built Lean.Hygiene:c.o (399ms)
✔ [1528/4169] Built Lake.Toml.Decode:c.o (1.1s)
✔ [1529/4169] Built Std.Time.Zoned.DateTime (731ms)
✔ [1530/4169] Built Init.System.IO:c.o (3.2s)
✔ [1531/4169] Built Std.Time.Zoned.Database.Basic (361ms)
✔ [1532/4169] Built Std.Data.DHashMap.Internal.RawLemmas (27s)
✔ [1533/4169] Built Std.Internal.Async.Select (1.3s)
✔ [1534/4169] Built Lean.Data.Trie:c.o (708ms)
✔ [1535/4169] Built Init.Internal.Order.Lemmas (1.6s)
✔ [1536/4169] Built Std.Internal.Async.IO (267ms)
✔ [1537/4169] Built Std.Time.Zoned.ZoneRules:c.o (636ms)
✔ [1538/4169] Built Std.Time.Zoned.Database.Basic:c.o (254ms)
✔ [1539/4169] Built Lean.Data.Json.Printer (1.5s)
✔ [1540/4169] Built Std.Data.DHashMap.DecidableEquiv (267ms)
✔ [1541/4169] Built Std.Data.DHashMap.RawDecidableEquiv (267ms)
✔ [1542/4169] Built Std.Internal.Async.IO:c.o (68ms)
✔ [1543/4169] Built Std.Time.Zoned.Database.TZdb (440ms)
✔ [1544/4169] Built Std.Time.Zoned.Database.Windows (413ms)
✔ [1545/4169] Built Lean.Syntax (1.6s)
✔ [1546/4169] Built Lean.PrettyPrinter.Delaborator.Options:c.o (1.5s)
✔ [1547/4169] Built Init.Internal.Order.Lemmas:c.o (154ms)
✔ [1548/4169] Built Std.Data.DHashMap.DecidableEquiv:c.o (82ms)
✔ [1549/4169] Built Std.Data.DHashMap.RawDecidableEquiv:c.o (70ms)
✔ [1550/4169] Built Lean.Data.Format:c.o (1.8s)
✔ [1551/4169] Built Init.Internal.Order (239ms)
✔ [1552/4169] Built Init.Internal.Order:c.o (67ms)
✔ [1553/4169] Built Std.Sync.Notify (534ms)
✔ [1554/4169] Built Std.Time.Zoned.ZonedDateTime (846ms)
✔ [1555/4169] Built Lean.Data.Json.Stream (314ms)
✔ [1556/4169] Built Std.Data.HashMap.DecidableEquiv (262ms)
✔ [1557/4169] Built Std.Data.HashMap.DecidableEquiv:c.o (75ms)
✔ [1558/4169] Built Std.Data.HashMap.RawDecidableEquiv (293ms)
✔ [1559/4169] Built Std.Time.DateTime.PlainDateTime:c.o (1.0s)
✔ [1560/4169] Built Std.Time.Zoned.Database.TZdb:c.o (297ms)
✔ [1561/4169] Built Std.Time.Zoned.Database.Windows:c.o (291ms)
✔ [1562/4169] Built Lean.Data.Json.Stream:c.o (142ms)
✔ [1563/4169] Built Init.Internal (223ms)
✔ [1564/4169] Built Std.Data.HashMap.RawDecidableEquiv:c.o (73ms)
✔ [1565/4169] Built Lean.DocString.Markdown:c.o (1.9s)
✔ [1566/4169] Built Init.Internal:c.o (59ms)
✔ [1567/4169] Built Std.Data.HashSet.DecidableEquiv (255ms)
✔ [1568/4169] Built Std.Time.Zoned.Database (266ms)
✔ [1569/4169] Built Lean.Data.Json.Parser:c.o (3.2s)
✔ [1570/4169] Built Std.Data.HashSet.DecidableEquiv:c.o (105ms)
✔ [1571/4169] Built Std.Data.HashSet.RawDecidableEquiv (256ms)
✔ [1572/4169] Built Std.Data.HashSet.RawDecidableEquiv:c.o (81ms)
✔ [1573/4169] Built Lean.Data.Json.FromToJson.Basic (715ms)
✔ [1574/4169] Built Init (334ms)
✔ [1575/4169] Built Std.Sync.Notify:c.o (512ms)
✔ [1576/4169] Built Std.Time.Zoned.Database:c.o (162ms)
✔ [1577/4169] Built Lean.DocString.Links (679ms)
✔ [1578/4169] Built Init:c.o (94ms)
✔ [1579/4169] Built Std.Data.Iterators.Lemmas.Equivalence.Basic (693ms)
✔ [1580/4169] Built Std.Time.Zoned (401ms)
✔ [1581/4169] Built Lean.Data.Json.FromToJson.Extra (291ms)
✔ [1582/4169] Built Std.Data.Iterators.Lemmas.Equivalence.Basic:c.o (95ms)
✔ [1583/4169] Built Lean.Data.Json.Printer:c.o (1.1s)
✔ [1584/4169] Built Lean.Data.Json.FromToJson.Extra:c.o (130ms)
✔ [1585/4169] Built Lean.Data.Json.FromToJson (273ms)
✔ [1586/4169] Built Lean.Data.Lsp.BasicAux (523ms)
✔ [1587/4169] Built Lean.Util.LeanOptions (581ms)
✔ [1588/4169] Built Lean.Data.Lsp.Window (512ms)
✔ [1589/4169] Built Init:static (395ms)
✔ [1590/4169] Built Init:static (388ms)
✔ [1592/4169] Built Std.Internal.Async.Basic:c.o (2.8s)
✔ [1593/4169] Built Lean.Data.Json.FromToJson:c.o (59ms)
✔ [1594/4169] Built Std.Data.Iterators.Lemmas.Producers.Monadic.List (443ms)
✔ [1595/4169] Built Std.Internal.Async.Select:c.o (1.7s)
✔ [1596/4169] Built Lean.Data.Json.FromToJson.Basic:c.o (729ms)
✔ [1597/4169] Built Lean.Server.Rpc.Basic (692ms)
✔ [1598/4169] Built Leanc (598ms)
✔ [1599/4169] Built Std.Data.Iterators.Lemmas.Producers.Monadic.List:c.o (101ms)
✔ [1600/4169] Built Lean.Data.Lsp.BasicAux:c.o (370ms)
✔ [1601/4169] Built Std.Data.Iterators.Lemmas.Equivalence.StepCongr (688ms)
✔ [1602/4169] Built Lean.Widget.Types (392ms)
✔ [1603/4169] Built Lean.Data.Lsp.Window:c.o (484ms)
✔ [1604/4169] Built Std.Data.Iterators.Lemmas.Equivalence.StepCongr:c.o (91ms)
✔ [1605/4169] Built Lean.DocString.Links:c.o (1.0s)
✔ [1606/4169] Built Std.Data.Iterators.Lemmas.Equivalence (221ms)
✔ [1607/4169] Built Std.Data.Iterators.Lemmas.Equivalence:c.o (57ms)
✔ [1608/4169] Built Lean.Widget.Types:c.o (202ms)
✔ [1609/4169] Built Leanc:c.o (429ms)
✔ [1610/4169] Built Leanc:static (41ms)
✔ [1612/4169] Built Lean.Level (3.1s)
✔ [1613/4169] Built Lean.Data.JsonRpc (1.4s)
✔ [1614/4169] Built Lean.Widget.TaggedText (732ms)
✔ [1615/4169] Built Std.Time.Zoned:c.o (1.3s)
✔ [1616/4169] Built Std.Data.Iterators.Lemmas.Consumers.Monadic.Collect (718ms)
✔ [1617/4169] Built Std.Tactic.BVDecide.LRAT.Parser:c.o (3.7s)
✔ [1618/4169] Built Lean.Data.Json.Elab (1.2s)
✔ [1619/4169] Built Lean.Data.Lsp.CancelParams (313ms)
✔ [1620/4169] Built Lean.Util.LeanOptions:c.o (1.1s)
✔ [1621/4169] Built Std.Data.Iterators.Lemmas.Consumers.Monadic.Collect:c.o (68ms)
✔ [1622/4169] Built Std.Sync.Channel (2.5s)
✔ [1623/4169] Built Lean.Data.Lsp.CancelParams:c.o (138ms)
✔ [1624/4169] Built Lean.Data.Lsp.Communication (451ms)
✔ [1625/4169] Built Lean.Setup (1.3s)
✔ [1626/4169] Built Std.Data.Iterators.Lemmas.Consumers.Collect (279ms)
✔ [1627/4169] Built Std.Data.Iterators.Lemmas.Consumers.Collect:c.o (60ms)
✔ [1628/4169] Built Lean.Syntax:c.o (2.6s)
✔ [1629/4169] Built Lean.Data.Json (278ms)
✔ [1630/4169] Built Lean.Data.Json:c.o (72ms)
✔ [1631/4169] Built Lean.Server.Rpc.Basic:c.o (1.4s)
✔ [1632/4169] Built Lake.Config.OutFormat (395ms)
✔ [1633/4169] Built Lake.Util.JsonObject (416ms)
✔ [1634/4169] Built Std.Data.DHashMap.Internal.RawLemmas:c.o (3.4s)
✔ [1635/4169] Built Std.Data.Iterators.Lemmas.Consumers.Monadic.Loop (847ms)
✔ [1636/4169] Built Std.Data.Iterators.Lemmas.Combinators.Monadic.FilterMap (1.5s)
✔ [1637/4169] Built Lake.Config.OutFormat:c.o (252ms)
✔ [1638/4169] Built Lake.Util.FilePath (516ms)
✔ [1639/4169] Built Std.Data.Iterators.Lemmas.Consumers.Monadic.Loop:c.o (60ms)
✔ [1640/4169] Built Std.Data.Iterators.Lemmas.Combinators.Monadic.FilterMap:c.o (125ms)
✔ [1641/4169] Built Lake.Config.Dynlib (378ms)
✔ [1642/4169] Built Lake.Util.FilePath:c.o (238ms)
✔ [1643/4169] Built Lake.Util.Name (680ms)
✔ [1644/4169] Built Std.Data.Iterators.Lemmas.Consumers.Monadic (236ms)
✔ [1645/4169] Built Std.Data.Iterators.Lemmas.Consumers.Monadic:c.o (62ms)
✔ [1646/4169] Built Std.Data.Iterators.Lemmas.Consumers.Loop (303ms)
✔ [1647/4169] Built Lean.Data.Lsp.Communication:c.o (1.0s)
✔ [1648/4169] Built Lake.Config.Dynlib:c.o (214ms)
✔ [1649/4169] Built Std.Data.Iterators.Lemmas.Consumers.Loop:c.o (64ms)
✔ [1650/4169] Built Lake.Build.Trace (870ms)
✔ [1651/4169] Built Std.Data.Iterators.Lemmas.Consumers (226ms)
✔ [1652/4169] Built Lake.Util.Name:c.o (313ms)
✔ [1653/4169] Built Lake.Toml.Encode (465ms)
✔ [1654/4169] Built Std.Data.Iterators.Lemmas.Consumers:c.o (63ms)
✔ [1655/4169] Built Lean.Data.Json.Elab:c.o (1.4s)
✔ [1656/4169] Built Lake.Config.Glob (534ms)
✔ [1657/4169] Built Lake.Toml.Encode:c.o (242ms)
✔ [1658/4169] Built Std.Data.Iterators.Lemmas.Combinators.Monadic.TakeWhile (601ms)
✔ [1659/4169] Built Std.Data.Iterators.Lemmas.Producers.Monadic.Array (660ms)
✔ [1660/4169] Built Lake.Config.Artifact (536ms)
✔ [1661/4169] Built Std.Data.Iterators.Lemmas.Combinators.Monadic.TakeWhile:c.o (150ms)
✔ [1662/4169] Built Std.Data.Iterators.Lemmas.Producers.Monadic.Array:c.o (94ms)
✔ [1663/4169] Built Lake.Config.Glob:c.o (302ms)
✔ [1664/4169] Built Lake.Config.Pattern (865ms)
✔ [1665/4169] Built Std.Data.Iterators.Lemmas.Combinators.Monadic (234ms)
✔ [1666/4169] Built Std.Data.Iterators.Lemmas.Producers.Monadic (213ms)
✔ [1667/4169] Built Lake.Build.Key (976ms)
✔ [1668/4169] Built Std.Data.Iterators.Lemmas.Combinators.Monadic:c.o (68ms)
✔ [1669/4169] Built Std.Data.Iterators.Lemmas.Producers.Monadic:c.o (60ms)
✔ [1670/4169] Built Lake.Build.Trace:c.o (851ms)
✔ [1671/4169] Built Lake.Config.Artifact:c.o (324ms)
✔ [1672/4169] Built Lean.Level:c.o (2.5s)
✔ [1673/4169] Built Lake.Build.Target.Basic (197ms)
✔ [1674/4169] Built Std.Data.Iterators.Lemmas.Producers.Array (453ms)
✔ [1675/4169] Built Std.Data.Iterators.Lemmas.Producers.Array:c.o (63ms)
✔ [1676/4169] Built Lake.Config.InstallPath (1.3s)
✔ [1677/4169] Built Lake.Build.ModuleArtifacts (504ms)
✔ [1678/4169] Built Lake.Build.Target.Basic:c.o (88ms)
✔ [1679/4169] Built Lean.Compiler.NameMangling (2.1s)
✔ [1680/4169] Built Std.Data.Iterators.Lemmas.Combinators.TakeWhile (778ms)
✔ [1681/4169] Built Std.Data.Iterators.Lemmas.Producers (218ms)
✔ [1682/4169] Built Std.Data.Iterators.Lemmas.Producers:c.o (89ms)
✔ [1683/4169] Built Lean.Data.Lsp.Basic (2.2s)
✔ [1684/4169] Built Std.Data.Iterators.Lemmas.Combinators.TakeWhile:c.o (158ms)
✔ [1685/4169] Built Lake.Util.Version (2.3s)
✔ [1686/4169] Built Std.Data.Iterators.Lemmas.Combinators (234ms)
✔ [1687/4169] Built Std.Data.Iterators.Lemmas.Combinators:c.o (61ms)
✔ [1688/4169] Built Lake.Build.ModuleArtifacts:c.o (475ms)
✔ [1689/4169] Built Lean.Data.Lsp.Client (390ms)
✔ [1690/4169] Built Lean.Compiler.NameMangling:c.o (554ms)
✔ [1691/4169] Built Std.Data.Iterators.Lemmas (228ms)
✔ [1692/4169] Built Lake.Build.Key:c.o (985ms)
✔ [1693/4169] Built Lake.Config.Pattern:c.o (1.0s)
✔ [1694/4169] Built Std.Data.Iterators.Lemmas:c.o (83ms)
✔ [1695/4169] Built Lean.Setup:c.o (2.9s)
✔ [1696/4169] Built Lean.Data.Lsp.Workspace (564ms)
✔ [1697/4169] Built Std.Data.Iterators (233ms)
✔ [1698/4169] Built Std.Time.Zoned.ZonedDateTime:c.o (5.2s)
✔ [1699/4169] Built Lean.Data.Lsp.Client:c.o (245ms)
✔ [1700/4169] Built Std.Data.Iterators:c.o (61ms)
✔ [1701/4169] Built Lean.Data.Lsp.TextSync (758ms)
✔ [1702/4169] Built Lake.Util.JsonObject:c.o (2.5s)
✔ [1703/4169] Built Lake.Build.Data (1.4s)
✔ [1704/4169] Built Lean.Expr (3.8s)
✔ [1705/4169] Built Lake.Config.InstallPath:c.o (1.2s)
✔ [1706/4169] Built Lake.Load.Manifest (1.0s)
✔ [1707/4169] Built Lean.Data.Lsp.Workspace:c.o (601ms)
✔ [1708/4169] Built Lean.Compiler.BorrowedAnnotation (279ms)
✔ [1709/4169] Built Lean.Compiler.BorrowedAnnotation:c.o (69ms)
✔ [1710/4169] Built Lean.ToLevel (392ms)
✔ [1711/4169] Built Lean.Util.FindMVar (453ms)
✔ [1712/4169] Built Lean.Util.ForEachExpr (396ms)
✔ [1713/4169] Built Lean.Util.SortExprs (455ms)
✔ [1714/4169] Built Lean.Util.CollectLevelMVars (382ms)
✔ [1715/4169] Built Lean.Elab.RecAppSyntax (396ms)
✔ [1716/4169] Built Lean.Util.HasConstCache (453ms)
✔ [1717/4169] Built Lean.Widget.TaggedText:c.o (4.1s)
✔ [1718/4169] Built Lean.Meta.Tactic.Grind.ExprPtr (374ms)
✔ [1719/4169] Built Lean.Meta.Tactic.Grind.ExprPtr:c.o (105ms)
✔ [1720/4169] Built Lean.Meta.Tactic.Grind.CastLike (505ms)
✔ [1721/4169] Built Lean.ToLevel:c.o (83ms)
✔ [1722/4169] Built Lean.Util.FindExpr (453ms)
✔ [1723/4169] Built Lean.Util.ReplaceExpr (553ms)
✔ [1724/4169] Built Lean.Util.CollectMVars (554ms)
✔ [1725/4169] Built Lean.Util.CollectLevelParams (571ms)
✔ [1726/4169] Built Lean.Util.FindLevelMVar (523ms)
✔ [1727/4169] Built Lean.Util.NumObjs (504ms)
✔ [1728/4169] Built Lean.Util.CollectLooseBVars (522ms)
✔ [1729/4169] Built Lean.Elab.RecAppSyntax:c.o (124ms)
✔ [1730/4169] Built Lean.Util.NumApps (535ms)
✔ [1731/4169] Built Std.Sync.Channel:c.o (3.9s)
✔ [1732/4169] Built Lean.Util.FindExpr:c.o (149ms)
✔ [1733/4169] Built Lean.Util.ForEachExprWhere (589ms)
✔ [1734/4169] Built Lean.Util.FindMVar:c.o (147ms)
✔ [1735/4169] Built Lean.HeadIndex (602ms)
✔ [1736/4169] Built Lean.Meta.Tactic.Grind.CastLike:c.o (103ms)
✔ [1737/4169] Built Lean.Util.ReplaceExpr:c.o (153ms)
✔ [1738/4169] Built Lean.Data.Lsp.TextSync:c.o (869ms)
✔ [1739/4169] Built Lean.Util.FindLevelMVar:c.o (176ms)
✔ [1740/4169] Built Lean.Util.ReplaceLevel (681ms)
✔ [1741/4169] Built Lean.Util.ForEachExpr:c.o (313ms)
✔ [1742/4169] Built Lean.Util.CollectMVars:c.o (257ms)
✔ [1743/4169] Built Lean.Util.NumObjs:c.o (295ms)
✔ [1744/4169] Built Lean.Util.CollectLevelMVars:c.o (468ms)
✔ [1745/4169] Built Lean.Util.HasConstCache:c.o (394ms)
✔ [1746/4169] Built Lean.ToExpr (542ms)
✔ [1747/4169] Built Lean.Util.InstantiateLevelParams (396ms)
✔ [1748/4169] Built Lean.Util.SortExprs:c.o (417ms)
✔ [1749/4169] Built Lean.HeadIndex:c.o (331ms)
✔ [1750/4169] Built Lean.Meta.Match.MVarRenaming (364ms)
✔ [1751/4169] Built Lean.Util.CollectLevelParams:c.o (456ms)
✔ [1752/4169] Built Lean.Util.ForEachExprWhere:c.o (429ms)
✔ [1753/4169] Built Lean.Util.ReplaceLevel:c.o (347ms)
✔ [1754/4169] Built Lean.Util.CollectLooseBVars:c.o (537ms)
✔ [1755/4169] Built Lean.Meta.Match.MVarRenaming:c.o (129ms)
✔ [1756/4169] Built Lean.Util.NumApps:c.o (478ms)
✔ [1757/4169] Built Lean.Meta.Tactic.Grind.AlphaShareCommon (687ms)
✔ [1758/4169] Built Lean.Declaration (1.3s)
✔ [1759/4169] Built Lean.Meta.Tactic.Grind.AC.ToExpr (287ms)
✔ [1760/4169] Built Lean.Util.InstantiateLevelParams:c.o (348ms)
✔ [1761/4169] Built Lean.Data.Lsp.Extra (1.5s)
✔ [1762/4169] Built Lean.Meta.Tactic.Grind.Arith.CommRing.ToExpr (375ms)
✔ [1763/4169] Built Lean.Meta.Tactic.Grind.Arith.Linear.ToExpr (364ms)
✔ [1764/4169] Built Lean.Meta.Tactic.Grind.AC.ToExpr:c.o (102ms)
✔ [1765/4169] Built Std.Time.Format.Basic (6.2s)
✔ [1766/4169] Built Lean.Meta.DiscrTreeTypes (528ms)
✔ [1767/4169] Built Lean.Meta.Tactic.Grind.Arith.Linear.ToExpr:c.o (162ms)
✔ [1768/4169] Built Lake.Build.Data:c.o (1.5s)
✔ [1769/4169] Built Lean.ToExpr:c.o (602ms)
✔ [1770/4169] Built Lean.Data.Position (553ms)
✔ [1771/4169] Built Lean.Meta.Tactic.Grind.Arith.CommRing.ToExpr:c.o (209ms)
✔ [1772/4169] Built Lean.Data.JsonRpc:c.o (5.3s)
✔ [1773/4169] Built Lean.LocalContext (1.6s)
✔ [1774/4169] Built Lean.Util.FoldConsts (393ms)
✔ [1775/4169] Built Lean.Util.Sorry (333ms)
✔ [1776/4169] Built Std.Time.Zoned.DateTime:c.o (8.1s)
✔ [1777/4169] Built Lean.Data.Xml.Parser:c.o (9.9s)
✔ [1778/4169] Built Lean.Meta.DiscrTreeTypes:c.o (277ms)
✔ [1779/4169] Built Lean.Data.Position:c.o (479ms)
✔ [1780/4169] Built Lean.Util.Sorry:c.o (293ms)
✔ [1781/4169] Built Lean.Meta.Tactic.FVarSubst (358ms)
✔ [1782/4169] Built Lean.Util.CollectFVars (373ms)
✔ [1783/4169] Built Lean.Meta.Tactic.Grind.AlphaShareCommon:c.o (905ms)
✔ [1784/4169] Built Lean.Data.DeclarationRange (537ms)
✔ [1785/4169] Built Lean.Util.FoldConsts:c.o (447ms)
✔ [1786/4169] Built Lean.Meta.Tactic.FVarSubst:c.o (251ms)
✔ [1787/4169] Built Lean.Util.CollectFVars:c.o (257ms)
✔ [1788/4169] Built Lean.Util.FVarSubset (282ms)
✔ [1789/4169] Built Lean.Data.DeclarationRange:c.o (304ms)
✔ [1790/4169] Built Lean.Declaration:c.o (1.0s)
✔ [1791/4169] Built Lean.Util.FVarSubset:c.o (99ms)
✔ [1792/4169] Built Lean.Data.Lsp.Basic:c.o (3.5s)
✔ [1793/4169] Built Lake.Load.Manifest:c.o (2.4s)
✔ [1794/4169] Built Lake.Util.Version:c.o (3.6s)
✔ [1795/4169] Built Std.Time.Notation.Spec (1.6s)
✔ [1796/4169] Built Lean.Data.Lsp.Extra:c.o (2.2s)
✔ [1797/4169] Built Lean.Data.Lsp.Internal (1.8s)
✔ [1798/4169] Built Std.Time.Format (1.0s)
✔ [1799/4169] Built Lean.Expr:c.o (4.3s)
✔ [1800/4169] Built Std.Data.DTreeMap.Internal.Lemmas (32s)
✔ [1801/4169] Built Lean.MetavarContext (2.9s)
✔ [1802/4169] Built Std.Data.DTreeMap.Raw.DecidableEquiv (280ms)
✔ [1803/4169] Built Std.Data.DTreeMap.Raw.DecidableEquiv:c.o (62ms)
✔ [1804/4169] Built Std.Data.DTreeMap.Raw.WF (495ms)
✔ [1805/4169] Built Lean.Util.OccursCheck (435ms)
✔ [1806/4169] Built Std.Data.DTreeMap.Raw.WF:c.o (62ms)
✔ [1807/4169] Built Std.Data.TreeMap.Raw.WF (345ms)
✔ [1808/4169] Built Std.Data.TreeMap.Raw.WF:c.o (66ms)
✔ [1809/4169] Built Lean.Data.Lsp.LanguageFeatures (5.3s)
✔ [1810/4169] Built Lean.Util.OccursCheck:c.o (525ms)
✔ [1811/4169] Built Std.Data.DHashMap.Lemmas (11s)
✔ [1812/4169] Built Std.Data.TreeSet.Raw.WF (263ms)
✔ [1813/4169] Built Std.Time.Format:c.o (1.6s)
✔ [1814/4169] Built Std.Data.DHashMap.Lemmas:c.o (81ms)
✔ [1815/4169] Built Std.Data.TreeSet.Raw.WF:c.o (72ms)
✔ [1816/4169] Built Std.Time.Notation (1.0s)
✔ [1817/4169] Built Lean.LocalContext:c.o (4.5s)
✔ [1818/4169] Built Std.Time.Notation.Spec:c.o (3.2s)
✔ [1819/4169] Built Std.Time (250ms)
✔ [1820/4169] Built Std.Time:c.o (82ms)
✔ [1821/4169] Built Lean.Environment (4.7s)
✔ [1822/4169] Built Std.Internal.Async.DNS (378ms)
✔ [1823/4169] Built Lean.Compiler.Old (377ms)
✔ [1824/4169] Built Lean.Compiler.ModPkgExt (361ms)
✔ [1825/4169] Built Lake.DSL.Extensions (294ms)
✔ [1826/4169] Built Lake.DSL.Extensions:c.o (104ms)
✔ [1827/4169] Built Std.Internal.Async.Timer (483ms)
✔ [1828/4169] Built Std.Internal.Async.TCP (577ms)
✔ [1829/4169] Built Std.Internal.Async.UDP (508ms)
✔ [1830/4169] Built Lean.Compiler.ClosedTermCache (398ms)
✔ [1831/4169] Built Std.Data.ExtDHashMap.Basic (1.2s)
✔ [1832/4169] Built Std.Internal.Async.DNS:c.o (208ms)
✔ [1833/4169] Built Std.Internal.Async.Signal (637ms)
✔ [1834/4169] Built Lean.EnvExtension (567ms)
✔ [1835/4169] Built Lean.Compiler.Old:c.o (198ms)
✔ [1836/4169] Built Lean.Compiler.ModPkgExt:c.o (203ms)
✔ [1837/4169] Built Lean.Util.Recognizers (737ms)
✔ [1838/4169] Built Lean.Modifiers (328ms)
✔ [1839/4169] Built Lean.Compiler.ClosedTermCache:c.o (441ms)
✔ [1840/4169] Built Lean.Compiler.NoncomputableAttr (314ms)
✔ [1841/4169] Built Std.Internal.Async.Timer:c.o (517ms)
✔ [1842/4169] Built Lean.AuxRecursor (378ms)
✔ [1843/4169] Built Lean.Modifiers:c.o (86ms)
✔ [1844/4169] Built Lean.Compiler.MetaAttr (437ms)
✔ [1845/4169] Built Lean.ProjFns (405ms)
✔ [1846/4169] Built Lean.Compiler.NoncomputableAttr:c.o (80ms)
✔ [1847/4169] Built Std.Internal.Async.UDP:c.o (613ms)
✔ [1848/4169] Built Lean.Elab.InfoTree.Types (1.0s)
✔ [1849/4169] Built Lean.Namespace (444ms)
✔ [1850/4169] Built Std.Data.ExtHashMap.Basic (636ms)
✔ [1851/4169] Built Lean.AuxRecursor:c.o (247ms)
✔ [1852/4169] Built Lean.Server.Completion.CompletionItemCompression (2.2s)
✔ [1853/4169] Built Lean.EnvExtension:c.o (700ms)
✔ [1854/4169] Built Lean.ProjFns:c.o (259ms)
✔ [1855/4169] Built Std.Internal.Async.TCP:c.o (876ms)
✔ [1856/4169] Built Std.Internal.Async.Signal:c.o (775ms)
✔ [1857/4169] Built Lean.Elab.InfoTree.Types:c.o (356ms)
✔ [1858/4169] Built Lean.Compiler.MetaAttr:c.o (354ms)
✔ [1859/4169] Built Lean.Util.PPExt (518ms)
✔ [1860/4169] Built Std.Data.ExtDHashMap.Basic:c.o (1.1s)
✔ [1861/4169] Built Std.Data.ExtHashSet.Basic (497ms)
✔ [1862/4169] Built Lean.Namespace:c.o (602ms)
✔ [1863/4169] Built Lean.Server.Completion.CompletionItemCompression:c.o (670ms)
✔ [1864/4169] Built Std.Data.DTreeMap.Internal.Lemmas:c.o (3.8s)
✔ [1865/4169] Built Std.Data.ExtHashMap.Basic:c.o (856ms)
✔ [1866/4169] Built Std.Data.ExtHashSet.Basic:c.o (427ms)
✔ [1867/4169] Built Lean.Util.PPExt:c.o (506ms)
✔ [1868/4169] Built Lean.Util.Recognizers:c.o (1.5s)
✔ [1869/4169] Built Std.Data.DHashMap.RawLemmas (15s)
✔ [1870/4169] Built Std.Data.DTreeMap.Internal.Zipper (5.1s)
✔ [1871/4169] Built Lean.Data.Lsp.Internal:c.o (5.7s)
✔ [1872/4169] Built Std.Data.DHashMap.RawLemmas:c.o (523ms)
✔ [1873/4169] Built Std.Data.DHashMap.IteratorLemmas (636ms)
✔ [1874/4169] Built Lean.Message (1.9s)
✔ [1875/4169] Built Std.Data.DHashMap.IteratorLemmas:c.o (67ms)
✔ [1876/4169] Built Std.Data.DTreeMap.Raw.Iterator (332ms)
✔ [1877/4169] Built Std.Data.DTreeMap.Raw.Iterator:c.o (97ms)
✔ [1878/4169] Built Std.Data.DTreeMap.Raw.Slice (475ms)
✔ [1879/4169] Built Std.Data.DHashMap (239ms)
✔ [1880/4169] Built Std.Data.DHashMap:c.o (65ms)
✔ [1881/4169] Built Std.Data.DTreeMap.Iterator (327ms)
✔ [1882/4169] Built Std.Data.DTreeMap.Raw.Slice:c.o (147ms)
✔ [1883/4169] Built Std.Data.TreeMap.Raw.Iterator (339ms)
✔ [1884/4169] Built Std.Time.Notation:c.o (4.2s)
✔ [1885/4169] Built Lean.Elab.ErrorUtils (386ms)
✔ [1886/4169] Built Std.Data.DTreeMap.Iterator:c.o (86ms)
✔ [1887/4169] Built Std.Data.TreeMap.Raw.Iterator:c.o (88ms)
✔ [1888/4169] Built Lean.Elab.ErrorUtils:c.o (191ms)
✔ [1889/4169] Built Std.Data.DTreeMap.Slice (523ms)
✔ [1890/4169] Built Std.Data.TreeMap.Iterator (326ms)
✔ [1891/4169] Built Std.Data.TreeMap.Iterator:c.o (88ms)
✔ [1892/4169] Built Std.Data.TreeMap.Raw.Slice (573ms)
✔ [1893/4169] Built Std.Data.DTreeMap.Internal.Zipper:c.o (1.2s)
✔ [1894/4169] Built Std.Data.DTreeMap.Slice:c.o (142ms)
✔ [1895/4169] Built Std.Data.TreeMap.Raw.Slice:c.o (141ms)
✔ [1896/4169] Built Std.Data.TreeMap.Slice (530ms)
✔ [1897/4169] Built Std.Data.TreeSet.Raw.Slice (480ms)
✔ [1898/4169] Built Std.Data.TreeSet.Raw.Slice:c.o (139ms)
✔ [1899/4169] Built Lake.Util.Log (1.5s)
✔ [1900/4169] Built Std.Data.TreeMap.Slice:c.o (178ms)
✔ [1901/4169] Built Lean.ErrorExplanation (1.6s)
✔ [1902/4169] Built Std.Data.TreeSet.Slice (534ms)
✔ [1903/4169] Built Lean.ErrorExplanations.InductiveParamMismatch (350ms)
✔ [1904/4169] Built Lean.ErrorExplanations.InferDefTypeFailed (363ms)
✔ [1905/4169] Built Lean.ErrorExplanations.InvalidDottedIdent (336ms)
✔ [1906/4169] Built Lean.ErrorExplanations.PropRecLargeElim (299ms)
✔ [1907/4169] Built Lean.ErrorExplanations.UnknownIdentifier (299ms)
✔ [1908/4169] Built Lean.ErrorExplanations.UnknownIdentifier:c.o (62ms)
✔ [1909/4169] Built Lake.Util.Proc (551ms)
✔ [1910/4169] Built Lake.Util.MainM (506ms)
✔ [1911/4169] Built Std.Data.TreeSet.Slice:c.o (152ms)
✔ [1912/4169] Built Lean.ErrorExplanations.DependsOnNoncomputable (410ms)
✔ [1913/4169] Built Lean.ErrorExplanations.InductionWithNoAlts (433ms)
✔ [1914/4169] Built Lean.ErrorExplanations.InductiveParamMismatch:c.o (79ms)
✔ [1915/4169] Built Lean.ErrorExplanations.InductiveParamMissing (454ms)
✔ [1916/4169] Built Lean.ErrorExplanations.InferBinderTypeFailed (433ms)
✔ [1917/4169] Built Lean.ErrorExplanations.InferDefTypeFailed:c.o (67ms)
✔ [1918/4169] Built Lean.ErrorExplanations.InvalidDottedIdent:c.o (72ms)
✔ [1919/4169] Built Lean.ErrorExplanations.InvalidField (387ms)
✔ [1920/4169] Built Lean.ErrorExplanations.ProjNonPropFromProp (411ms)
✔ [1921/4169] Built Lean.ErrorExplanations.PropRecLargeElim:c.o (78ms)
✔ [1922/4169] Built Lean.ErrorExplanations.RedundantMatchAlt (388ms)
✔ [1923/4169] Built Lean.ErrorExplanations.RedundantMatchAlt:c.o (64ms)
✔ [1924/4169] Built Lean.ErrorExplanations.SynthInstanceFailed (430ms)
✔ [1925/4169] Built Lake.Build.Job.Basic (598ms)
✔ [1926/4169] Built Lean.ErrorExplanations.CtorResultingTypeMismatch (455ms)
✔ [1927/4169] Built Lean.ErrorExplanations.DependsOnNoncomputable:c.o (80ms)
✔ [1928/4169] Built Lean.ErrorExplanations.InferBinderTypeFailed:c.o (82ms)
✔ [1929/4169] Built Lean.ErrorExplanations.InvalidField:c.o (67ms)
✔ [1930/4169] Built Lean.ErrorExplanations.ProjNonPropFromProp:c.o (76ms)
✔ [1931/4169] Built Lean.ErrorExplanations.SynthInstanceFailed:c.o (70ms)
✔ [1932/4169] Built Lean.ErrorExplanations.CtorResultingTypeMismatch:c.o (84ms)
✔ [1933/4169] Built Lean.ErrorExplanations.InductionWithNoAlts:c.o (101ms)
✔ [1934/4169] Built Lean.ErrorExplanations.InductiveParamMissing:c.o (81ms)
✔ [1935/4169] Built Lean.ErrorExplanations (289ms)
✔ [1936/4169] Built Lean.ErrorExplanations:c.o (79ms)
✔ [1937/4169] Built Lake.Util.Proc:c.o (462ms)
✔ [1938/4169] Built Lake.Config.ExternLibConfig (381ms)
✔ [1939/4169] Built Lake.Util.MainM:c.o (468ms)
✔ [1940/4169] Built Lake.Config.ExternLibConfig:c.o (82ms)
✔ [1941/4169] Built Lake.Build.Job.Basic:c.o (623ms)
✔ [1942/4169] Built Lean.MetavarContext:c.o (7.0s)
✔ [1943/4169] Built Lake.Build.Store (650ms)
✔ [1944/4169] Built Lean.Log (471ms)
✔ [1945/4169] Built Lake.Util.Url (825ms)
✔ [1946/4169] Built Lake.Util.Git (773ms)
✔ [1947/4169] Built Lake.Build.Store:c.o (219ms)
✔ [1948/4169] Built Lean.Message:c.o (3.0s)
✔ [1949/4169] Built Lake.Build.Actions (1.0s)
✔ [1950/4169] Built Std.Data.HashMap.Lemmas (7.3s)
✔ [1951/4169] Built Std.Data.HashMap.Lemmas:c.o (82ms)
✔ [1952/4169] Built Lean.Exception (841ms)
✔ [1953/4169] Built Lean.Log:c.o (364ms)
✔ [1954/4169] Built Lake.Util.Url:c.o (468ms)
✔ [1955/4169] Built Lake.Util.Git:c.o (750ms)
✔ [1956/4169] Built Lean.Elab.Exception (365ms)
✔ [1957/4169] Built Lean.Elab.Exception:c.o (178ms)
✔ [1958/4169] Built Lake.Build.Facets (1.7s)
✔ [1959/4169] Built Lean.Exception:c.o (687ms)
✔ [1960/4169] Built Lake.Build.Facets:c.o (170ms)
✔ [1961/4169] Built Lake.Build.Actions:c.o (990ms)
✔ [1962/4169] Built Lake.Util.Log:c.o (2.7s)
✔ [1963/4169] Built Lean.MonadEnv (761ms)
✔ [1964/4169] Built Lake.Config.Cache (1.4s)
✔ [1965/4169] Built Lean.ResolveName (1.3s)
✔ [1966/4169] Built Lean.Structure (1.3s)
✔ [1967/4169] Built Lean.Util.Trace (1.1s)
✔ [1968/4169] Built Lean.DeclarationRange (408ms)
✔ [1969/4169] Built Lean.Util.CollectAxioms (440ms)
✔ [1970/4169] Built Lean.Linter.Basic (469ms)
✔ [1971/4169] Built Lean.DeclarationRange:c.o (220ms)
✔ [1972/4169] Built Lean.Compiler.Options (314ms)
✔ [1973/4169] Built Lean.ErrorExplanation:c.o (3.5s)
✔ [1974/4169] Built Lean.Data.Lsp.Utf16 (386ms)
✔ [1975/4169] Built Lean.Util.CollectAxioms:c.o (314ms)
✔ [1976/4169] Built Lean.Compiler.Options:c.o (123ms)
✔ [1977/4169] Built Lean.Linter.Basic:c.o (426ms)
✔ [1978/4169] Built Lake.Config.Env (837ms)
✔ [1979/4169] Built Lean.Data.Lsp.Utf16:c.o (325ms)
✔ [1980/4169] Built Lean.MonadEnv:c.o (1.2s)
✔ [1981/4169] Built Lean.Data.Lsp.LanguageFeatures:c.o (10s)
✔ [1982/4169] Built Std.Data.HashSet.Lemmas (2.6s)
✔ [1983/4169] Built Lake.Load.Config (455ms)
✔ [1984/4169] Built Std.Data.HashSet.Lemmas:c.o (70ms)
✔ [1985/4169] Built Lake.Load.Config:c.o (67ms)
✔ [1986/4169] Built Lean.Data.Lsp.Diagnostics (962ms)
✔ [1987/4169] Built Lake.Reservoir (993ms)
✔ [1988/4169] Built Lean.DocString.Extension (1.6s)
✔ [1989/4169] Built Lean.Util.Trace:c.o (1.9s)
✔ [1990/4169] Built Lake.Config.Env:c.o (1.6s)
✔ [1991/4169] Built Lean.Structure:c.o (2.4s)
✔ [1992/4169] Built Std.Data.ExtDHashMap.Lemmas (10s)
✔ [1993/4169] Built Std.Data.ExtDHashMap.Lemmas:c.o (64ms)
✔ [1994/4169] Built Lean.Data.Lsp.CodeActions (1.0s)
✔ [1995/4169] Built Lake.Config.Cache:c.o (2.7s)
✔ [1996/4169] Built Std.Data.ExtDHashMap (216ms)
✔ [1997/4169] Built Lean.ResolveName:c.o (2.7s)
✔ [1998/4169] Built Lean.Util.Profiler (2.5s)
✔ [1999/4169] Built Std.Data.ExtDHashMap:c.o (65ms)
✔ [2000/4169] Built Std.Data.DTreeMap.Lemmas (12s)
✔ [2001/4169] Built Std.Data.DTreeMap.Lemmas:c.o (100ms)
✔ [2002/4169] Built Lean.Parser.Types (1.1s)
✔ [2003/4169] Built Lake.Reservoir:c.o (1.3s)
✔ [2004/4169] Built Std.Data.TreeSet.Iterator (330ms)
✔ [2005/4169] Built Lean.Data.Lsp.Ipc (1.6s)
✔ [2006/4169] Built Std.Data.TreeSet.Iterator:c.o (73ms)
✔ [2007/4169] Built Std.Data.HashMap.RawLemmas (8.5s)
✔ [2008/4169] Built Std.Data.HashMap.RawLemmas:c.o (68ms)
✔ [2009/4169] Built Lean.Data.Lsp.Diagnostics:c.o (2.2s)
✔ [2010/4169] Built Lean.Data.Lsp.Capabilities (1.3s)
✔ [2011/4169] Built Std.Data.HashMap.IteratorLemmas (588ms)
✔ [2012/4169] Built Std.Data.HashMap.IteratorLemmas:c.o (83ms)
✔ [2013/4169] Built Lean.Language.Basic (1.0s)
✔ [2014/4169] Built Std.Data.HashMap (226ms)
✔ [2015/4169] Built Std.Data.HashMap:c.o (69ms)
✔ [2016/4169] Built Lean.Environment:c.o (12s)
✔ [2017/4169] Built Std.Data.DTreeMap.Raw.Lemmas (14s)
✔ [2018/4169] Built Std.Data.DTreeMap.Raw.Lemmas:c.o (80ms)
✔ [2019/4169] Built Lean.Data.Lsp.InitShutdown (761ms)
✔ [2020/4169] Built Std.Data.DTreeMap.Raw (274ms)
✔ [2021/4169] Built Std.Data.DTreeMap.Raw:c.o (71ms)
✔ [2022/4169] Built Lean.Data.Lsp.CodeActions:c.o (2.1s)
✔ [2023/4169] Built Std.Data.ExtDTreeMap.Basic (1.9s)
✔ [2024/4169] Built Std.Data.TreeSet.Raw.Iterator (377ms)
✔ [2025/4169] Built Lean.Parser.Types:c.o (1.8s)
✔ [2026/4169] Built Std.Data.TreeSet.Raw.Iterator:c.o (77ms)
✔ [2027/4169] Built Std.Internal.Async.Process (687ms)
✔ [2028/4169] Built Lean.Data.Lsp (307ms)
✔ [2029/4169] Built Lean.Elab.Tactic.BVDecide.LRAT.Trim (755ms)
✔ [2030/4169] Built Std.Data.DTreeMap.DecidableEquiv (321ms)
✔ [2031/4169] Built Lean.Data.Lsp:c.o (76ms)
✔ [2032/4169] Built Lean.Language.Basic:c.o (1000ms)
✔ [2033/4169] Built Std.Data.DTreeMap.DecidableEquiv:c.o (69ms)
✔ [2034/4169] Built Std.Internal.Async.Process:c.o (376ms)
✔ [2035/4169] Built Lean.Elab.Tactic.BVDecide.LRAT (264ms)
✔ [2036/4169] Built Std.Data.DTreeMap (283ms)
✔ [2037/4169] Built Std.Data.DTreeMap:c.o (73ms)
✔ [2038/4169] Built Std.Data.TreeMap.DecidableEquiv (305ms)
✔ [2039/4169] Built Std.Data.TreeMap.Raw.DecidableEquiv (270ms)
✔ [2040/4169] Built Std.Data.TreeMap.Raw.DecidableEquiv:c.o (84ms)
✔ [2041/4169] Built Std.Internal.Async.System (1.1s)
✔ [2042/4169] Built Lean.Parser.Basic (2.4s)
✔ [2043/4169] Built Lean.Elab.Tactic.BVDecide.LRAT:c.o (68ms)
✔ [2044/4169] Built Lean.Server.Logging (715ms)
✔ [2045/4169] Built Std.Data.TreeMap.DecidableEquiv:c.o (92ms)
✔ [2046/4169] Built Lean.Server.FileSource (466ms)
✔ [2047/4169] Built Std.Data.TreeSet.DecidableEquiv (321ms)
✔ [2048/4169] Built Std.Data.TreeSet.Raw.DecidableEquiv (336ms)
✔ [2049/4169] Built Std.Data.TreeSet.DecidableEquiv:c.o (74ms)
✔ [2050/4169] Built Std.Data.TreeSet.Raw.DecidableEquiv:c.o (70ms)
✔ [2051/4169] Built Std.Internal.Async (373ms)
✔ [2052/4169] Built Std.Internal.Async:c.o (78ms)
✔ [2053/4169] Built Lean.Data.Lsp.InitShutdown:c.o (1.1s)
✔ [2054/4169] Built Lean.Server.FileSource:c.o (273ms)
✔ [2055/4169] Built Std.Data.ExtTreeMap.Basic (999ms)
✔ [2056/4169] Built Lean.Parser.StrInterpolation (476ms)
✔ [2057/4169] Built Lake.Util.Message (462ms)
✔ [2058/4169] Built Std.Internal (279ms)
✔ [2059/4169] Built Lean.Data.Lsp.Capabilities:c.o (2.1s)
✔ [2060/4169] Built Lean.Elab.Tactic.BVDecide.LRAT.Trim:c.o (998ms)
✔ [2061/4169] Built Std.Data.HashSet.RawLemmas (2.6s)
✔ [2062/4169] Built Std.Data.HashSet.RawLemmas:c.o (65ms)
✔ [2063/4169] Built Std.Internal:c.o (65ms)
✔ [2064/4169] Built Lean.Parser.StrInterpolation:c.o (154ms)
✔ [2065/4169] Built Lake.Util.Message:c.o (170ms)
✔ [2066/4169] Built Std.Tactic.BVDecide.LRAT.Internal.Clause (2.0s)
✔ [2067/4169] Built Std.Data.HashSet.IteratorLemmas (378ms)
✔ [2068/4169] Built Lean.Server.Logging:c.o (989ms)
✔ [2069/4169] Built Std.Data.HashSet.IteratorLemmas:c.o (72ms)
✔ [2070/4169] Built Std.Data.ExtDTreeMap.Basic:c.o (1.6s)
✔ [2071/4169] Built Std.Data.ExtTreeSet.Basic (656ms)
✔ [2072/4169] Built Std.Internal.Async.System:c.o (1.1s)
✔ [2073/4169] Built Lean.CoreM (2.5s)
✔ [2074/4169] Built Std.Data.HashSet (258ms)
✔ [2075/4169] Built Std.Tactic.BVDecide.LRAT.Internal.Formula.Class (408ms)
✔ [2076/4169] Built Std.Tactic.BVDecide.LRAT.Internal.Actions (447ms)
✔ [2077/4169] Built Std.Data.HashSet:c.o (85ms)
✔ [2078/4169] Built Std.Tactic.BVDecide.LRAT.Internal.Formula.Class:c.o (68ms)
✔ [2079/4169] Built Std.Tactic.BVDecide.LRAT.Internal.Clause:c.o (621ms)
✔ [2080/4169] Built Lean.Util.SafeExponentiation (438ms)
✔ [2081/4169] Built Std.Data.ExtTreeMap.Basic:c.o (1.2s)
✔ [2082/4169] Built Lean.Util.Heartbeats (476ms)
✔ [2083/4169] Built Lean.Meta.Tactic.Grind.VarRename (417ms)
✔ [2084/4169] Built Std.Tactic.BVDecide.LRAT.Internal.LRATChecker (492ms)
✔ [2085/4169] Built Std.Tactic.BVDecide.LRAT.Internal.Actions:c.o (447ms)
✔ [2086/4169] Built Lean.ReservedNameAction (603ms)
✔ [2087/4169] Built Std.Tactic.BVDecide.LRAT.Internal.CNF (602ms)
✔ [2088/4169] Built Lean.DocString.Extension:c.o (5.4s)
✔ [2089/4169] Built Lean.Elab.Tactic.BVDecide.External (739ms)
✔ [2090/4169] Built Std.Tactic.BVDecide.LRAT.Internal.CNF:c.o (68ms)
✔ [2091/4169] Built Std.Tactic.BVDecide.LRAT.Internal.LRATChecker:c.o (215ms)
✔ [2092/4169] Built Lean.Util.SafeExponentiation:c.o (390ms)
✔ [2093/4169] Built Lean.ExtraModUses (828ms)
✔ [2094/4169] Built Lean.Meta.Tactic.Grind.Arith.Cutsat.VarRename (329ms)
✔ [2095/4169] Built Lean.Meta.Tactic.Grind.Arith.Linear.VarRename (305ms)
✔ [2096/4169] Built Lean.Meta.Tactic.Grind.AC.VarRename (293ms)
✔ [2097/4169] Built Std.Tactic.BVDecide.LRAT.Internal.Formula.Implementation (833ms)
✔ [2098/4169] Built Lean.Util.Heartbeats:c.o (404ms)
✔ [2099/4169] Built Lean.Meta.Tactic.Grind.VarRename:c.o (442ms)
✔ [2100/4169] Built Lean.Meta.Tactic.Grind.Arith.CommRing.VarRename (362ms)
✔ [2101/4169] Built Lean.Meta.Tactic.Grind.Arith.Cutsat.VarRename:c.o (202ms)
✔ [2102/4169] Built Lean.Meta.Tactic.Grind.Arith.Linear.VarRename:c.o (200ms)
✔ [2103/4169] Built Lean.Meta.Tactic.Grind.AC.VarRename:c.o (214ms)
✔ [2104/4169] Built Lean.Meta.Tactic.Grind.Arith.CommRing.VarRename:c.o (244ms)
✔ [2105/4169] Built Std.Data.ExtTreeSet.Basic:c.o (1.3s)
✔ [2106/4169] Built Lean.Data.Lsp.Ipc:c.o (4.6s)
✔ [2107/4169] Built Std.Tactic.BVDecide.LRAT.Internal.LRATCheckerSound (1.0s)
✔ [2108/4169] Built Std.Tactic.BVDecide.LRAT.Internal.LRATCheckerSound:c.o (143ms)
✔ [2109/4169] Built Lean.ExtraModUses:c.o (1.1s)
✔ [2110/4169] Built Lean.Attributes (1.0s)
✔ [2111/4169] Built Lean.Elab.Tactic.BVDecide.External:c.o (1.4s)
✔ [2112/4169] Built Lean.ReservedNameAction:c.o (1.6s)
✔ [2113/4169] Built Lean.Compiler.NeverExtractAttr (388ms)
✔ [2114/4169] Built Lean.PrettyPrinter.Delaborator.Attributes (373ms)
✔ [2115/4169] Built Lean.Meta.Match.MatchPatternAttr (453ms)
✔ [2116/4169] Built Lean.Compiler.ExportAttr (433ms)
✔ [2117/4169] Built Lean.PrettyPrinter.Delaborator.Attributes:c.o (121ms)
✔ [2118/4169] Built Std.Data.ExtHashMap.Lemmas (6.6s)
✔ [2119/4169] Built Lean.Compiler.NeverExtractAttr:c.o (113ms)
✔ [2120/4169] Built Lake.Util.OrderedTagAttribute (529ms)
✔ [2121/4169] Built Std.Data.ExtHashMap.Lemmas:c.o (91ms)
✔ [2122/4169] Built Std.Tactic.BVDecide.LRAT.Internal.Formula.Implementation:c.o (1.7s)
✔ [2123/4169] Built Lean.Class (659ms)
✔ [2124/4169] Built Lean.Compiler.InlineAttrs (628ms)
✔ [2125/4169] Built Lean.Compiler.ExternAttr (760ms)
✔ [2126/4169] Built Lean.Compiler.ExportAttr:c.o (310ms)
✔ [2127/4169] Built Std.Data.ExtHashMap (231ms)
✔ [2128/4169] Built Std.Data.ExtHashMap:c.o (63ms)
✔ [2129/4169] Built Lean.ScopedEnvExtension (939ms)
✔ [2130/4169] Built Lean.Meta.Match.MatchPatternAttr:c.o (486ms)
✔ [2131/4169] Built Lake.Util.OrderedTagAttribute:c.o (495ms)
✔ [2132/4169] Built Lake.DSL.AttributesCore (476ms)
✔ [2133/4169] Built Lean.Compiler.ExternAttr:c.o (530ms)
✔ [2134/4169] Built Lean.Meta.Tactic.Grind.FunCC (440ms)
✔ [2135/4169] Built Lake.DSL.AttributesCore:c.o (395ms)
✔ [2136/4169] Built Lake.DSL.Attributes (397ms)
✔ [2137/4169] Built Lean.Compiler.InlineAttrs:c.o (785ms)
✔ [2138/4169] Built Lean.Parser.Basic:c.o (4.6s)
✔ [2139/4169] Built Std.Tactic.BVDecide.LRAT.Internal.Formula.Lemmas (2.6s)
✔ [2140/4169] Built Lean.Compiler.CSimpAttr (619ms)
✔ [2141/4169] Built Lake.DSL.Attributes:c.o (292ms)
✔ [2142/4169] Built Std.Tactic.BVDecide.LRAT.Internal.Formula.Lemmas:c.o (171ms)
✔ [2143/4169] Built Lean.Class:c.o (1.1s)
✔ [2144/4169] Built Lean.ReducibilityAttrs (794ms)
✔ [2145/4169] Built Std.Sat.AIG.Basic (3.9s)
✔ [2146/4169] Built Lean.Util.Profiler:c.o (7.9s)
✔ [2147/4169] Built Std.Data.TreeMap.Lemmas (7.9s)
✔ [2148/4169] Built Std.Tactic.BVDecide.Bitblast.BVExpr.Circuit.Lemmas.Basic (238ms)
✔ [2149/4169] Built Std.Data.TreeMap.Lemmas:c.o (79ms)
✔ [2150/4169] Built Std.Tactic.BVDecide.Bitblast.BVExpr.Circuit.Lemmas.Basic:c.o (73ms)
✔ [2151/4169] Built Std.Data.TreeMap (239ms)
✔ [2152/4169] Built Std.Data.TreeMap:c.o (63ms)
✔ [2153/4169] Built Lean.Compiler.IR.Basic (2.0s)
✔ [2154/4169] Built Std.Data.ExtHashSet.Lemmas (2.3s)
✔ [2155/4169] Built Std.Sat.AIG.LawfulOperator (893ms)
✔ [2156/4169] Built Lean.Compiler.CSimpAttr:c.o (1.3s)
✔ [2157/4169] Built Std.Data.ExtHashSet.Lemmas:c.o (70ms)
✔ [2158/4169] Built Std.Sat.AIG.LawfulOperator:c.o (81ms)
✔ [2159/4169] Built Lean.ScopedEnvExtension:c.o (2.0s)
✔ [2160/4169] Built Std.Data.ExtHashSet (230ms)
✔ [2161/4169] Built Std.Data.ExtHashSet:c.o (61ms)
✔ [2162/4169] Built Lean.Meta.Tactic.Grind.FunCC:c.o (1.7s)
✔ [2163/4169] Built Lean.ReducibilityAttrs:c.o (1.5s)
✔ [2164/4169] Built Lean.Compiler.IR.UnboxResult (434ms)
✔ [2165/4169] Built Lean.Attributes:c.o (3.4s)
✔ [2166/4169] Built Lean.Compiler.IR.FreeVars (708ms)
✔ [2167/4169] Built Lean.Compiler.IR.NormIds (732ms)
✔ [2168/4169] Built Lean.Compiler.IR.UnboxResult:c.o (383ms)
✔ [2169/4169] Built Std.Sat.AIG.Basic:c.o (1.8s)
✔ [2170/4169] Built Lean.Compiler.IR.Format (1.0s)
✔ [2171/4169] Built Lean.Compiler.IR.ElimDeadVars (404ms)
✔ [2172/4169] Built Lean.Compiler.IR.PushProj (425ms)
✔ [2173/4169] Built Std.Sat.AIG.Lemmas (1.1s)
✔ [2174/4169] Built Std.Sat.AIG.Lemmas:c.o (95ms)
✔ [2175/4169] Built Lean.Compiler.IR.ElimDeadVars:c.o (210ms)
✔ [2176/4169] Built Lean.Compiler.IR.PushProj:c.o (356ms)
✔ [2177/4169] Built Lean.Compiler.IR.SimpCase (511ms)
✔ [2178/4169] Built Lean.Compiler.IR.LiveVars (771ms)
✔ [2179/4169] Built Std.Sat.AIG.Cached (533ms)
✔ [2180/4169] Built Lean.Compiler.IR.SimpCase:c.o (381ms)
✔ [2181/4169] Built Lean.Compiler.IR.Format:c.o (968ms)
✔ [2182/4169] Built Lean.Compiler.IR.FreeVars:c.o (1.3s)
✔ [2183/4169] Built Std.Data.TreeMap.Raw.Lemmas (9.1s)
✔ [2184/4169] Built Std.Data.TreeSet.Lemmas (2.8s)
✔ [2185/4169] Built Std.Data.TreeMap.Raw.Lemmas:c.o (66ms)
✔ [2186/4169] Built Std.Data.TreeSet.Lemmas:c.o (64ms)
✔ [2187/4169] Built Std.Data.TreeMap.Raw (238ms)
✔ [2188/4169] Built Std.Sat.AIG.Cached:c.o (672ms)
✔ [2189/4169] Built Lean.CoreM:c.o (7.1s)
✔ [2190/4169] Built Std.Data.TreeMap.Raw:c.o (65ms)
✔ [2191/4169] Built Std.Sat.AIG.Relabel (1.3s)
✔ [2192/4169] Built Std.Data.TreeSet (257ms)
✔ [2193/4169] Built Std.Data.TreeSet:c.o (66ms)
✔ [2194/4169] Built Std.Sat.AIG.CachedLemmas (902ms)
✔ [2195/4169] Built Std.Sat.AIG.Relabel:c.o (152ms)
✔ [2196/4169] Built Lean.Compiler.IR.NormIds:c.o (1.0s)
✔ [2197/4169] Built Std.Sat.AIG.CachedLemmas:c.o (202ms)
✔ [2198/4169] Built Std.Sat.AIG.CachedGates (371ms)
✔ [2199/4169] Built Std.Sat.AIG.CachedGates:c.o (409ms)
✔ [2200/4169] Built Std.Sat.AIG.CachedGatesLemmas (657ms)
✔ [2201/4169] Built Std.Sat.AIG.CNF (2.5s)
✔ [2202/4169] Built Std.Sat.AIG.RelabelNat (1.2s)
✔ [2203/4169] Built Std.Sat.AIG.CachedGatesLemmas:c.o (60ms)
✔ [2204/4169] Built Std.Sat.AIG.RelabelNat:c.o (290ms)
✔ [2205/4169] Built Std.Sat.AIG.CNF:c.o (385ms)
✔ [2206/4169] Built Lean.Compiler.IR.LiveVars:c.o (2.8s)
✔ [2207/4169] Built Lean.Compiler.IR.Basic:c.o (4.3s)
✔ [2208/4169] Built Std.Data.ExtDTreeMap.Lemmas (11s)
✔ [2209/4169] Built Std.Data.ExtDTreeMap.Lemmas:c.o (63ms)
✔ [2210/4169] Built Std.Time.Format.Basic:c.o (29s)
✔ [2211/4169] Built Std.Data.ExtDTreeMap (224ms)
✔ [2212/4169] Built Std.Data.ExtDTreeMap:c.o (62ms)
✔ [2213/4169] Built Std.Sat.AIG.RefVec (1.5s)
✔ [2214/4169] Built Lean.Meta.Basic (6.3s)
✔ [2215/4169] Built Std.Data.TreeSet.Raw.Lemmas (3.4s)
✔ [2216/4169] Built Std.Data.TreeSet.Raw.Lemmas:c.o (75ms)
✔ [2217/4169] Built Std.Sat.AIG.RefVec:c.o (344ms)
✔ [2218/4169] Built Std.Sat.AIG.LawfulVecOperator (453ms)
✔ [2219/4169] Built Std.Tactic.BVDecide.Bitblast.BVExpr.Circuit.Impl.Operations.GetLsbD (370ms)
✔ [2220/4169] Built Lean.Elab.Config (364ms)
✔ [2221/4169] Built Std.Sat.AIG.LawfulVecOperator:c.o (168ms)
✔ [2222/4169] Built Std.Tactic.BVDecide.Bitblast.BVExpr.Circuit.Impl.Operations.GetLsbD:c.o (194ms)
✔ [2223/4169] Built Lean.Compiler.LCNF.Util (543ms)
✔ [2224/4169] Built Lean.Meta.Iterator (541ms)
✔ [2225/4169] Built Lean.Meta.Inductive (543ms)
✔ [2226/4169] Built Lean.Meta.CheckTactic (579ms)
✔ [2227/4169] Built Std.Data.TreeSet.Raw (313ms)
✔ [2228/4169] Built Lean.Elab.Config:c.o (144ms)
✔ [2229/4169] Built Lean.Meta.Tactic.Simp.Arith.Util (596ms)
✔ [2230/4169] Built Lean.Elab.InfoTree.InlayHints (599ms)
✔ [2231/4169] Built Std.Data.TreeSet.Raw:c.o (97ms)
✔ [2232/4169] Built Std.Tactic.BVDecide.Bitblast.BVExpr.Circuit.Impl.Operations.Reverse (391ms)
✔ [2233/4169] Built Std.Tactic.BVDecide.Bitblast.BVExpr.Circuit.Lemmas.Operations.GetLsbD (374ms)
✔ [2234/4169] Built Lean.Meta.GlobalInstances (706ms)
✔ [2235/4169] Built Lean.Meta.NatInstTesters (706ms)
✔ [2236/4169] Built Lean.Meta.CollectFVars (662ms)
✔ [2237/4169] Built Lean.Meta.KExprMap (681ms)
✔ [2238/4169] Built Lean.Meta.IntInstTesters (678ms)
✔ [2239/4169] Built Lean.Meta.KAbstract (745ms)
✔ [2240/4169] Built Std.Tactic.BVDecide.Bitblast.BVExpr.Circuit.Impl.Operations.Reverse:c.o (93ms)
✔ [2241/4169] Built Std.Tactic.BVDecide.Bitblast.BVExpr.Circuit.Lemmas.Operations.GetLsbD:c.o (85ms)
✔ [2242/4169] Built Lean.Meta.AbstractMVars (772ms)
✔ [2243/4169] Built Lean.Meta.Tactic.Simp.Arith.Util:c.o (188ms)
✔ [2244/4169] Built Lean.Elab.InfoTree.InlayHints:c.o (219ms)
✔ [2245/4169] Built Std.Tactic.BVDecide.Bitblast.BVExpr.Circuit.Impl.Operations.Append (544ms)
✔ [2246/4169] Built Lean.Meta.BinderNameHint (911ms)
✔ [2247/4169] Built Lean.Meta.Tactic.FunIndInfo (880ms)
✔ [2248/4169] Built Lean.Meta.CheckTactic:c.o (356ms)
✔ [2249/4169] Built Std.Tactic.BVDecide.Bitblast.BVExpr.Circuit.Impl.Operations.Append:c.o (114ms)
✔ [2250/4169] Built Lean.Compiler.Specialize (980ms)
✔ [2251/4169] Built Lean.Meta.CollectMVars (967ms)
✔ [2252/4169] Built Lean.Compiler.LCNF.Util:c.o (455ms)
✔ [2253/4169] Built Lean.Meta.CasesInfo (1.0s)
✔ [2254/4169] Built Lean.SubExpr (999ms)
✔ [2255/4169] Built Std.Tactic.BVDecide.Bitblast.BVExpr.Circuit.Impl.Operations.Replicate (692ms)
✔ [2256/4169] Built Std.Tactic.BVDecide.Bitblast.BVExpr.Circuit.Impl.Operations.Extract (794ms)
✔ [2257/4169] Built Std.Tactic.BVDecide.Bitblast.BVExpr.Circuit.Impl.Const (721ms)
✔ [2258/4169] Built Std.Tactic.BVDecide.Bitblast.BVExpr.Circuit.Lemmas.Operations.Reverse (363ms)
✔ [2259/4169] Built Lean.Meta.GlobalInstances:c.o (421ms)
✔ [2260/4169] Built Lean.Meta.Match.MatcherInfo (1.1s)
✔ [2261/4169] Built Lean.Meta.ForEachExpr (1.1s)
✔ [2262/4169] Built Lean.Meta.GeneralizeVars (1.0s)
✔ [2263/4169] Built Lean.Meta.Inductive:c.o (597ms)
✔ [2264/4169] Built Std.Tactic.BVDecide.Bitblast.BVExpr.Circuit.Impl.Var (856ms)
✔ [2265/4169] Built Std.Tactic.BVDecide.Bitblast.BVExpr.Circuit.Impl.Operations.Replicate:c.o (149ms)
✔ [2266/4169] Built Std.Tactic.BVDecide.Bitblast.BVExpr.Circuit.Impl.Operations.RotateLeft (878ms)
✔ [2267/4169] Built Std.Tactic.BVDecide.Bitblast.BVExpr.Circuit.Impl.Const:c.o (123ms)
✔ [2268/4169] Built Std.Tactic.BVDecide.Bitblast.BVExpr.Circuit.Lemmas.Operations.Reverse:c.o (83ms)
✔ [2269/4169] Built Std.Tactic.BVDecide.Bitblast.BVExpr.Circuit.Impl.Operations.RotateRight (962ms)
✔ [2270/4169] Built Std.Tactic.BVDecide.Bitblast.BVExpr.Circuit.Lemmas.Operations.Append (416ms)
✔ [2271/4169] Built Lean.Meta.GetUnfoldableConst (645ms)
✔ [2272/4169] Built Lean.Meta.NatInstTesters:c.o (598ms)
✔ [2273/4169] Built Lean.Meta.IntInstTesters:c.o (618ms)
✔ [2274/4169] Built Lean.Meta.Iterator:c.o (765ms)
✔ [2275/4169] Built Lean.Meta.Tactic.Repeat (1.3s)
✔ [2276/4169] Built Std.Tactic.BVDecide.Bitblast.BVExpr.Circuit.Impl.Operations.Extract:c.o (189ms)
✔ [2277/4169] Built Std.Tactic.BVDecide.Bitblast.BVExpr.Circuit.Impl.Operations.ZeroExtend (1.1s)
✔ [2278/4169] Built Std.Tactic.BVDecide.Bitblast.BVExpr.Circuit.Lemmas.Operations.Append:c.o (69ms)
✔ [2279/4169] Built Lean.Meta.LitValues (1.4s)
✔ [2280/4169] Built Lean.Meta.RecursorInfo (1.4s)
✔ [2281/4169] Built Lean.Meta.KExprMap:c.o (684ms)
✔ [2282/4169] Built Lean.Meta.Tactic.Simp.SimpCongrTheorems (1.4s)
✔ [2283/4169] Built Lean.Meta.KAbstract:c.o (611ms)
✔ [2284/4169] Built Std.Tactic.BVDecide.Bitblast.BVExpr.Circuit.Impl.Operations.RotateLeft:c.o (270ms)
✔ [2285/4169] Built Lean.Meta.Transform (1.5s)
✔ [2286/4169] Built Lean.Meta.CollectFVars:c.o (840ms)
✔ [2287/4169] Built Lean.Meta.ExprTraverse (519ms)
✔ [2288/4169] Built Std.Sat.AIG.RefVecOperator.Fold (1.2s)
✔ [2289/4169] Built Std.Tactic.BVDecide.Bitblast.BVExpr.Circuit.Impl.Var:c.o (456ms)
✔ [2290/4169] Built Std.Tactic.BVDecide.Bitblast.BVExpr.Circuit.Impl.Operations.RotateRight:c.o (271ms)
✔ [2291/4169] Built Std.Tactic.BVDecide.Bitblast.BVExpr.Circuit.Impl.Operations.ZeroExtend:c.o (178ms)
✔ [2292/4169] Built Std.Sat.AIG.RefVecOperator.Fold:c.o (163ms)
✔ [2293/4169] Built Lean.Meta.CompletionName (511ms)
✔ [2294/4169] Built Lean.Meta.Tactic.Repeat:c.o (376ms)
✔ [2295/4169] Built Lean.Meta.ExprLens (733ms)
✔ [2296/4169] Built Std.Tactic.BVDecide.Bitblast.BVExpr.Circuit.Lemmas.Const (767ms)
✔ [2297/4169] Built Lean.Meta.InferType (1.9s)
✔ [2298/4169] Built Lean.PrettyPrinter.Delaborator.SubExpr (812ms)
✔ [2299/4169] Built Lean.Meta.BinderNameHint:c.o (946ms)
✔ [2300/4169] Built Lean.Meta.CompletionName:c.o (134ms)
✔ [2301/4169] Built Lean.Elab.PreDefinition.Structural.Basic (690ms)
✔ [2302/4169] Built Lean.Meta.Tactic.FunIndInfo:c.o (976ms)
✔ [2303/4169] Built Lean.Meta.ExprTraverse:c.o (333ms)
✔ [2304/4169] Built Std.Sat.AIG.RefVecOperator.Map (1.5s)
✔ [2305/4169] Built Std.Tactic.BVDecide.Bitblast.BVExpr.Circuit.Lemmas.Operations.Extract (742ms)
✔ [2306/4169] Built Std.Tactic.BVDecide.Bitblast.BVExpr.Circuit.Lemmas.Const:c.o (67ms)
✔ [2307/4169] Built Std.Sat.AIG.RefVecOperator.Map:c.o (162ms)
✔ [2308/4169] Built Std.Tactic.BVDecide.Bitblast.BVExpr.Circuit.Lemmas.Var (793ms)
✔ [2309/4169] Built Std.Tactic.BVDecide.Bitblast.BVExpr.Circuit.Lemmas.Operations.Replicate (879ms)
✔ [2310/4169] Built Std.Tactic.BVDecide.Bitblast.BVExpr.Circuit.Lemmas.Operations.Replicate:c.o (61ms)
✔ [2311/4169] Built Std.Tactic.BVDecide.Bitblast.BVExpr.Circuit.Lemmas.Operations.Extract:c.o (87ms)
✔ [2312/4169] Built Lean.Compiler.Specialize:c.o (1.1s)
✔ [2313/4169] Built Lean.Meta.GetUnfoldableConst:c.o (693ms)
✔ [2314/4169] Built Lean.Meta.Offset (1.4s)
✔ [2315/4169] Built Lean.Meta.SameCtorUtils (558ms)
✔ [2316/4169] Built Lean.Meta.Match.Value (568ms)
✔ [2317/4169] Built Lean.Meta.Match.MatcherApp.Basic (789ms)
✔ [2318/4169] Built Lean.Elab.PreDefinition.WF.FloatRecApp (589ms)
✔ [2319/4169] Built Std.Sat.AIG.RefVecOperator.Zip (1.8s)
✔ [2320/4169] Built Std.Tactic.BVDecide.Bitblast.BVExpr.Circuit.Lemmas.Var:c.o (68ms)
✔ [2321/4169] Built Lean.SubExpr:c.o (1.2s)
✔ [2322/4169] Built Std.Tactic.BVDecide.Bitblast.BVExpr.Circuit.Impl.Operations.Add (1.9s)
✔ [2323/4169] Built Lean.Meta.AbstractMVars:c.o (1.4s)
✔ [2324/4169] Built Std.Sat.AIG.RefVecOperator.Zip:c.o (173ms)
✔ [2325/4169] Built Std.Sat.AIG.If (2.0s)
✔ [2326/4169] Built Std.Tactic.BVDecide.Bitblast.BVExpr.Circuit.Lemmas.Operations.RotateLeft (1.1s)
✔ [2327/4169] Built Std.Tactic.BVDecide.Bitblast.BVExpr.Circuit.Lemmas.Operations.RotateRight (980ms)
✔ [2328/4169] Built Std.Tactic.BVDecide.LRAT.Internal.Formula.RupAddResult (8.9s)
✔ [2329/4169] Built Lean.Meta.CasesInfo:c.o (1.3s)
✔ [2330/4169] Built Lean.Elab.PreDefinition.Structural.Basic:c.o (478ms)
✔ [2331/4169] Built Std.Sat.AIG.RefVecOperator (275ms)
✔ [2332/4169] Built Std.Tactic.BVDecide.Bitblast.BVExpr.Circuit.Lemmas.Operations.RotateLeft:c.o (67ms)
✔ [2333/4169] Built Std.Tactic.BVDecide.Bitblast.BVExpr.Circuit.Lemmas.Operations.RotateRight:c.o (67ms)
✔ [2334/4169] Built Std.Tactic.BVDecide.Bitblast.BVExpr.Circuit.Lemmas.Operations.ZeroExtend (970ms)
✔ [2335/4169] Built Std.Tactic.BVDecide.LRAT.Internal.Formula.RupAddResult:c.o (160ms)
✔ [2336/4169] Built Lean.Meta.Match.MatcherApp.Basic:c.o (394ms)
✔ [2337/4169] Built Std.Sat.AIG.RefVecOperator:c.o (76ms)
✔ [2338/4169] Built Std.Tactic.BVDecide.Bitblast.BVExpr.Circuit.Lemmas.Operations.ZeroExtend:c.o (77ms)
✔ [2339/4169] Built Lean.Meta.DecLevel (667ms)
✔ [2340/4169] Built Lean.Meta.Sorry (662ms)
✔ [2341/4169] Built Lean.Elab.PreDefinition.Structural.IndGroupInfo (696ms)
✔ [2342/4169] Built Lean.Meta.ExprLens:c.o (847ms)
✔ [2343/4169] Built Std.Sat.AIG.If:c.o (298ms)
✔ [2344/4169] Built Std.Sat.AIG (294ms)
✔ [2345/4169] Built Lean.Meta.PPGoal (784ms)
✔ [2346/4169] Built Lean.Meta.CtorRecognizer (622ms)
✔ [2347/4169] Built Std.Sat.AIG:c.o (86ms)
✔ [2348/4169] Built Std.Tactic.BVDecide.Bitblast.BVExpr.Circuit.Impl.Operations.Add:c.o (562ms)
✔ [2349/4169] Built Std.Tactic.BVDecide.Bitblast.BVExpr.Circuit.Impl.Operations.Eq (361ms)
✔ [2350/4169] Built Lean.Meta.ReduceEval (688ms)
✔ [2351/4169] Built Std.Tactic.BVDecide.Bitblast.BVExpr.Circuit.Impl.Operations.Not (407ms)
✔ [2352/4169] Built Std.Tactic.BVDecide.Bitblast.BVExpr.Circuit.Impl.Operations.Eq:c.o (106ms)
✔ [2353/4169] Built Lean.Meta.FunInfo (963ms)
✔ [2354/4169] Built Lean.Meta.CollectMVars:c.o (1.9s)
✔ [2355/4169] Built Lean.Meta.SameCtorUtils:c.o (788ms)
✔ [2356/4169] Built Lean.Meta.GeneralizeVars:c.o (1.8s)
✔ [2357/4169] Built Lean.Meta.PProdN (1.0s)
✔ [2358/4169] Built Std.Sat (299ms)
✔ [2359/4169] Built Std.Tactic.BVDecide.Bitblast.BVExpr.Circuit.Impl.Operations.Not:c.o (90ms)
✔ [2360/4169] Built Lean.PrettyPrinter.Delaborator.SubExpr:c.o (1.2s)
✔ [2361/4169] Built Std.Sat:c.o (71ms)
✔ [2362/4169] Built Lean.Meta.ForEachExpr:c.o (1.9s)
✔ [2363/4169] Built Lean.Meta.Sorry:c.o (515ms)
✔ [2364/4169] Built Lean.Meta.ProdN (554ms)
✔ [2365/4169] Built Std.Tactic.BVDecide.Bitblast.BVExpr.Circuit.Impl.Carry (1000ms)
✔ [2366/4169] Built Std.Tactic.BVDecide.Bitblast.BVExpr.Circuit.Lemmas.Operations.Not (336ms)
✔ [2367/4169] Built Std.Tactic.BVDecide.Bitblast.BVExpr.Circuit.Impl.Operations.Neg (404ms)
✔ [2368/4169] Built Std.Tactic.BVDecide.Bitblast.BVExpr.Circuit.Lemmas.Operations.Not:c.o (66ms)
✔ [2369/4169] Built Std.Tactic.BVDecide.Bitblast.BVExpr.Circuit.Lemmas.Operations.Eq (460ms)
✔ [2370/4169] Built Lean.Meta.MatchUtil (525ms)
✔ [2371/4169] Built Lean.Meta.NatTable (1.4s)
✔ [2372/4169] Built Std.Tactic.BVDecide.Bitblast.BVExpr.Circuit.Impl.Operations.Neg:c.o (100ms)
✔ [2373/4169] Built Std.Tactic.BVDecide.Bitblast.BVExpr.Circuit.Impl.Carry:c.o (150ms)
✔ [2374/4169] Built Std.Tactic.BVDecide.Bitblast.BVExpr.Circuit.Lemmas.Operations.Eq:c.o (69ms)
✔ [2375/4169] Built Std.Tactic.BVDecide.Bitblast.BVExpr.Circuit.Impl.Operations.Clz (1.0s)
✔ [2376/4169] Built Lean.Meta.Match.MatcherInfo:c.o (2.3s)
✔ [2377/4169] Built Lean.Meta.NatTable:c.o (193ms)
✔ [2378/4169] Built Lean.Meta.LevelDefEq (917ms)
✔ [2379/4169] Built Std.Tactic.BVDecide.Bitblast.BVExpr.Circuit.Impl.Operations.Ult (400ms)
✔ [2380/4169] Built Std.Tactic.BVDecide.Bitblast.BVExpr.Circuit.Impl.Operations.Clz:c.o (151ms)
✔ [2381/4169] Built Lean.Meta.Reduce (748ms)
✔ [2382/4169] Built Lean.Elab.PreDefinition.WF.FloatRecApp:c.o (1.5s)
✔ [2383/4169] Built Std.Tactic.BVDecide.Bitblast.BVExpr.Circuit.Impl.Operations.Sub (401ms)
✔ [2384/4169] Built Lean.Meta.DecLevel:c.o (1.1s)
✔ [2385/4169] Built Lean.Meta.CoeAttr (786ms)
✔ [2386/4169] Built Std.Tactic.BVDecide.Bitblast.BVExpr.Circuit.Impl.Operations.Sub:c.o (96ms)
✔ [2387/4169] Built Std.Tactic.BVDecide.Bitblast.BVExpr.Circuit.Impl.Operations.Ult:c.o (168ms)
✔ [2388/4169] Built Std.Tactic.BVDecide.Bitblast.BVExpr.Circuit.Lemmas.Operations.Add (1.6s)
✔ [2389/4169] Built Lean.Meta.HasNotBit (498ms)
✔ [2390/4169] Built Lean.Elab.PreDefinition.Structural.IndGroupInfo:c.o (1.2s)
✔ [2391/4169] Built Lean.Meta.Canonicalizer (920ms)
✔ [2392/4169] Built Std.Tactic.BVDecide.Bitblast.BVExpr.Circuit.Lemmas.Operations.Add:c.o (96ms)
✔ [2393/4169] Built Lean.Meta.PPGoal:c.o (1.3s)
✔ [2394/4169] Built Lean.Elab.InfoTree.Main (1.2s)
✔ [2395/4169] Built Lean.Meta.Match.Value:c.o (1.9s)
✔ [2396/4169] Built Std.Tactic.BVDecide.Bitblast.BVExpr.Circuit.Lemmas.Operations.Neg (298ms)
✔ [2397/4169] Built Lean.Data.RArray (1.5s)
✔ [2398/4169] Built Lean.Meta.CtorRecognizer:c.o (1.3s)
✔ [2399/4169] Built Lean.AddDecl (1.6s)
✔ [2400/4169] Built Std.Tactic.BVDecide.Bitblast.BVExpr.Circuit.Impl.Operations.ShiftLeft (1.9s)
✔ [2401/4169] Built Std.Tactic.BVDecide.Bitblast.BVExpr.Circuit.Lemmas.Operations.Neg:c.o (99ms)
✔ [2402/4169] Built Lean.Data.RArray:c.o (199ms)
✔ [2403/4169] Built Lean.Elab.InfoTree (339ms)
✔ [2404/4169] Built Lean.Elab.InfoTree:c.o (70ms)
✔ [2405/4169] Built Lean.Meta.RecursorInfo:c.o (2.9s)
✔ [2406/4169] Built Lean.Meta.MatchUtil:c.o (1.1s)
✔ [2407/4169] Built Lean.Meta.HasNotBit:c.o (502ms)
✔ [2408/4169] Built Lean.Meta.ProdN:c.o (1.1s)
✔ [2409/4169] Built Lean.Data (331ms)
✔ [2410/4169] Built Std.Tactic.BVDecide.Bitblast.BVExpr.Circuit.Lemmas.Operations.Sub (341ms)
✔ [2411/4169] Built Std.Tactic.BVDecide.Bitblast.BVExpr.Circuit.Lemmas.Operations.Sub:c.o (63ms)
✔ [2412/4169] Built Lean.Data:c.o (86ms)
✔ [2413/4169] Built Lean.Meta.ReduceEval:c.o (1.7s)
✔ [2414/4169] Built Lean.Meta.Reduce:c.o (878ms)
✔ [2415/4169] Built Std.Tactic.BVDecide.Bitblast.BVExpr.Circuit.Impl.Operations.ShiftRight (2.2s)
✔ [2416/4169] Built Std.Tactic.BVDecide.Bitblast.BVExpr.Circuit.Impl.Operations.ShiftLeft:c.o (276ms)
✔ [2417/4169] Built Lean.Meta.CoeAttr:c.o (899ms)
✔ [2418/4169] Built Std.Tactic.BVDecide.Bitblast.BVExpr.Circuit.Lemmas.Carry (893ms)
✔ [2419/4169] Built Lean.Meta.Tactic.Simp.SimpCongrTheorems:c.o (3.2s)
✔ [2420/4169] Built Lean.Meta.Constructions.CasesOn (548ms)
✔ [2421/4169] Built Lean.Meta.Constructions.RecOn (530ms)
✔ [2422/4169] Built Std.Tactic.BVDecide.Bitblast.BVExpr.Circuit.Lemmas.Carry:c.o (77ms)
✔ [2423/4169] Built Lean.Linter.Deprecated (846ms)
✔ [2424/4169] Built Lean.Elab.SetOption (491ms)
✔ [2425/4169] Built Lean.Language.Util (576ms)
✔ [2426/4169] Built Lean.Compiler.InitAttr (747ms)
✔ [2427/4169] Built Lean.Meta.FunInfo:c.o (2.2s)
✔ [2428/4169] Built Std.Tactic.BVDecide.Bitblast.BVExpr.Circuit.Impl.Operations.ShiftRight:c.o (526ms)
✔ [2429/4169] Built Std.Tactic.BVDecide.Bitblast.BVExpr.Circuit.Lemmas.Operations.Ult (368ms)
✔ [2430/4169] Built Lean.Elab.SetOption:c.o (344ms)
✔ [2431/4169] Built Lean.Replay (981ms)
✔ [2432/4169] Built Std.Tactic.BVDecide.Bitblast.BVExpr.Circuit.Lemmas.Operations.Ult:c.o (67ms)
✔ [2433/4169] Built Lean.BuiltinDocAttr (473ms)
✔ [2434/4169] Built Lean.ParserCompiler.Attribute (494ms)
✔ [2435/4169] Built Lean.Meta.PProdN:c.o (2.5s)
✔ [2436/4169] Built Lean.Meta.Canonicalizer:c.o (1.6s)
✔ [2437/4169] Built Lean.Server.Completion.EligibleHeaderDecls (691ms)
✔ [2438/4169] Built Lean.Compiler.LCNF.Types (1.4s)
✔ [2439/4169] Built Std.Tactic.BVDecide.Bitblast.BVExpr.Circuit.Lemmas.Operations.ShiftLeft (1.3s)
✔ [2440/4169] Built Std.Tactic.BVDecide.Bitblast.BVExpr.Circuit.Lemmas.Operations.Clz (2.2s)
✔ [2441/4169] Built Std.Tactic.BVDecide.LRAT.Internal.Formula.RupAddSound (3.3s)
✔ [2442/4169] Built Lean.Meta.Constructions.CasesOn:c.o (867ms)
✔ [2443/4169] Built Std.Tactic.BVDecide.Bitblast.BVExpr.Circuit.Lemmas.Operations.ShiftLeft:c.o (72ms)
✔ [2444/4169] Built Std.Tactic.BVDecide.Bitblast.BVExpr.Circuit.Lemmas.Operations.Clz:c.o (68ms)
✔ [2445/4169] Built Lean.Meta.WHNF (2.9s)
✔ [2446/4169] Built Lean.Meta.Check (1.6s)
✔ [2447/4169] Built Std.Tactic.BVDecide.Bitblast.BVExpr.Circuit.Impl.Operations.Udiv (2.2s)
✔ [2448/4169] Built Std.Tactic.BVDecide.LRAT.Internal.Formula.RupAddSound:c.o (249ms)
✔ [2449/4169] Built Lean.BuiltinDocAttr:c.o (454ms)
✔ [2450/4169] Built Lean.Meta.Transform:c.o (4.4s)
✔ [2451/4169] Built Lean.Meta.Constructions.RecOn:c.o (1.2s)
✔ [2452/4169] Built Lean.Meta.LevelDefEq:c.o (2.5s)
✔ [2453/4169] Built Lean.Language.Util:c.o (1.3s)
✔ [2454/4169] Built Lean.ParserCompiler.Attribute:c.o (851ms)
✔ [2455/4169] Built Std.Tactic.BVDecide.Bitblast.BVExpr.Circuit.Impl.Operations.Umod (415ms)
✔ [2456/4169] Built Lean.Compiler.InitAttr:c.o (1.4s)
✔ [2457/4169] Built Lean.Meta.GeneralizeTelescope (576ms)
✔ [2458/4169] Built Lean.Elab.PreDefinition.Structural.Preprocess (618ms)
✔ [2459/4169] Built Lean.Meta.Eval (628ms)
✔ [2460/4169] Built Std.Tactic.BVDecide.Bitblast.BVExpr.Circuit.Impl.Operations.Udiv:c.o (517ms)
✔ [2461/4169] Built Std.Tactic.BVDecide.Bitblast.BVExpr.Circuit.Impl.Operations.Umod:c.o (142ms)
✔ [2462/4169] Built Lean.Linter.Deprecated:c.o (1.6s)
✔ [2463/4169] Built Lean.DefEqAttrib (832ms)
✔ [2464/4169] Built Lean.PrettyPrinter.Delaborator.FieldNotation (894ms)
✔ [2465/4169] Built Lean.Server.Completion.CompletionUtils (932ms)
✔ [2466/4169] Built Lean.Server.Completion.EligibleHeaderDecls:c.o (1.4s)
✔ [2467/4169] Built Lean.Meta.GeneralizeTelescope:c.o (604ms)
✔ [2468/4169] Built Lean.Meta.Tactic.AuxLemma (535ms)
✔ [2469/4169] Built Lean.Meta.Eval:c.o (781ms)
✔ [2470/4169] Built Lean.Meta.Offset:c.o (5.2s)
✔ [2471/4169] Built Std.Data.ExtTreeMap.Lemmas (7.8s)
✔ [2472/4169] Built Lean.Parser.Extension (2.0s)
✔ [2473/4169] Built Std.Data.ExtTreeMap.Lemmas:c.o (78ms)
✔ [2474/4169] Built Std.Tactic.BVDecide.Bitblast.BVExpr.Circuit.Lemmas.Operations.ShiftRight (2.9s)
✔ [2475/4169] Built Std.Tactic.BVDecide.Bitblast.BVExpr.Circuit.Lemmas.Operations.ShiftRight:c.o (70ms)
✔ [2476/4169] Built Lean.Meta.Tactic.ElimInfo (1.8s)
✔ [2477/4169] Built Std.Data.ExtTreeMap (238ms)
✔ [2478/4169] Built Lean.Meta.DiscrTree (1.9s)
✔ [2479/4169] Built Std.Data.ExtTreeMap:c.o (69ms)
✔ [2480/4169] Built Lean.Elab.PreDefinition.Structural.Preprocess:c.o (1.4s)
✔ [2481/4169] Built Lean.Elab.InfoTree.Main:c.o (3.9s)
✔ [2482/4169] Built Lean.AddDecl:c.o (3.8s)
✔ [2483/4169] Built Lean.Parser.Term.Doc (539ms)
✔ [2484/4169] Built Lean.Meta.Tactic.AuxLemma:c.o (832ms)
✔ [2485/4169] Built Lean.Replay:c.o (2.9s)
✔ [2486/4169] Built Lean.Meta.LetToHave (2.4s)
✔ [2487/4169] Built Lean.Meta.Tactic.Ext (627ms)
✔ [2488/4169] Built Std.Tactic.BVDecide.LRAT.Internal.Formula.RatAddResult (2.7s)
✔ [2489/4169] Built Lean.Meta.LitValues:c.o (6.0s)
✔ [2490/4169] Built Lean.DefEqAttrib:c.o (1.8s)
✔ [2491/4169] Built Std.Tactic.BVDecide.LRAT.Internal.Formula.RatAddResult:c.o (104ms)
✔ [2492/4169] Built Lean.Compiler.LCNF.Types:c.o (2.9s)
✔ [2493/4169] Built Lean.Meta.ACLt (936ms)
✔ [2494/4169] Built Lean.Meta.InferType:c.o (6.7s)
✔ [2495/4169] Built Lean.Parser.Term.Doc:c.o (714ms)
✔ [2496/4169] Built Lean.Meta.Tactic.Grind.ExtAttr (506ms)
✔ [2497/4169] Built Lean.Meta.Closure (1.8s)
✔ [2498/4169] Built Std.Tactic.BVDecide.Bitblast.BVExpr.Circuit.Lemmas.Operations.Udiv (3.2s)
✔ [2499/4169] Built Std.Tactic.BVDecide.Bitblast.BVExpr.Circuit.Lemmas.Operations.Udiv:c.o (88ms)
✔ [2500/4169] Built Std.Tactic.BVDecide.Bitblast.BVExpr.Circuit.Impl.Operations.Mul (5.1s)
✔ [2501/4169] Built Lean.Meta.Tactic.Grind.ExtAttr:c.o (736ms)
✔ [2502/4169] Built Lean.Meta.Instances (1.9s)
✔ [2503/4169] Built Lean.Server.Completion.CompletionUtils:c.o (2.9s)
✔ [2504/4169] Built Std.Tactic.BVDecide.Bitblast.BVExpr.Circuit.Impl.Operations.Mul:c.o (263ms)
✔ [2505/4169] Built Lean.Meta.Tactic.Ext:c.o (1.4s)
✔ [2506/4169] Built Lean.Meta.AbstractNestedProofs (798ms)
✔ [2507/4169] Built Std.Tactic.BVDecide.Bitblast.BVExpr.Circuit.Lemmas.Operations.Umod (775ms)
✔ [2508/4169] Built Lean.PrettyPrinter.Delaborator.FieldNotation:c.o (3.2s)
✔ [2509/4169] Built Std.Tactic.BVDecide.Bitblast.BVExpr.Circuit.Lemmas.Operations.Umod:c.o (87ms)
✔ [2510/4169] Built Std.Data.ExtTreeSet.Lemmas (2.9s)
✔ [2511/4169] Built Std.Data.ExtTreeSet.Lemmas:c.o (73ms)
✔ [2512/4169] Built Std.Data.ExtTreeSet (212ms)
✔ [2513/4169] Built Std.Data.ExtTreeSet:c.o (62ms)
✔ [2514/4169] Built Lean.Meta.ACLt:c.o (2.1s)
✔ [2515/4169] Built Std.Data (327ms)
✔ [2516/4169] Built Lean.Meta.Check:c.o (5.1s)
✔ [2517/4169] Built Std.Data:c.o (85ms)
✔ [2518/4169] Built Lean.Meta.LazyDiscrTree (3.4s)
✔ [2519/4169] Built Std.Tactic.BVDecide.LRAT.Internal.Formula.RatAddSound (2.8s)
✔ [2520/4169] Built Std.Tactic.BVDecide.Bitblast.BVExpr.Circuit.Lemmas.Operations.Mul (1.8s)
✔ [2521/4169] Built Std.Tactic.BVDecide.Bitblast.BVExpr.Circuit.Lemmas.Operations.Mul:c.o (70ms)
✔ [2522/4169] Built Std.Tactic.BVDecide.LRAT.Internal.Formula.RatAddSound:c.o (99ms)
✔ [2523/4169] Built Lean.Meta.AbstractNestedProofs:c.o (1.6s)
✔ [2524/4169] Built Std.Sync.StreamMap (524ms)
✔ [2525/4169] Built Lean.Meta.Tactic.ElimInfo:c.o (3.9s)
✔ [2526/4169] Built Std.Tactic.BVDecide.LRAT.Internal.Formula.Instance (337ms)
✔ [2527/4169] Built Std.Tactic.BVDecide.LRAT.Internal.Formula.Instance:c.o (78ms)
✔ [2528/4169] Built Std.Sync.CancellationToken (674ms)
✔ [2529/4169] Built Std.Tactic.BVDecide.LRAT.Internal.Formula (289ms)
✔ [2530/4169] Built Std.Tactic.BVDecide.LRAT.Internal.Formula:c.o (76ms)
✔ [2531/4169] Built Lean.Compiler.LCNF.Basic (2.2s)
✔ [2532/4169] Built Std.Sync.StreamMap:c.o (497ms)
✔ [2533/4169] Built Lean.Parser.Extension:c.o (4.5s)
✔ [2534/4169] Built Std.Sync.CancellationToken:c.o (646ms)
✔ [2535/4169] Built Std.Tactic.BVDecide.LRAT.Internal.Convert (508ms)
✔ [2536/4169] Built Lean.Compiler.LCNF.MonadScope (470ms)
✔ [2537/4169] Built Lean.Compiler.LCNF.LCtx (537ms)
✔ [2538/4169] Built Lean.Compiler.LCNF.DependsOn (502ms)
✔ [2539/4169] Built Lean.Compiler.LCNF.DeclHash (521ms)
✔ [2540/4169] Built Std.Tactic.BVDecide.LRAT.Internal.Convert:c.o (134ms)
✔ [2541/4169] Built Lean.Compiler.LCNF.Level (689ms)
✔ [2542/4169] Built Lean.Compiler.LCNF.MonadScope:c.o (177ms)
✔ [2543/4169] Built Lean.Compiler.LCNF.DependsOn:c.o (194ms)
✔ [2544/4169] Built Lean.Compiler.LCNF.DeclHash:c.o (185ms)
✔ [2545/4169] Built Lean.Meta.SynthInstance (3.0s)
✔ [2546/4169] Built Std.Tactic.BVDecide.LRAT.Checker (461ms)
✔ [2547/4169] Built Lean.Compiler.LCNF.AlphaEqv (906ms)
✔ [2548/4169] Built Lean.Compiler.LCNF.ToExpr (995ms)
✔ [2549/4169] Built Std.Sync.Broadcast (1.9s)
✔ [2550/4169] Built Lean.Compiler.LCNF.FixedParams (1.0s)
✔ [2551/4169] Built Lean.Meta.DiscrTree:c.o (5.3s)
✔ [2552/4169] Built Lean.Compiler.LCNF.LCtx:c.o (614ms)
✔ [2553/4169] Built Std.Tactic.BVDecide.LRAT.Checker:c.o (279ms)
✔ [2554/4169] Built Std.Tactic.BVDecide.LRAT (310ms)
✔ [2555/4169] Built Std.Tactic.BVDecide.LRAT:c.o (74ms)
✔ [2556/4169] Built Std.Sync (401ms)
✔ [2557/4169] Built Std.Sync:c.o (75ms)
✔ [2558/4169] Built Lean.Compiler.LCNF.Level:c.o (796ms)
✔ [2559/4169] Built Lean.Compiler.LCNF.ToExpr:c.o (546ms)
✔ [2560/4169] Built Lean.Meta.Tactic.Grind.Arith.Util (765ms)
✔ [2561/4169] Built Lean.Compiler.LCNF.CompilerM (1.3s)
✔ [2562/4169] Built Lean.Meta.UnificationHint (1.2s)
✔ [2563/4169] Built Lean.Compiler.LCNF.AlphaEqv:c.o (1.2s)
✔ [2564/4169] Built Lean.Compiler.LCNF.ScopeM (445ms)
✔ [2565/4169] Built Lean.Compiler.LCNF.Simp.Basic (434ms)
✔ [2566/4169] Built Lean.Meta.Tactic.Grind.Arith.Util:c.o (658ms)
✔ [2567/4169] Built Lean.Compiler.LCNF.Basic:c.o (2.4s)
✔ [2568/4169] Built Lean.Compiler.LCNF.BaseTypes (483ms)
✔ [2569/4169] Built Lean.Compiler.LCNF.Renaming (522ms)
✔ [2570/4169] Built Lean.Meta.Tactic.Grind.Arith.Cutsat.ToIntInfo (726ms)
✔ [2571/4169] Built Lean.Compiler.LCNF.ElimDead (603ms)
✔ [2572/4169] Built Lean.Compiler.LCNF.FixedParams:c.o (1.4s)
✔ [2573/4169] Built Lean.Compiler.LCNF.ScopeM:c.o (200ms)
✔ [2574/4169] Built Lean.Compiler.LCNF.Simp.Basic:c.o (127ms)
✔ [2575/4169] Built Lean.Compiler.LCNF.FVarUtil (789ms)
✔ [2576/4169] Built Lean.Meta.Tactic.Grind.Arith.Cutsat.ToIntInfo:c.o (388ms)
✔ [2577/4169] Built Lean.Compiler.LCNF.PassManager (925ms)
✔ [2578/4169] Built Lean.Compiler.LCNF.Closure (861ms)
✔ [2579/4169] Built Lean.Meta.AppBuilder (2.0s)
✔ [2580/4169] Built Lean.Compiler.LCNF.Irrelevant (736ms)
✔ [2581/4169] Built Lean.Compiler.LCNF.Simp.FunDeclInfo (772ms)
✔ [2582/4169] Built Lean.Compiler.LCNF.Renaming:c.o (747ms)
✔ [2583/4169] Built Lean.Compiler.LCNF.BaseTypes:c.o (880ms)
✔ [2584/4169] Built Lean.Compiler.LCNF.ElimDead:c.o (734ms)
✔ [2585/4169] Built Lean.Meta.LetToHave:c.o (6.0s)
✔ [2586/4169] Built Lean.Meta.Match.NamedPatterns (566ms)
✔ [2587/4169] Built Lean.Compiler.LCNF.PullLetDecls (768ms)
✔ [2588/4169] Built Lean.Compiler.LCNF.PhaseExt (836ms)
✔ [2589/4169] Built Lean.Compiler.LCNF.CSE (819ms)
✔ [2590/4169] Built Lean.Compiler.LCNF.PullFunDecls (854ms)
✔ [2591/4169] Built Lean.Meta.Order (712ms)
✔ [2592/4169] Built Lean.Compiler.LCNF.PassManager:c.o (955ms)
✔ [2593/4169] Built Lean.Compiler.LCNF.MonoTypes (628ms)
✔ [2594/4169] Built Lean.Compiler.LCNF.FVarUtil:c.o (1.1s)
✔ [2595/4169] Built Lean.Meta.Instances:c.o (6.0s)
✔ [2596/4169] Built Lean.Meta.Constructions.CtorIdx (964ms)
✔ [2597/4169] Built Lean.Compiler.LCNF.Simp.FunDeclInfo:c.o (890ms)
✔ [2598/4169] Built Lean.Meta.Tactic.Grind.EqResolution (1.0s)
✔ [2599/4169] Built Lean.Compiler.LCNF.FloatLetIn (1.3s)
✔ [2600/4169] Built Lean.Compiler.LCNF.OtherDecl (374ms)
✔ [2601/4169] Built Lean.Meta.Tactic.Util (1.3s)
✔ [2602/4169] Built Lean.Meta.Eqns (1.3s)
✔ [2603/4169] Built Lean.Meta.Match.AltTelescopes (666ms)
✔ [2604/4169] Built Lean.Compiler.ImplementedByAttr (600ms)
✔ [2605/4169] Built Lean.Compiler.LCNF.OtherDecl:c.o (126ms)
✔ [2606/4169] Built Lean.Meta.Structure (1.4s)
✔ [2607/4169] Built Lean.Meta.Tactic.Simp.Arith.Nat.Basic (1.4s)
✔ [2608/4169] Built Lean.Meta.Tactic.Simp.Arith.Int.Basic (1.5s)
✔ [2609/4169] Built Lean.Meta.Order:c.o (694ms)
✔ [2610/4169] Built Lean.Elab.Tactic.BVDecide.Frontend.BVDecide.Reflect (1.4s)
✔ [2611/4169] Built Lean.Compiler.IR.CompilerM (802ms)
✔ [2612/4169] Built Lean.Compiler.LCNF.Irrelevant:c.o (1.3s)
✔ [2613/4169] Built Lean.Compiler.LCNF.PullLetDecls:c.o (1.0s)
✔ [2614/4169] Built Lean.Meta.Closure:c.o (7.4s)
✔ [2615/4169] Built Lean.Meta.Coe (1.7s)
✔ [2616/4169] Built Lean.Meta.Tactic.Rename (450ms)
✔ [2617/4169] Built Lean.Compiler.LCNF.PullFunDecls:c.o (1.1s)
✔ [2618/4169] Built Lean.Meta.Tactic.Assumption (539ms)
✔ [2619/4169] Built Lean.Meta.Tactic.IndependentOf (521ms)
✔ [2620/4169] Built Lean.Compiler.LCNF.CompilerM:c.o (3.0s)
✔ [2621/4169] Built Lean.Compiler.LCNF.MonoTypes:c.o (1.2s)
✔ [2622/4169] Built Lean.Meta.Tactic.Clear (747ms)
✔ [2623/4169] Built Lean.Meta.Constructions.SparseCasesOn (1.0s)
✔ [2624/4169] Built Lean.Elab.Tactic.Omega.OmegaM (1.0s)
✔ [2625/4169] Built Lean.Compiler.LCNF.Probing (1.3s)
✔ [2626/4169] Built Lean.Meta.Match.NamedPatterns:c.o (1.5s)
✔ [2627/4169] Built Lean.Meta.Tactic.ExposeNames (906ms)
✔ [2628/4169] Built Lean.Meta.ArgsPacker (2.2s)
✔ [2629/4169] Built Lean.Compiler.IR.EmitUtil (762ms)
✔ [2630/4169] Built Lean.Meta.Tactic.Intro (1.0s)
✔ [2631/4169] Built Lean.Meta.Tactic.Simp.Arith.Nat.Simp (805ms)
✔ [2632/4169] Built Lean.Meta.Match.AltTelescopes:c.o (990ms)
✔ [2633/4169] Built Lean.Meta.Tactic.Rename:c.o (528ms)
✔ [2634/4169] Built Lean.Compiler.LCNF.PhaseExt:c.o (1.7s)
✔ [2635/4169] Built Lean.Compiler.ImplementedByAttr:c.o (916ms)
✔ [2636/4169] Built Lean.Compiler.IR.ToIRType (1.5s)
✔ [2637/4169] Built Lean.Compiler.IR.Sorry (765ms)
✔ [2638/4169] Built Lean.Compiler.IR.Toposort (881ms)
✔ [2639/4169] Built Lean.Meta.Tactic.IndependentOf:c.o (608ms)
✔ [2640/4169] Built Lean.Meta.Tactic.FunIndCollect (1.1s)
✔ [2641/4169] Built Lean.Compiler.IR.Meta (931ms)
✔ [2642/4169] Built Lean.Meta.Tactic.Simp.Arith.Int.Simp (1.1s)
✔ [2643/4169] Built Lean.Meta.Tactic.Grind.Theorems (1.2s)
✔ [2644/4169] Built Lean.Compiler.IR.ExpandResetReuse (1.1s)
✔ [2645/4169] Built Lean.Compiler.IR.Checker (1.2s)
✔ [2646/4169] Built Lean.Meta.Tactic.Assumption:c.o (866ms)
✔ [2647/4169] Built Lean.Meta.Tactic.Simp.Arith.Nat (405ms)
✔ [2648/4169] Built Lean.Meta.Tactic.Simp.Arith.Nat:c.o (84ms)
✔ [2649/4169] Built Lean.Meta.Tactic.Grind.Injection (664ms)
✔ [2650/4169] Built Lean.Compiler.IR.ResetReuse (1.3s)
✔ [2651/4169] Built Lean.Meta.Tactic.Revert (779ms)
✔ [2652/4169] Built Lean.Compiler.IR.Sorry:c.o (551ms)
✔ [2653/4169] Built Lean.Compiler.LCNF.InferType (1.7s)
✔ [2654/4169] Built Lean.Compiler.LCNF.CSE:c.o (2.2s)
✔ [2655/4169] Built Lean.Compiler.LCNF.Closure:c.o (3.1s)
✔ [2656/4169] Built Lean.Meta.Tactic.Simp.Arith.Int (418ms)
✔ [2657/4169] Built Lean.Compiler.IR.Borrow (1.4s)
✔ [2658/4169] Built Lean.KeyedDeclsAttribute (1.4s)
✔ [2659/4169] Built Lean.Meta.Tactic.Simp.Arith.Int:c.o (220ms)
✔ [2660/4169] Built Lean.Compiler.IR.RC (1.7s)
✔ [2661/4169] Built Lean.Compiler.IR.EmitUtil:c.o (880ms)
✔ [2662/4169] Built Lean.Compiler.IR.Toposort:c.o (865ms)
✔ [2663/4169] Built Lean.Compiler.LCNF.Visibility (1.8s)
✔ [2664/4169] Built Lean.Meta.Tactic.Cleanup (1.3s)
✔ [2665/4169] Built Lean.Meta.SizeOf (3.4s)
✔ [2666/4169] Built Lean.Compiler.IR.CompilerM:c.o (1.9s)
✔ [2667/4169] Built Lean.Compiler.IR.Meta:c.o (932ms)
✔ [2668/4169] Built Lean.Meta.Tactic.Simp.Arith.Nat.Simp:c.o (1.3s)
✔ [2669/4169] Built Lean.Meta.Tactic.Grind.RevertAll (711ms)
✔ [2670/4169] Built Lean.Elab.Tactic.BVDecide.Frontend.BVDecide.Reflect:c.o (2.1s)
✔ [2671/4169] Built Lean.Compiler.IR.Boxing (1.3s)
✔ [2672/4169] Built Lean.PrettyPrinter.Basic (713ms)
✔ [2673/4169] Built Lean.Meta.Tactic.Simp.Arith (644ms)
✔ [2674/4169] Built Lean.Compiler.LCNF.CompatibleTypes (839ms)
✔ [2675/4169] Built Lean.Meta.Tactic.Clear:c.o (1.7s)
✔ [2676/4169] Built Lean.Meta.Tactic.Simp.Arith:c.o (136ms)
✔ [2677/4169] Built Lean.Compiler.LCNF.ReduceJpArity (941ms)
✔ [2678/4169] Built Lean.Meta.Tactic.Assert (1.1s)
✔ [2679/4169] Built Lean.Meta.Tactic.Simp.Arith.Nat.Basic:c.o (2.4s)
✔ [2680/4169] Built Lean.Compiler.LCNF.Bind (1.0s)
✔ [2681/4169] Built Lean.Compiler.LCNF.Simp.DiscrM (1.1s)
✔ [2682/4169] Built Lean.Meta.Tactic.Generalize (1.2s)
✔ [2683/4169] Built Lean.Meta.Tactic.Grind.Injection:c.o (1.4s)
✔ [2684/4169] Built Lean.Meta.Tactic.Backtrack (2.3s)
✔ [2685/4169] Built Lean.PrettyPrinter.Basic:c.o (593ms)
✔ [2686/4169] Built Lean.Meta.Tactic.Grind.RevertAll:c.o (762ms)
✔ [2687/4169] Built Lean.Compiler.IR.AddExtern (689ms)
✔ [2688/4169] Built Lean.Compiler.IR.ExpandResetReuse:c.o (1.8s)
✔ [2689/4169] Built Lean.Meta.Tactic.Revert:c.o (1.6s)
✔ [2690/4169] Built Lean.Meta.Tactic.FunIndCollect:c.o (2.2s)
✔ [2691/4169] Built Lean.Meta.LazyDiscrTree:c.o (8.1s)
✔ [2692/4169] Built Lean.Compiler.LCNF.CompatibleTypes:c.o (844ms)
✔ [2693/4169] Built Lean.ParserCompiler (1.7s)
✔ [2694/4169] Built Lean.Meta.Tactic.Induction (1.8s)
✔ [2695/4169] Built Lean.Compiler.IR.ToIR (2.3s)
✔ [2696/4169] Built Lean.Compiler.LCNF.SpecInfo (1.8s)
✔ [2697/4169] Built Lean.Compiler.IR.AddExtern:c.o (586ms)
✔ [2698/4169] Built Lean.Compiler.IR.ResetReuse:c.o (2.1s)
✔ [2699/4169] Built Lean.Meta.Tactic.ExposeNames:c.o (2.7s)
✔ [2700/4169] Built Lean.Meta.Tactic.Grind.EqResolution:c.o (3.9s)
✔ [2701/4169] Built Std.Sync.Broadcast:c.o (6.9s)
✔ [2702/4169] Built Lean.PrettyPrinter.Delaborator.TopDownAnalyze (7.2s)
✔ [2703/4169] Built Lean.Compiler.IR.Checker:c.o (2.5s)
✔ [2704/4169] Built Lean.Compiler.LCNF.ReduceJpArity:c.o (1.4s)
✔ [2705/4169] Built Lean.Meta.Tactic.Replace (1.3s)
✔ [2706/4169] Built Lean.Elab.Tactic.Omega.Core (3.2s)
✔ [2707/4169] Built Lean.Compiler.LCNF.Internalize (1.4s)
✔ [2708/4169] Built Lean.Meta.Tactic.Symm (1.3s)
✔ [2709/4169] Built Lean.Compiler.LCNF.Bind:c.o (1.7s)
✔ [2710/4169] Built Lean.Meta.Constructions.SparseCasesOn:c.o (3.7s)
✔ [2711/4169] Built Lean.Compiler.LCNF.FloatLetIn:c.o (4.5s)
✔ [2712/4169] Built Lean.Meta.Tactic.Simp.Arith.Int.Basic:c.o (4.2s)
✔ [2713/4169] Built Lean.Elab.Tactic.Omega.OmegaM:c.o (3.7s)
✔ [2714/4169] Built Lean.Meta.Tactic.Grind.Theorems:c.o (3.2s)
✔ [2715/4169] Built Lean.Compiler.LCNF.AuxDeclCache (598ms)
✔ [2716/4169] Built Lean.Meta.Tactic.Subst (1.0s)
✔ [2717/4169] Built Lean.Meta.Eqns:c.o (4.6s)
✔ [2718/4169] Built Lean.Meta.Tactic.Delta (702ms)
✔ [2719/4169] Built Lean.Compiler.IR.Borrow:c.o (3.1s)
✔ [2720/4169] Built Lean.Compiler.LCNF.JoinPoints (3.1s)
✔ [2721/4169] Built Lean.Compiler.LCNF.Simp.DiscrM:c.o (2.0s)
✔ [2722/4169] Built Lean.Meta.Constructions.CtorIdx:c.o (5.0s)
✔ [2723/4169] Built Lean.Meta.Tactic.Assert:c.o (2.1s)
✔ [2724/4169] Built Lean.Meta.ExprDefEq (7.0s)
✔ [2725/4169] Built Lean.Compiler.LCNF.ElimDeadBranches (3.4s)
✔ [2726/4169] Built Lean.Compiler.IR.Boxing:c.o (2.8s)
✔ [2727/4169] Built Lean.Compiler.LCNF.ToMono (3.6s)
✔ [2728/4169] Built Lean.KeyedDeclsAttribute:c.o (3.4s)
✔ [2729/4169] Built Lean.Meta.Tactic.Util:c.o (5.2s)
✔ [2730/4169] Built Lean.Meta.Tactic.Simp.Arith.Int.Simp:c.o (3.9s)
✔ [2731/4169] Built Lean.Meta.Tactic.Generalize:c.o (2.4s)
✔ [2732/4169] Built Lean.Meta.UnificationHint:c.o (7.3s)
✔ [2733/4169] Built Lean.Compiler.IR.EmitC (2.9s)
✔ [2734/4169] Built Lean.Compiler.LCNF.PrettyPrinter (1.2s)
✔ [2735/4169] Built Lean.Compiler.LCNF.Simp.ConstantFold (3.6s)
✔ [2736/4169] Built Lean.PrettyPrinter.Parenthesizer (2.8s)
✔ [2737/4169] Built Lean.Compiler.LCNF.ExtractClosed (1.3s)
✔ [2738/4169] Built Lean.Meta.Match.CaseValues (748ms)
✔ [2739/4169] Built Lean.Meta.Tactic.Backtrack:c.o (2.6s)
✔ [2740/4169] Built Lean.Compiler.LCNF.AuxDeclCache:c.o (801ms)
✔ [2741/4169] Built Lean.Compiler.LCNF.ReduceArity (1.4s)
✔ [2742/4169] Built Lean.PrettyPrinter.Formatter (3.2s)
✔ [2743/4169] Built Lean.Meta.Structure:c.o (5.4s)
✔ [2744/4169] Built Lean.Meta.Tactic.Cleanup:c.o (3.5s)
✔ [2745/4169] Built Lean.Compiler.LCNF.SpecInfo:c.o (2.3s)
✔ [2746/4169] Built Lean.Compiler.LCNF.Simp.JpCases (1.8s)
✔ [2747/4169] Built Lean.Meta.Tactic.Injection (1.2s)
✔ [2748/4169] Built Lean.Meta.ArgsPacker:c.o (4.0s)
✔ [2749/4169] Built Lean.Compiler.LCNF.LambdaLifting (1.3s)
✔ [2750/4169] Built Lean.Meta.Match.CaseArraySizes (624ms)
✔ [2751/4169] Built Lean.PrettyPrinter.Delaborator.Basic (2.3s)
✔ [2752/4169] Built Lean.Meta.Match.Basic (1.6s)
✔ [2753/4169] Built Lean.Meta.Tactic.Lets (2.3s)
✔ [2754/4169] Built Lean.Compiler.LCNF.Visibility:c.o (4.4s)
✔ [2755/4169] Built Lean.ParserCompiler:c.o (2.9s)
✔ [2756/4169] Built Lean.Compiler.IR.ToIRType:c.o (5.3s)
✔ [2757/4169] Built Lean.Compiler.LCNF.StructProjCases (1.2s)
✔ [2758/4169] Built Lean.Compiler.LCNF.Testing (1.1s)
✔ [2759/4169] Built Lean.Meta.Match.CaseValues:c.o (962ms)
✔ [2760/4169] Built Lean.Meta.Tactic.Delta:c.o (1.7s)
✔ [2761/4169] Built Lean.Compiler.LCNF.Probing:c.o (5.8s)
✔ [2762/4169] Built Lean.Compiler.LCNF.ExtractClosed:c.o (1.3s)
✔ [2763/4169] Built Lean.Meta.Tactic.Intro:c.o (5.6s)
✔ [2764/4169] Built Lean.Compiler.LCNF.InferType:c.o (5.1s)
✔ [2765/4169] Built Lean.Meta.Match.MatchEqsExt (573ms)
✔ [2766/4169] Built Lean.Meta.Tactic.UnifyEq (951ms)
✔ [2767/4169] Built Lean.Compiler.LCNF.PrettyPrinter:c.o (1.7s)
✔ [2768/4169] Built Lean.Compiler.LCNF.Simp.SimpM (1.1s)
✔ [2769/4169] Built Lean.Meta.CongrTheorems (2.3s)
✔ [2770/4169] Built Lean.Compiler.LCNF.Check (1.9s)
✔ [2771/4169] Built Lean.Parser.Extra (1.5s)
✔ [2772/4169] Built Lean.Meta.Tactic.Replace:c.o (3.2s)
✔ [2773/4169] Built Lean.Compiler.IR.RC:c.o (5.3s)
✔ [2774/4169] Built Lean.Meta.Match.CaseArraySizes:c.o (1.2s)
✔ [2775/4169] Built Lean.Meta.Match.MatchEqsExt:c.o (532ms)
✔ [2776/4169] Built Lean.Compiler.LCNF.Internalize:c.o (3.4s)
✔ [2777/4169] Built Lean.Compiler.LCNF.Simp.DefaultAlt (627ms)
✔ [2778/4169] Built Lean.Compiler.LCNF.Simp.SimpValue (609ms)
✔ [2779/4169] Built Lean.Compiler.LCNF.Testing:c.o (1.3s)
✔ [2780/4169] Built Lean.Compiler.LCNF.ReduceArity:c.o (2.2s)
✔ [2781/4169] Built Lean.Parser.Level (538ms)
✔ [2782/4169] Built Lean.Compiler.LCNF.Simp.InlineCandidate (829ms)
✔ [2783/4169] Built Lean.Parser.Attr (710ms)
✔ [2784/4169] Built Lean.Compiler.LCNF.Simp.InlineProj (904ms)
✔ [2785/4169] Built Lean.Meta.AppBuilder:c.o (9.2s)
✔ [2786/4169] Built Lean.Compiler.LCNF.ToLCNF (5.2s)
✔ [2787/4169] Built Lean.Parser.Level:c.o (419ms)
✔ [2788/4169] Built Lean.Compiler.LCNF.Simp.Used (1.2s)
✔ [2789/4169] Built Lean.Compiler.LCNF.Simp.SimpValue:c.o (580ms)
✔ [2790/4169] Built Lean.Compiler.LCNF.Simp.DefaultAlt:c.o (635ms)
✔ [2791/4169] Built Lean.Meta.Tactic.Injection:c.o (2.5s)
✔ [2792/4169] Built Lean.Compiler.LCNF.LambdaLifting:c.o (2.5s)
✔ [2793/4169] Built Lean.Meta.Tactic.Symm:c.o (4.5s)
✔ [2794/4169] Built Lean.Parser.Attr:c.o (800ms)
✔ [2795/4169] Built Lean.Compiler.LCNF.Simp.Used:c.o (574ms)
✔ [2796/4169] Built Lean.Parser.Term.Basic (1.0s)
✔ [2797/4169] Built Lean.Compiler.LCNF.Simp.InlineCandidate:c.o (1.2s)
✔ [2798/4169] Built Lean.Compiler.LCNF.ToDecl (1.0s)
✔ [2799/4169] Built Lean.Meta.Tactic.UnifyEq:c.o (2.2s)
✔ [2800/4169] Built Lean.Meta.WHNF:c.o (19s)
✔ [2801/4169] Built Lean.Compiler.IR.EmitC:c.o (3.9s)
✔ [2802/4169] Built Lean.Meta.Tactic.Induction:c.o (5.8s)
✔ [2803/4169] Built Lean.Meta.Match.Basic:c.o (2.0s)
✔ [2804/4169] Built Lean.Parser.Extra:c.o (2.3s)
✔ [2805/4169] Built Lean.Compiler.LCNF.Simp.SimpM:c.o (2.5s)
✔ [2806/4169] Built Lean.Compiler.LCNF.Simp.InlineProj:c.o (1.6s)
✔ [2807/4169] Built Lean.DocString.Syntax (653ms)
✔ [2808/4169] Built Lean.Parser.Tactic.Doc (1.6s)
✔ [2809/4169] Built Lean.Compiler.LCNF.Simp.Main (1.7s)
✔ [2810/4169] Built Lean.DocString (334ms)
✔ [2811/4169] Built Lean.DocString:c.o (130ms)
✔ [2812/4169] Built Lean.Compiler.LCNF.StructProjCases:c.o (3.7s)
✔ [2813/4169] Built Lean.Parser.Term.Basic:c.o (1.2s)
✔ [2814/4169] Built Lean.DocString.Syntax:c.o (610ms)
✔ [2815/4169] Built Lean.Meta.Tactic.Lets:c.o (4.0s)
✔ [2816/4169] Built Lean.Elab.Tactic.Omega.Core:c.o (6.3s)
✔ [2817/4169] Built Lean.Meta.SynthInstance:c.o (13s)
✔ [2818/4169] Built Lean.Compiler.IR.ToIR:c.o (7.1s)
✔ [2819/4169] Built Lean.LabelAttribute (609ms)
✔ [2820/4169] Built Lean.Compiler.LCNF.Simp (761ms)
✔ [2821/4169] Built Lean.PrettyPrinter.Parenthesizer:c.o (5.4s)
✔ [2822/4169] Built Lean.Compiler.LCNF.Simp.JpCases:c.o (4.0s)
✔ [2823/4169] Built Lean.Meta.Tactic.Subst:c.o (6.3s)
✔ [2824/4169] Built Lean.LabelAttribute:c.o (736ms)
✔ [2825/4169] Built Lean.Compiler.LCNF.Simp:c.o (859ms)
✔ [2826/4169] Built Lean.Compiler.LCNF.ElimDeadBranches:c.o (6.3s)
✔ [2827/4169] Built Lean.PrettyPrinter.Delaborator.Basic:c.o (5.3s)
✔ [2828/4169] Built Lean.Compiler.LCNF.JoinPoints:c.o (6.9s)
✔ [2829/4169] Built Lean.Meta.CongrTheorems:c.o (4.7s)
✔ [2830/4169] Built Lean.Meta.Tactic.Simp.SimpTheorems (2.0s)
✔ [2831/4169] Built Std.Tactic.BVDecide.Bitblast.BVExpr.Circuit.Impl.Expr (18s)
✔ [2832/4169] Built Std.Tactic.BVDecide.Bitblast.BVExpr.Circuit.Impl.Pred (555ms)
✔ [2833/4169] Built Lean.Compiler.LCNF.Check:c.o (5.5s)
✔ [2834/4169] Built Lean.Compiler.LCNF.Specialize (2.0s)
✔ [2835/4169] Built Lean.Parser.Tactic.Doc:c.o (3.2s)
✔ [2836/4169] Built Lean.DocString.Parser (3.2s)
✔ [2837/4169] Built Lean.Meta.SizeOf:c.o (10s)
✔ [2838/4169] Built Lean.Compiler.LCNF.ToDecl:c.o (4.3s)
✔ [2839/4169] Built Lean.Meta.Basic:c.o (29s)
✔ [2840/4169] Built Lean.Compiler.IR.EmitLLVM (10s)
✔ [2841/4169] Built Lean.Compiler.LCNF.Passes (755ms)
✔ [2842/4169] Built Lean.Compiler.IR (490ms)
✔ [2843/4169] Built Std.Tactic.BVDecide.Bitblast.BVExpr.Circuit.Impl.Pred:c.o (1.8s)
✔ [2844/4169] Built Lean.Compiler.IR:c.o (475ms)
✔ [2845/4169] Built Lean.DocString.Formatter (1.7s)
✔ [2846/4169] Built Lean.Compiler.LCNF.ToMono:c.o (9.3s)
✔ [2847/4169] Built Lean.Compiler.LCNF.Passes:c.o (1.1s)
✔ [2848/4169] Built Lean.PrettyPrinter.Delaborator.TopDownAnalyze:c.o (10s)
✔ [2849/4169] Built Std.Tactic.BVDecide.Bitblast.BVExpr.Circuit.Impl.Substructure (2.2s)
✔ [2850/4169] Built Lean.Meta.Tactic.Simp.Types (3.1s)
✔ [2851/4169] Built Std.Tactic.BVDecide.Bitblast.BVExpr.Circuit.Impl (275ms)
✔ [2852/4169] Built Lean.Compiler.LCNF.Main (1.1s)
✔ [2853/4169] Built Std.Tactic.BVDecide.Bitblast.BVExpr.Circuit.Impl:c.o (73ms)
✔ [2854/4169] Built Lean.Compiler.LCNF (364ms)
✔ [2855/4169] Built Lean.Compiler.LCNF:c.o (102ms)
✔ [2856/4169] Built Lean.PrettyPrinter.Formatter:c.o (9.0s)
✔ [2857/4169] Built Lean.Meta.Tactic.Simp.LoopProtection (765ms)
✔ [2858/4169] Built Lean.Compiler.Main (457ms)
✔ [2859/4169] Built Std.Tactic.BVDecide.Bitblast.BVExpr.Circuit.Impl.Substructure:c.o (1.3s)
✔ [2860/4169] Built Lean.DocString.Formatter:c.o (1.6s)
✔ [2861/4169] Built Lean.Compiler (364ms)
✔ [2862/4169] Built Lean.Compiler:c.o (77ms)
✔ [2863/4169] Built Lean.Compiler.Main:c.o (636ms)
✔ [2864/4169] Built Lean.Meta.Tactic.Simp.LoopProtection:c.o (1.2s)
✔ [2865/4169] Built Std.Tactic.BVDecide.Bitblast.BVExpr.Circuit.Impl.Expr:c.o (5.1s)
✔ [2866/4169] Built Lean.Meta.Tactic.Simp.Simproc (2.3s)
✔ [2867/4169] Built Lean.DocString.Parser:c.o (4.9s)
✔ [2868/4169] Built Lean.Meta.Tactic.Simp.BuiltinSimprocs.Util (428ms)
✔ [2869/4169] Built Lean.Meta.Tactic.Simp.BuiltinSimprocs.CtorIdx (452ms)
✔ [2870/4169] Built Lean.Meta.Tactic.Simp.BuiltinSimprocs.Util:c.o (158ms)
✔ [2871/4169] Built Lean.Meta.Tactic.Simp.Attr (738ms)
✔ [2872/4169] Built Lean.Meta.Tactic.Simp.BuiltinSimprocs.CtorIdx:c.o (317ms)
✔ [2873/4169] Built Lean.Meta.Tactic.Simp.BuiltinSimprocs.Core (938ms)
✔ [2874/4169] Built Lean.Elab.Tactic.BoolToPropSimps (324ms)
✔ [2875/4169] Built Lean.Elab.Tactic.BoolToPropSimps:c.o (72ms)
✔ [2876/4169] Built Lean.Compiler.LCNF.Main:c.o (3.5s)
✔ [2877/4169] Built Lean.Meta.Tactic.Simp.RegisterCommand (613ms)
✔ [2878/4169] Built Lean.Meta.Tactic.Grind.Util (1.3s)
✔ [2879/4169] Built Lean.Parser.Term (4.3s)
✔ [2880/4169] Built Lean.Meta.Tactic.NormCast (907ms)
✔ [2881/4169] Built Lean.Meta.Tactic.Grind.AC.Var (306ms)
✔ [2882/4169] Built Lean.Meta.Tactic.Grind.AC.Var:c.o (68ms)
✔ [2883/4169] Built Lean.Meta.Tactic.Simp.SimpTheorems:c.o (7.4s)
✔ [2884/4169] Built Lean.Elab.WhereFinally (437ms)
✔ [2885/4169] Built Lean.Elab.Command.Scope (493ms)
✔ [2886/4169] Built Lean.Meta.Tactic.Simp.RegisterCommand:c.o (556ms)
✔ [2887/4169] Built Lean.Parser.Tactic (564ms)
✔ [2888/4169] Built Lean.Elab.WhereFinally:c.o (142ms)
✔ [2889/4169] Built Lean.Elab.Command.Scope:c.o (86ms)
✔ [2890/4169] Built Lean.Meta.Tactic.Simp.Attr:c.o (1.4s)
✔ [2891/4169] Built Lean.Meta.Tactic.Simp.BuiltinSimprocs.Nat (1.8s)
✔ [2892/4169] Built Lean.Elab.BindersUtil (907ms)
✔ [2893/4169] Built Lean.Parser.Tactic:c.o (368ms)
✔ [2894/4169] Built Lean.Compiler.LCNF.ToLCNF:c.o (11s)
✔ [2895/4169] Built Lean.Meta.Tactic.Simp.BuiltinSimprocs.List (438ms)
✔ [2896/4169] Built Lean.Elab.BindersUtil:c.o (503ms)
✔ [2897/4169] Built Lean.Meta.Tactic.Simp.BuiltinSimprocs.Array (634ms)
✔ [2898/4169] Built Lean.Elab.PreDefinition.TerminationHint (1.5s)
✔ [2899/4169] Built Lean.Meta.Tactic.Simp.BuiltinSimprocs.List:c.o (252ms)
✔ [2900/4169] Built Lake.Util.Binder (1.5s)
✔ [2901/4169] Built Lean.Parser.Do (1.7s)
✔ [2902/4169] Built Lean.Meta.Tactic.NormCast:c.o (1.7s)
✔ [2903/4169] Built Lake.Util (356ms)
✔ [2904/4169] Built Lake.Util:c.o (93ms)
✔ [2905/4169] Built Lean.Meta.Tactic.Simp.BuiltinSimprocs.Core:c.o (2.6s)
✔ [2906/4169] Built Lean.Meta.Tactic.Simp.BuiltinSimprocs.Int (1.4s)
✔ [2907/4169] Built Lean.Meta.Tactic.Simp.BuiltinSimprocs.Fin (1.6s)
✔ [2908/4169] Built Lean.Meta.Tactic.Simp.BuiltinSimprocs.Array:c.o (964ms)
✔ [2909/4169] Built Lake.Util.Binder:c.o (864ms)
✔ [2910/4169] Built Lean.Elab.PreDefinition.TerminationHint:c.o (1.0s)
✔ [2911/4169] Built Lake.Util.OpaqueType (940ms)
✔ [2912/4169] Built Lake.Config.Opaque (361ms)
✔ [2913/4169] Built Lake.Config.Opaque:c.o (76ms)
✔ [2914/4169] Built Lake.Config.Context (150ms)
✔ [2915/4169] Built Lake.Config.Context:c.o (74ms)
✔ [2916/4169] Built Lake.Config.Script (263ms)
✔ [2917/4169] Built Lake.Config.Script:c.o (93ms)
✔ [2918/4169] Built Lake.Build.Context (461ms)
✔ [2919/4169] Built Lean.Compiler.LCNF.Simp.ConstantFold:c.o (16s)
✔ [2920/4169] Built Lean.Meta.Tactic.Simp.Rewrite (4.4s)
✔ [2921/4169] Built Lake.Build.Context:c.o (230ms)
✔ [2922/4169] Built Lake.Util.OpaqueType:c.o (1.5s)
✔ [2923/4169] Built Lean.Meta.Tactic.Grind.MatchDiscrOnly (654ms)
✔ [2924/4169] Built Lean.Meta.Tactic.Simp.BuiltinSimprocs.UInt (3.7s)
✔ [2925/4169] Built Lean.Meta.Tactic.Simp.BuiltinSimprocs.BitVec (2.4s)
✔ [2926/4169] Built Lean.Parser.Do:c.o (3.1s)
✔ [2927/4169] Built Lean.Parser.Command (3.3s)
✔ [2928/4169] Built Lean.Meta.Tactic.Simp.BuiltinSimprocs.Char (889ms)
✔ [2929/4169] Built Lean.Elab.DeclarationRange (569ms)
✔ [2930/4169] Built Lean.Elab.DeclUtil (688ms)
✔ [2931/4169] Built Lean.Elab.DeclarationRange:c.o (202ms)
✔ [2932/4169] Built Lean.Meta.Tactic.Grind.Parser (808ms)
✔ [2933/4169] Built Lean.Meta.Tactic.Simp.BuiltinSimprocs.String (674ms)
✔ [2934/4169] Built Lean.Elab.Util (1.1s)
✔ [2935/4169] Built Lean.Parser.Module (1.2s)
✔ [2936/4169] Built Lean.Elab.DeclUtil:c.o (512ms)
✔ [2937/4169] Built Lean.Parser.Syntax (1.3s)
✔ [2938/4169] Built Lean.Compiler.LCNF.Specialize:c.o (12s)
✔ [2939/4169] Built Lean.Meta.Tactic.Grind.MatchDiscrOnly:c.o (2.1s)
✔ [2940/4169] Built Lean.Meta.Tactic.Grind.Util:c.o (6.8s)
✔ [2941/4169] Built Lean.Meta.Tactic.Grind.Parser:c.o (793ms)
✔ [2942/4169] Built Lean.Elab.Attributes (534ms)
✔ [2943/4169] Built Lean.Meta.Tactic.Simp.BuiltinSimprocs.SInt (4.7s)
✔ [2944/4169] Built Lean.Elab.Import (671ms)
✔ [2945/4169] Built Lean.Elab.ParseImportsFast (848ms)
✔ [2946/4169] Built Lean.Elab.Attributes:c.o (436ms)
✔ [2947/4169] Built Lean.Elab.Open (1.1s)
✔ [2948/4169] Built Lean.Server.Completion.ImportCompletion (1.0s)
✔ [2949/4169] Built Lean.Parser.Module:c.o (1.3s)
✔ [2950/4169] Built Lean.Parser (1.2s)
✔ [2951/4169] Built Lean.Elab.Import:c.o (601ms)
✔ [2952/4169] Built Lake.Config.Meta (2.5s)
✔ [2953/4169] Built Lean.Meta.Tactic.Simp.BuiltinSimprocs.String:c.o (1.6s)
✔ [2954/4169] Built Lean.Meta.Tactic.Simp.Simproc:c.o (9.2s)
✔ [2955/4169] Built Lean.Elab.Mixfix (1.1s)
✔ [2956/4169] Built Lean.Compiler.LCNF.Simp.Main:c.o (16s)
✔ [2957/4169] Built Lake.Config.InputFileConfig (524ms)
✔ [2958/4169] Built Lake.Config.WorkspaceConfig (465ms)
✔ [2959/4169] Built Lean.Meta.Tactic.Simp.BuiltinSimprocs.Int:c.o (5.0s)
✔ [2960/4169] Built Lake.Config.WorkspaceConfig:c.o (149ms)
✔ [2961/4169] Built Lean.Meta.Tactic.Simp.BuiltinSimprocs.Char:c.o (3.0s)
✔ [2962/4169] Built Lean.Elab.ParseImportsFast:c.o (1.3s)
✔ [2963/4169] Built Lake.Config.InputFileConfig:c.o (311ms)
✔ [2964/4169] Built Lake.Toml.ParserUtil (869ms)
✔ [2965/4169] Built Lean.Server.Completion.ImportCompletion:c.o (1.2s)
✔ [2966/4169] Built Lean.Elab.Open:c.o (1.4s)
✔ [2967/4169] Built Lean.Parser.Syntax:c.o (2.4s)
✔ [2968/4169] Built Lean.Elab.Util:c.o (2.6s)
✔ [2969/4169] Built Lake.Config.LeanConfig (1.2s)
✔ [2970/4169] Built Lean.Parser:c.o (1.5s)
✔ [2971/4169] Built Lean.Meta.Tactic.Simp.BuiltinSimprocs.Nat:c.o (8.6s)
✔ [2972/4169] Built Lean.Elab.Mixfix:c.o (1.5s)
✔ [2973/4169] Built Lake.Config.LeanExeConfig (627ms)
✔ [2974/4169] Built Lake.Config.LeanLibConfig (725ms)
✔ [2975/4169] Built Lake.Toml.ParserUtil:c.o (1.1s)
✔ [2976/4169] Built Lake.Toml.Grammar (1.2s)
✔ [2977/4169] Built Lake.Config.LeanExeConfig:c.o (615ms)
✔ [2978/4169] Built Lake.Config.PackageConfig (1.5s)
✔ [2979/4169] Built Lake.Config.LeanConfig:c.o (1.8s)
✔ [2980/4169] Built Lake.Config.LeanLibConfig:c.o (977ms)
✔ [2981/4169] Built Lake.Config.ConfigDecl (1.1s)
✔ [2982/4169] Built Lean.Meta.Tactic.Simp.BuiltinSimprocs.Fin:c.o (8.2s)
✔ [2983/4169] Built Lake.Toml.Grammar:c.o (1.3s)
✔ [2984/4169] Built Lake.Config.ConfigDecl:c.o (443ms)
✔ [2985/4169] Built Lake.Toml.Elab.Value (1.5s)
✔ [2986/4169] Built Lake.Config.Package (938ms)
✔ [2987/4169] Built Lake.Config.ConfigTarget (437ms)
✔ [2988/4169] Built Lake.Build.Info (499ms)
✔ [2989/4169] Built Lean.Parser.Term:c.o (12s)
✔ [2990/4169] Built Lake.Config.Package:c.o (602ms)
✔ [2991/4169] Built Lake.Build.Info:c.o (130ms)
✔ [2992/4169] Built Lake.Config.ConfigTarget:c.o (167ms)
✔ [2993/4169] Built Lake.Config.ExternLib (448ms)
✔ [2994/4169] Built Lake.Config.ExternLib:c.o (150ms)
✔ [2995/4169] Built Lake.Config.LeanLib (673ms)
✔ [2996/4169] Built Lake.Load.Materialize (1.1s)
✔ [2997/4169] Built Lean.Parser.Command:c.o (7.7s)
✔ [2998/4169] Built Lake.Toml.Elab.Expression (1.6s)
✔ [2999/4169] Built Lake.Config.InputFile (970ms)
✔ [3000/4169] Built Lake.Config.LeanLib:c.o (379ms)
✔ [3001/4169] Built Lake.Config.InputFile:c.o (111ms)
✔ [3002/4169] Built Lake.Toml.Elab (309ms)
✔ [3003/4169] Built Lake.Toml.Elab:c.o (71ms)
✔ [3004/4169] Built Lake.CLI.Translate.Toml (1.8s)
✔ [3005/4169] Built Lake.Config.Module (767ms)
✔ [3006/4169] Built Lake.Toml.Load (419ms)
✔ [3007/4169] Built Lake.Toml.Elab.Value:c.o (2.4s)
✔ [3008/4169] Built Lake.Toml.Load:c.o (329ms)
✔ [3009/4169] Built Lake.Toml (344ms)
✔ [3010/4169] Built Lake.Config.LeanExe (509ms)
✔ [3011/4169] Built Lake.Toml:c.o (69ms)
✔ [3012/4169] Built Lake.Config.LeanExe:c.o (460ms)
✔ [3013/4169] Built Lake.Config.Module:c.o (1.1s)
✔ [3014/4169] Built Lake.Config.PackageConfig:c.o (4.4s)
✔ [3015/4169] Built Lake.Load.Materialize:c.o (2.0s)
✔ [3016/4169] Built Lake.Build.Infos (907ms)
✔ [3017/4169] Built Lake.Build.Fetch (452ms)
✔ [3018/4169] Built Lake.Build.Infos:c.o (556ms)
✔ [3019/4169] Built Lean.Meta.Tactic.Simp.Types:c.o (19s)
✔ [3020/4169] Built Lake.Build.Fetch:c.o (274ms)
✔ [3021/4169] Built Lake.Config.FacetConfig (548ms)
✔ [3022/4169] Built Lake.Config.TargetConfig (474ms)
✔ [3023/4169] Built Lake.Build.Job.Register (574ms)
✔ [3024/4169] Built Lake.Config.FacetConfig:c.o (188ms)
✔ [3025/4169] Built Lake.Config.TargetConfig:c.o (222ms)
✔ [3026/4169] Built Lake.Toml.Elab.Expression:c.o (3.5s)
✔ [3027/4169] Built Lake.Build.Job.Register:c.o (550ms)
✔ [3028/4169] Built Lake.Load.Toml (3.0s)
✔ [3029/4169] Built Lake.Build.Job.Monad (1.4s)
✔ [3030/4169] Built Lake.Config.Workspace (999ms)
✔ [3031/4169] Built Lake.Build.Job (299ms)
✔ [3032/4169] Built Lake.Build.Job:c.o (65ms)
✔ [3033/4169] Built Lake.Config.Monad (815ms)
✔ [3034/4169] Built Lake.Load.Lean.Eval (1.1s)
✔ [3035/4169] Built Lake.Config (327ms)
✔ [3036/4169] Built Lake.Config:c.o (94ms)
✔ [3037/4169] Built Lake.Config.Workspace:c.o (1.5s)
✔ [3038/4169] Built Lake.Build.Index (824ms)
✔ [3039/4169] Built Lean.Meta.ExprDefEq:c.o (32s)
✔ [3040/4169] Built Lake.Config.Monad:c.o (938ms)
✔ [3041/4169] Built Lake.CLI.Build (936ms)
✔ [3042/4169] Built Lean.Meta.Coe:c.o (36s)
✔ [3043/4169] Built Lake.Build.Targets (1.1s)
✔ [3044/4169] Built Lake.Build.Job.Monad:c.o (2.3s)
✔ [3045/4169] Built Lake.Build.Index:c.o (851ms)
✔ [3046/4169] Built Lake.Build.Target.Fetch (1.8s)
✔ [3047/4169] Built Lake.Build.Targets:c.o (685ms)
✔ [3048/4169] Built Lake.Build.Target (319ms)
✔ [3049/4169] Built Lake.Build.Target:c.o (68ms)
✔ [3050/4169] Built Lean.Meta.Tactic.Simp.Rewrite:c.o (16s)
✔ [3051/4169] Built Lake.Build.Run (1.5s)
✔ [3052/4169] Built Lake.Load.Lean.Eval:c.o (2.2s)
✔ [3053/4169] Built Lake.CLI.Build:c.o (1.8s)
✔ [3054/4169] Built Lake.Config.Meta:c.o (13s)
✔ [3055/4169] Built Lake.Build.Target.Fetch:c.o (1.5s)
✔ [3056/4169] Built Lean.PrettyPrinter.Delaborator.Builtins (16s)
✔ [3057/4169] Built Lake.Build.Run:c.o (1.4s)
✔ [3058/4169] Built Lean.PrettyPrinter.Delaborator (303ms)
✔ [3059/4169] Built Lean.PrettyPrinter.Delaborator:c.o (70ms)
✔ [3060/4169] Built Lean.PrettyPrinter (669ms)
✔ [3061/4169] Built Lake.CLI.Translate.Toml:c.o (8.9s)
✔ [3062/4169] Built Lean.Meta.Tactic.Simp.BuiltinSimprocs.UInt:c.o (18s)
✔ [3063/4169] Built Lean.Meta.TryThis (678ms)
✔ [3064/4169] Built Lean.Meta.Diagnostics (808ms)
✔ [3065/4169] Built Lean.Meta.TryThis:c.o (530ms)
✔ [3066/4169] Built Lean.Elab.PreDefinition.MkInhabitant (1.2s)
✔ [3067/4169] Built Lean.PrettyPrinter:c.o (1.3s)
✔ [3068/4169] Built Lean.Meta.Tactic.Apply (1.4s)
✔ [3069/4169] Built Lean.Meta.Tactic.Simp.Diagnostics (694ms)
✔ [3070/4169] Built Lean.Server.InfoUtils (1.7s)
✔ [3071/4169] Built Lean.Meta.Tactic.Refl (520ms)
✔ [3072/4169] Built Lean.Meta.Tactic.Constructor (563ms)
✔ [3073/4169] Built Lean.Meta.Hint (1.4s)
✔ [3074/4169] Built Lean.Widget.Basic (367ms)
✔ [3075/4169] Built Lean.Linter.Util (467ms)
✔ [3076/4169] Built Lean.Widget.Basic:c.o (96ms)
✔ [3077/4169] Built Lean.Meta.Tactic.Rewrite (831ms)
✔ [3078/4169] Built Lean.Elab.PreDefinition.MkInhabitant:c.o (1.0s)
✔ [3079/4169] Built Lean.Linter.Util:c.o (157ms)
✔ [3080/4169] Built Lean.Server.Utils (677ms)
✔ [3081/4169] Built Lean.Elab.AutoBound (483ms)
✔ [3082/4169] Built Lean.Meta.Diagnostics:c.o (1.9s)
✔ [3083/4169] Built Lean.Meta.Tactic.Congr (767ms)
✔ [3084/4169] Built Lean.Meta.Tactic.Refl:c.o (919ms)
✔ [3085/4169] Built Lean.Widget.InteractiveCode (681ms)
✔ [3086/4169] Built Lean.Elab.AutoBound:c.o (297ms)
✔ [3087/4169] Built Lean.Server.FileWorker.SignatureHelp (1.1s)
✔ [3088/4169] Built Lean.Meta.Tactic.Constructor:c.o (1.0s)
✔ [3089/4169] Built Lean.Server.Utils:c.o (628ms)
✔ [3090/4169] Built Lean.Server.FileWorker.SetupFile (650ms)
✔ [3091/4169] Built Lean.Meta.Tactic.Simp.Diagnostics:c.o (1.7s)
✔ [3092/4169] Built Lean.Elab.StructInstHint (1.1s)
✔ [3093/4169] Built Lean.Server.Completion.SyntheticCompletion (1.5s)
✔ [3094/4169] Built Lean.Elab.Level (702ms)
✔ [3095/4169] Built Lean.Widget.InteractiveCode:c.o (776ms)
✔ [3096/4169] Built Lean.Meta.Tactic.Simp.BuiltinSimprocs.BitVec:c.o (21s)
✔ [3097/4169] Built Lean.Server.FileWorker.SetupFile:c.o (466ms)
✔ [3098/4169] Built Lean.Server.GoTo (1.5s)
✔ [3099/4169] Built Lean.Server.FileWorker.SignatureHelp:c.o (1.0s)
✔ [3100/4169] Built Lean.Server.Completion.CompletionInfoSelection (658ms)
✔ [3101/4169] Built Lean.Meta.Tactic.Rewrite:c.o (1.9s)
✔ [3102/4169] Built Lean.Meta.Tactic.Congr:c.o (1.6s)
✔ [3103/4169] Built Lean.Elab.Level:c.o (1.0s)
✔ [3104/4169] Built Lean.Elab.StructInstHint:c.o (1.1s)
✔ [3105/4169] Built Lean.Server.Completion.SyntheticCompletion:c.o (1.2s)
✔ [3106/4169] Built Lean.Server.Completion.CompletionResolution (526ms)
✔ [3107/4169] Built Lean.Widget.InteractiveGoal (1.7s)
✔ [3108/4169] Built Lean.Server.Completion.CompletionInfoSelection:c.o (645ms)
✔ [3109/4169] Built Lean.Server.References (2.4s)
✔ [3110/4169] Built Lean.Server.Completion.CompletionResolution:c.o (435ms)
✔ [3111/4169] Built Std.Tactic.BVDecide.Bitblast.BVExpr.Circuit.Lemmas.Expr (34s)
✔ [3112/4169] Built Lean.Server.InfoUtils:c.o (3.7s)
✔ [3113/4169] Built Lean.Widget.Diff (1.0s)
✔ [3114/4169] Built Lean.Meta.Tactic.Apply:c.o (4.2s)
✔ [3115/4169] Built Std.Tactic.BVDecide.Bitblast.BVExpr.Circuit.Lemmas.Expr:c.o (387ms)
✔ [3116/4169] Built Std.Tactic.BVDecide.Bitblast.BVExpr.Circuit.Lemmas.Pred (493ms)
✔ [3117/4169] Built Std.Tactic.BVDecide.Bitblast.BVExpr.Circuit.Lemmas.Pred:c.o (94ms)
✔ [3118/4169] Built Lake.Build.Common (8.6s)
✔ [3119/4169] Built Lake.Build.InputFile (429ms)
✔ [3120/4169] Built Std.Tactic.BVDecide.Bitblast.BVExpr.Circuit.Lemmas (678ms)
✔ [3121/4169] Built Std.Tactic.BVDecide.Bitblast.BVExpr.Circuit.Lemmas:c.o (67ms)
✔ [3122/4169] Built Lake.Build.ExternLib (773ms)
✔ [3123/4169] Built Lean.Meta.Hint:c.o (4.6s)
✔ [3124/4169] Built Std.Tactic.BVDecide.Bitblast.BVExpr.Circuit (309ms)
✔ [3125/4169] Built Std.Tactic.BVDecide.Bitblast.BVExpr.Circuit:c.o (66ms)
✔ [3126/4169] Built Std.Tactic.BVDecide.Bitblast.BVExpr (279ms)
✔ [3127/4169] Built Std.Tactic.BVDecide.Bitblast.BVExpr:c.o (68ms)
✔ [3128/4169] Built Lean.Server.GoTo:c.o (3.2s)
✔ [3129/4169] Built Lake.Build.InputFile:c.o (759ms)
✔ [3130/4169] Built Std.Tactic.BVDecide.Bitblast (319ms)
✔ [3131/4169] Built Lake.Build.Executable (1.5s)
✔ [3132/4169] Built Std.Tactic.BVDecide.Bitblast:c.o (78ms)
✔ [3133/4169] Built Lean.Meta.Tactic.Simp.Main (5.9s)
✔ [3134/4169] Built Lake.Build.Package (1.7s)
✔ [3135/4169] Built Lean.Compiler.IR.EmitLLVM:c.o (35s)
✔ [3136/4169] Built Lake.Build.ExternLib:c.o (1.0s)
✔ [3137/4169] Built Lake.Build.Library (1.8s)
✔ [3138/4169] Built Std.Tactic.BVDecide.Reflect (558ms)
✔ [3139/4169] Built Lean.Meta.Tactic.Unfold (641ms)
✔ [3140/4169] Built Lean.Meta.Tactic.Acyclic (709ms)
✔ [3141/4169] Built Std.Tactic.BVDecide (310ms)
✔ [3142/4169] Built Std.Tactic.BVDecide.Reflect:c.o (425ms)
✔ [3143/4169] Built Std.Tactic.BVDecide:c.o (74ms)
✔ [3144/4169] Built Lean.Elab.Tactic.BVDecide.Frontend.BVDecide.ReifiedBVExpr (524ms)
✔ [3145/4169] Built Std.Tactic (336ms)
✔ [3146/4169] Built Lean.Meta.Tactic.Simp.SimpAll (1.2s)
✔ [3147/4169] Built Std.Tactic:c.o (70ms)
✔ [3148/4169] Built Lean.Meta.Tactic.Simp.BuiltinSimprocs.SInt:c.o (24s)
✔ [3149/4169] Built Lean.Meta.MethodSpecs (1.6s)
✔ [3150/4169] Built Lean.Meta.Tactic.Unfold:c.o (890ms)
✔ [3151/4169] Built Lean.Elab.Tactic.BVDecide.Frontend.BVDecide.ReifiedBVExpr:c.o (438ms)
✔ [3152/4169] Built Std (445ms)
✔ [3153/4169] Built Lean.Elab.Tactic.BVDecide.Frontend.BVDecide.ReifiedBVPred (548ms)
✔ [3154/4169] Built Std:c.o (77ms)
✔ [3155/4169] Built Lean.Meta.Tactic.Acyclic:c.o (1.2s)
✔ [3156/4169] Built Std:static (344ms)
✔ [3157/4169] Built Std:static (325ms)
✔ [3159/4169] Built Lean.Elab.Term.TermElabM (6.3s)
✔ [3160/4169] Built Lean.Widget.InteractiveGoal:c.o (5.0s)
✔ [3161/4169] Built Lean.Meta.Tactic.Simp.BuiltinSimprocs.MethodSpecs (564ms)
✔ [3162/4169] Built Lean.Meta.Tactic.Cases (1.5s)
✔ [3163/4169] Built Lean.Elab.Tactic.BVDecide.Frontend.BVDecide.ReifiedBVPred:c.o (660ms)
✔ [3164/4169] Built Lean.Elab.Tactic.BVDecide.Frontend.BVDecide.ReifiedBVLogical (616ms)
✔ [3165/4169] Built Lean.Widget.Diff:c.o (4.1s)
✔ [3166/4169] Built Lean.Meta.Tactic.Simp.BuiltinSimprocs (339ms)
✔ [3167/4169] Built Lean.Meta.Tactic.Simp.BuiltinSimprocs:c.o (85ms)
✔ [3168/4169] Built Lake.Build.Executable:c.o (2.7s)
✔ [3169/4169] Built Lean.Meta.Tactic.Simp (458ms)
✔ [3170/4169] Built Lean.Meta.CtorIdxHInj (755ms)
✔ [3171/4169] Built Lean.Elab.Tactic.BVDecide.Frontend.BVDecide.ReifiedLemmas (712ms)
✔ [3172/4169] Built Lean.Meta.Tactic.Simp.BuiltinSimprocs.MethodSpecs:c.o (922ms)
✔ [3173/4169] Built Lean.Meta.Tactic.Simp:c.o (167ms)
✔ [3174/4169] Built Lean.Elab.Tactic.BVDecide.Frontend.BVDecide.ReifiedBVLogical:c.o (873ms)
✔ [3175/4169] Built Lean.Meta.Tactic.Grind.Cases (1.0s)
✔ [3176/4169] Built Lean.Elab.Tactic.TreeTacAttr (398ms)
✔ [3177/4169] Built Lean.Elab.Tactic.TreeTacAttr:c.o (76ms)
✔ [3178/4169] Built Lake.Build.Package:c.o (3.2s)
✔ [3179/4169] Built Lean.Meta.Constructions.BRecOn (1.4s)
✔ [3180/4169] Built Lean.Elab.Tactic.BVDecide.Frontend.BVDecide.ReifiedLemmas:c.o (751ms)
✔ [3181/4169] Built Lean.Elab.Tactic.BVDecide.Frontend.Normalize.ApplyControlFlow (750ms)
✔ [3182/4169] Built Lean.Meta.Tactic.SplitIf (1.9s)
✔ [3183/4169] Built Lake.Build.Library:c.o (3.8s)
✔ [3184/4169] Built Lean.Meta.Tactic.Contradiction (1.0s)
✔ [3185/4169] Built Lean.Elab.Tactic.BVDecide.Frontend.Normalize.ApplyControlFlow:c.o (470ms)
✔ [3186/4169] Built Lean.Meta.CtorIdxHInj:c.o (1.4s)
✔ [3187/4169] Built Lean.Elab.Tactic.Do.Attr (1.4s)
✔ [3188/4169] Built Lean.Elab.Tactic.Do.LetElim (1.5s)
✔ [3189/4169] Built Lean.Meta.Tactic.CasesOnStuckLHS (511ms)
✔ [3190/4169] Built Lean.Meta.Tactic.CasesOnStuckLHS:c.o (452ms)
✔ [3191/4169] Built Lean.Meta.Match.SimpH (951ms)
✔ [3192/4169] Built Lean.Elab.Tactic.BVDecide.Frontend.BVDecide.Reify (2.1s)
✔ [3193/4169] Built Lean.Meta.Match.SolveOverlap (1.2s)
✔ [3194/4169] Built Lean.Meta.Tactic.Grind.Cases:c.o (2.5s)
✔ [3195/4169] Built Lean.Elab.Tactic.BVDecide.Frontend.BVDecide.SatAtBVLogical (582ms)
✔ [3196/4169] Built Lean.Meta.Injective (4.0s)
✔ [3197/4169] Built Lean.Meta.Tactic.Split (2.2s)
✔ [3198/4169] Built Lean.Elab.Tactic.BVDecide.Frontend.BVDecide.SatAtBVLogical:c.o (668ms)
✔ [3199/4169] Built Lean.Server.References:c.o (9.2s)
✔ [3200/4169] Built Lean.Meta.MethodSpecs:c.o (5.6s)
✔ [3201/4169] Built Lean.Meta.Tactic.Simp.SimpAll:c.o (6.6s)
✔ [3202/4169] Built Lean.Meta.Match.MatcherApp.Transform (1.9s)
✔ [3203/4169] Built Lean.Elab.Tactic.Do.Attr:c.o (3.0s)
✔ [3204/4169] Built Lean.Meta.Match.SimpH:c.o (3.3s)
✔ [3205/4169] Built Lake.Build.Common:c.o (9.9s)
✔ [3206/4169] Built Lean.Meta.Match.MatcherApp (328ms)
✔ [3207/4169] Built Lean.Meta.Match.MatcherApp:c.o (72ms)
✔ [3208/4169] Built Lean.Elab.Tactic.Do.LetElim:c.o (4.2s)
✔ [3209/4169] Built Lean.Meta.Tactic.Cases:c.o (7.4s)
✔ [3210/4169] Built Lean.Meta.Match.Match (4.8s)
✔ [3211/4169] Built Lean.Meta.Tactic.SplitIf:c.o (6.7s)
✔ [3212/4169] Built Lean.Elab.PreDefinition.EqnsUtils (479ms)
✔ [3213/4169] Built Lean.Elab.Tactic.BVDecide.Frontend.BVDecide.Reify:c.o (5.0s)
✔ [3214/4169] Built Lean.Elab.PreDefinition.EqnsUtils:c.o (642ms)
✔ [3215/4169] Built Lean.Meta.Match.MatchEqs (1.8s)
✔ [3216/4169] Built Lake.Build.Module (13s)
✔ [3217/4169] Built Lean.Meta.Match (326ms)
✔ [3218/4169] Built Lean.Meta.Match:c.o (94ms)
✔ [3219/4169] Built Lean.Elab.PreDefinition.Eqns (1.9s)
✔ [3220/4169] Built Lake.Build.InitFacets (407ms)
✔ [3221/4169] Built Lean.Meta.Match.SolveOverlap:c.o (7.4s)
✔ [3222/4169] Built Lake.CLI.Actions (634ms)
✔ [3223/4169] Built Lake.Build (353ms)
✔ [3224/4169] Built Lean.Meta.Injective:c.o (6.9s)
✔ [3225/4169] Built Lake.Build:c.o (98ms)
✔ [3226/4169] Built Lake.Build.InitFacets:c.o (604ms)
✔ [3227/4169] Built Lean.Elab.DocString (11s)
✔ [3228/4169] Built Lake.CLI.Actions:c.o (956ms)
✔ [3229/4169] Built Lean.Elab.DocString.Builtin.Parsing (698ms)
✔ [3230/4169] Built Lean.PrettyPrinter.Delaborator.Builtins:c.o (23s)
✔ [3231/4169] Built Lean.Elab.DocString.Builtin.Scopes (619ms)
✔ [3232/4169] Built Lean.Elab.DocString.Builtin.Postponed (1.3s)
✔ [3233/4169] Built Lean.DocString.Add (1.4s)
✔ [3234/4169] Built Lean.Elab.DocString.Builtin.Parsing:c.o (724ms)
✔ [3235/4169] Built Lean.Elab.DocString.Builtin.Scopes:c.o (704ms)
✔ [3236/4169] Built Lean.Elab.InheritDoc (697ms)
✔ [3237/4169] Built Lean.Elab.DeclModifiers (1.4s)
✔ [3238/4169] Built Lean.Elab.InheritDoc:c.o (1.2s)
✔ [3239/4169] Built Lean.Elab.Term (589ms)
✔ [3240/4169] Built Lean.Elab.DocString.Builtin.Postponed:c.o (2.2s)
✔ [3241/4169] Built Lean.Elab.MatchAltView (408ms)
✔ [3242/4169] Built Lean.Elab.Term:c.o (545ms)
✔ [3243/4169] Built Lean.Elab.MatchAltView:c.o (74ms)
✔ [3244/4169] Built Lean.Meta.Tactic.Split:c.o (11s)
✔ [3245/4169] Built Lean.Elab.Arg (663ms)
✔ [3246/4169] Built Lean.Elab.Quotation.Util (966ms)
✔ [3247/4169] Built Lean.Elab.Arg:c.o (400ms)
✔ [3248/4169] Built Lean.IdentifierSuggestion (1.9s)
✔ [3249/4169] Built Lean.Meta.Tactic.SolveByElim (1.4s)
✔ [3250/4169] Built Lean.Elab.Quotation.Util:c.o (724ms)
✔ [3251/4169] Built Lean.Elab.MatchExpr (1.7s)
✔ [3252/4169] Built Lean.Elab.DeclModifiers:c.o (2.8s)
✔ [3253/4169] Built Lean.DocString.Add:c.o (4.3s)
✔ [3254/4169] Built Lean.Elab.Quotation.Precheck (1.6s)
✔ [3255/4169] Built Lean.IdentifierSuggestion:c.o (1.7s)
✔ [3256/4169] Built Lean.Meta.Constructions.BRecOn:c.o (16s)
✔ [3257/4169] Built Lean.Elab.Tactic.Basic (4.4s)
✔ [3258/4169] Built Lean.Meta.IndPredBelow (3.4s)
✔ [3259/4169] Built Lean.Elab.PreDefinition.WF.Basic (537ms)
✔ [3260/4169] Built Lean.Elab.Tactic.Congr (556ms)
✔ [3261/4169] Built Lean.Elab.Task (650ms)
✔ [3262/4169] Built Lean.Elab.Tactic.ExposeNames (670ms)
✔ [3263/4169] Built Lean.Elab.PreDefinition.WF.Basic:c.o (207ms)
✔ [3264/4169] Built Lean.Elab.Tactic.Congr:c.o (199ms)
✔ [3265/4169] Built Lean.Elab.Tactic.Repeat (695ms)
✔ [3266/4169] Built Lean.Elab.Tactic.FalseOrByContra (768ms)
✔ [3267/4169] Built Lean.Elab.Tactic.Classical (768ms)
✔ [3268/4169] Built Lean.Elab.Tactic.ExposeNames:c.o (145ms)
✔ [3269/4169] Built Lean.Elab.Quotation.Precheck:c.o (2.7s)
✔ [3270/4169] Built Lean.Meta.Tactic.SolveByElim:c.o (3.8s)
✔ [3271/4169] Built Lean.Elab.PatternVar (4.8s)
✔ [3272/4169] Built Lean.Elab.Task:c.o (512ms)
✔ [3273/4169] Built Lean.Meta.Tactic.Rfl (1.2s)
✔ [3274/4169] Built Lean.Elab.Tactic.Do.ProofMode.MGoal (1.4s)
✔ [3275/4169] Built Lean.Elab.MatchExpr:c.o (4.1s)
✔ [3276/4169] Built Lean.Elab.Tactic.Rfl (480ms)
✔ [3277/4169] Built Lean.Server.Test.Cancel (1.8s)
✔ [3278/4169] Built Lean.Elab.Tactic.Repeat:c.o (1.1s)
✔ [3279/4169] Built Lean.Elab.Tactic.Rfl:c.o (174ms)
✔ [3280/4169] Built Lean.Meta.MkIffOfInductiveProp (1.9s)
✔ [3281/4169] Built Lean.Elab.PreDefinition.EqUnfold (804ms)
✔ [3282/4169] Built Lean.Elab.Tactic.FalseOrByContra:c.o (1.2s)
✔ [3283/4169] Built Lean.Elab.Tactic.Classical:c.o (1.3s)
✔ [3284/4169] Built Lean.Elab.Tactic.Do.ProofMode.Focus (651ms)
✔ [3285/4169] Built Lean.Elab.Tactic.Do.ProofMode.Constructor (620ms)
✔ [3286/4169] Built Lean.Elab.Tactic.Monotonicity (2.2s)
✔ [3287/4169] Built Lean.Elab.Tactic.Do.ProofMode.LeftRight (730ms)
✔ [3288/4169] Built Lean.Meta.Tactic.Contradiction:c.o (19s)
✔ [3289/4169] Built Lean.Elab.Tactic.Do.ProofMode.Basic (794ms)
✔ [3290/4169] Built Lean.Meta.Match.MatchEqs:c.o (11s)
✔ [3291/4169] Built Lean.Elab.Tactic.Do.ProofMode.Delab (1.1s)
✔ [3292/4169] Built Lean.Elab.Parallel (1.9s)
✔ [3293/4169] Built Lean.Elab.Tactic.Do.ProofMode.Focus:c.o (523ms)
✔ [3294/4169] Built Lean.Elab.Tactic.Do.ProofMode.Clear (621ms)
✔ [3295/4169] Built Lean.Elab.Term.TermElabM:c.o (21s)
✔ [3296/4169] Built Lean.Elab.Tactic.Do.ProofMode.Frame (805ms)
✔ [3297/4169] Built Lean.Elab.Tactic.Do.ProofMode.LeftRight:c.o (724ms)
✔ [3298/4169] Built Lean.Elab.Tactic.Do.ProofMode.Constructor:c.o (789ms)
✔ [3299/4169] Built Lean.Elab.Tactic.Do.ProofMode.RenameI (601ms)
✔ [3300/4169] Built Lean.Elab.Tactic.Do.ProofMode.Exfalso (644ms)
✔ [3301/4169] Built Lean.Elab.PreDefinition.Eqns:c.o (11s)
✔ [3302/4169] Built Lean.Elab.SyntheticMVars (3.3s)
✔ [3303/4169] Built Lean.Elab.Tactic.Do.ProofMode.Clear:c.o (583ms)
✔ [3304/4169] Built Lean.Elab.Tactic.Do.ProofMode.Revert (992ms)
✔ [3305/4169] Built Lean.Elab.Tactic.Do.ProofMode.MGoal:c.o (1.0s)
✔ [3306/4169] Built Lean.Elab.Tactic.Do.ProofMode.Basic:c.o (1.1s)
✔ [3307/4169] Built Lean.Elab.Tactic.Do.ProofMode.RenameI:c.o (494ms)
✔ [3308/4169] Built Lean.Elab.Tactic.Do.ProofMode.Exfalso:c.o (539ms)
✔ [3309/4169] Built Lean.Elab.PreDefinition.EqUnfold:c.o (1.4s)
✔ [3310/4169] Built Lean.Elab.Tactic.Do.ProofMode.Intro (1.3s)
✔ [3311/4169] Built Lean.Elab.Tactic.Do.ProofMode.Delab:c.o (1.1s)
✔ [3312/4169] Built Lean.Server.Test.Cancel:c.o (1.8s)
✔ [3313/4169] Built Lean.Elab.Eval (507ms)
✔ [3314/4169] Built Lean.Elab.Tactic.Meta (567ms)
✔ [3315/4169] Built Lake.Load.Toml:c.o (38s)
✔ [3316/4169] Built Lean.Elab.Eval:c.o (358ms)
✔ [3317/4169] Built Lean.Elab.Tactic.AsAuxLemma (573ms)
✔ [3318/4169] Built Lean.Elab.Tactic.Do.VCGen.SuggestInvariant (3.3s)
✔ [3319/4169] Built Lean.Meta.Tactic.Rfl:c.o (3.7s)
✔ [3320/4169] Built Lean.Elab.Tactic.AsAuxLemma:c.o (515ms)
✔ [3321/4169] Built Lean.Elab.Tactic.Do.ProofMode.Pure (1.1s)
✔ [3322/4169] Built Lean.Elab.Tactic.Meta:c.o (1.2s)
✔ [3323/4169] Built Lean.Elab.Tactic.Do.ProofMode.Frame:c.o (2.5s)
✔ [3324/4169] Built Lean.Elab.Parallel:c.o (3.5s)
✔ [3325/4169] Built Lake.Build.Module:c.o (15s)
✔ [3326/4169] Built Lean.Elab.Tactic.Do.ProofMode.Cases (1.3s)
✔ [3327/4169] Built Lean.Elab.Tactic.Do.ProofMode.Intro:c.o (2.9s)
✔ [3328/4169] Built Lean.Elab.Tactic.Monotonicity:c.o (4.6s)
✔ [3329/4169] Built Lean.Elab.Tactic.Do.ProofMode.Revert:c.o (3.7s)
✔ [3330/4169] Built Lean.Elab.BuiltinTerm (3.3s)
✔ [3331/4169] Built Lean.Elab.Tactic.Do.ProofMode.Pure:c.o (2.2s)
✔ [3332/4169] Built Lean.Meta.MkIffOfInductiveProp:c.o (5.9s)
✔ [3333/4169] Built Lean.Meta.Tactic.Simp.Main:c.o (29s)
✔ [3334/4169] Built Lean.Elab.PatternVar:c.o (7.6s)
✔ [3335/4169] Built Lean.Elab.Match (7.4s)
✔ [3336/4169] Built Lean.Meta.Match.Match:c.o (22s)
✔ [3337/4169] Built Lean.Elab.Tactic.Do.ProofMode.Cases:c.o (5.7s)
✔ [3338/4169] Built Lean.Meta.Match.MatcherApp.Transform:c.o (26s)
✔ [3339/4169] Built Lean.Meta.IndPredBelow:c.o (13s)
✔ [3340/4169] Built Lean.Elab.Binders (6.6s)
✔ [3341/4169] Built Lean.Elab.BuiltinTerm:c.o (11s)
✔ [3342/4169] Built Lean.Elab.Tactic.RenameInaccessibles (942ms)
✔ [3343/4169] Built Lean.Elab.Tactic.Basic:c.o (18s)
✔ [3344/4169] Built Lean.Elab.PreDefinition.TerminationMeasure (1.5s)
✔ [3345/4169] Built Lean.Elab.SyntheticMVars:c.o (16s)
✔ [3346/4169] Built Lean.Elab.PreDefinition.TerminationMeasure:c.o (1.1s)
✔ [3347/4169] Built Lean.Elab.Do.Basic (3.3s)
✔ [3348/4169] Built Lean.Elab.Command (3.5s)
✔ [3349/4169] Built Lean.Elab.Tactic.RenameInaccessibles:c.o (2.8s)
✔ [3350/4169] Built Lean.Elab.InfoTrees (716ms)
✔ [3351/4169] Built Lean.Util.Reprove (759ms)
✔ [3352/4169] Built Lean.Linter.DocsOnAlt (716ms)
✔ [3353/4169] Built Lean.Language.Lean.Types (808ms)
✔ [3354/4169] Built Lean.Elab.Command.WithWeakNamespace (775ms)
✔ [3355/4169] Built Lean.Elab.Time (810ms)
✔ [3356/4169] Built Lean.Linter.Omit (795ms)
✔ [3357/4169] Built Lean.Linter.Sets (858ms)
✔ [3358/4169] Built Lean.Elab.Tactic.Do.VCGen.SuggestInvariant:c.o (17s)
✔ [3359/4169] Built Lean.Elab.GenInjective (896ms)
✔ [3360/4169] Built Lean.Language.Lean.Types:c.o (234ms)
✔ [3361/4169] Built Lean.Elab.Tactic.Grind.Annotated (1.1s)
✔ [3362/4169] Built Lean.Elab.GenInjective:c.o (127ms)
✔ [3363/4169] Built Lean.Linter.ConstructorAsVariable (1.0s)
✔ [3364/4169] Built Lean.Elab.Tactic.Simproc (1.1s)
✔ [3365/4169] Built Lean.Elab.Command.WithWeakNamespace:c.o (325ms)
✔ [3366/4169] Built Lean.Util.TestExtern (1.1s)
✔ [3367/4169] Built Lean.Linter.Coe (1.1s)
✔ [3368/4169] Built Lean.Elab.Time:c.o (393ms)
✔ [3369/4169] Built Lean.Elab.RecommendedSpelling (1.2s)
✔ [3370/4169] Built Lean.Util.Reprove:c.o (493ms)
✔ [3371/4169] Built Lean.Linter.Omit:c.o (442ms)
✔ [3372/4169] Built Lean.Elab.Tactic.DiscrTreeKey (1.4s)
✔ [3373/4169] Built Lean.Linter.Sets:c.o (474ms)
✔ [3374/4169] Built Lean.Elab.AuxDef (1.4s)
✔ [3375/4169] Built Lean.Elab.Tactic.Grind.Annotated:c.o (463ms)
✔ [3376/4169] Built Lean.Util.TestExtern:c.o (461ms)
✔ [3377/4169] Built Lean.Elab.Tactic.Doc (1.6s)
✔ [3378/4169] Built Lean.Elab.InfoTrees:c.o (935ms)
✔ [3379/4169] Built Lean.Util (506ms)
✔ [3380/4169] Built Lake.DSL.DeclUtil (1.6s)
✔ [3381/4169] Built Lean.Util:c.o (100ms)
✔ [3382/4169] Built Lean.Linter.List (1.7s)
✔ [3383/4169] Built Lean.Elab.AuxDef:c.o (446ms)
✔ [3384/4169] Built Lean.Elab.Tactic.ConfigSetter (1.8s)
✔ [3385/4169] Built Lean.Linter.DocsOnAlt:c.o (1.1s)
✔ [3386/4169] Built Lean.Linter.Builtin (1.9s)
✔ [3387/4169] Built Lean.Elab.Tactic.Simproc:c.o (883ms)
✔ [3388/4169] Built Lean.Elab.Do.Legacy (21s)
✔ [3389/4169] Built Lean.Elab.RecommendedSpelling:c.o (991ms)
✔ [3390/4169] Built Lean.Linter.MissingDocs (2.6s)
✔ [3391/4169] Built Lake.DSL.Syntax (912ms)
✔ [3392/4169] Built Lean.Elab.Print (2.6s)
✔ [3393/4169] Built Lean.Linter.Coe:c.o (1.5s)
✔ [3394/4169] Built Lean.Elab.Do.Switch (597ms)
✔ [3395/4169] Built Lean.Elab.Tactic.DiscrTreeKey:c.o (1.4s)
✔ [3396/4169] Built Lean.Linter.Builtin:c.o (985ms)
✔ [3397/4169] Built Lean.Linter.ConstructorAsVariable:c.o (1.8s)
✔ [3398/4169] Built Lake.DSL.Syntax:c.o (455ms)
✔ [3399/4169] Built Lean.Elab.DeclNameGen (3.2s)
✔ [3400/4169] Built Lean.Linter.UnusedVariables (3.2s)
✔ [3401/4169] Built Lean.LibrarySuggestions.Basic (2.1s)
✔ [3402/4169] Built Lean.Elab.Do.Switch:c.o (447ms)
✔ [3403/4169] Built Lean.Elab.Do (450ms)
✔ [3404/4169] Built Lean.Elab.BuiltinNotation (6.9s)
✔ [3405/4169] Built Lean.Elab.Do:c.o (82ms)
✔ [3406/4169] Built Lean.Language.Lean (2.5s)
✔ [3407/4169] Built Lake.DSL.VerLit (843ms)
✔ [3408/4169] Built Lake.DSL.Key (900ms)
✔ [3409/4169] Built Lake.DSL.Config (1.0s)
✔ [3410/4169] Built Lean.LibrarySuggestions.SymbolFrequency (637ms)
✔ [3411/4169] Built Lake.DSL.DeclUtil:c.o (2.1s)
✔ [3412/4169] Built Lean.Server.FileWorker.ExampleHover (720ms)
✔ [3413/4169] Built Lake.DSL.Key:c.o (633ms)
✔ [3414/4169] Built Lake.DSL.Require (1.5s)
✔ [3415/4169] Built Lake.DSL.VerLit:c.o (687ms)
✔ [3416/4169] Built Lean.Elab.Frontend (974ms)
✔ [3417/4169] Built Lean.Server.Completion.CompletionCollectors (2.6s)
✔ [3418/4169] Built Lake.DSL.Config:c.o (879ms)
✔ [3419/4169] Built Lean.Elab.DefView (1.5s)
✔ [3420/4169] Built Lean.Elab.Tactic.Do.Syntax (1.4s)
✔ [3421/4169] Built Lean.Server.FileWorker.ExampleHover:c.o (787ms)
✔ [3422/4169] Built Lean.LibrarySuggestions.SymbolFrequency:c.o (961ms)
✔ [3423/4169] Built Lean.Server.Completion (661ms)
✔ [3424/4169] Built Lean.LibrarySuggestions.MePo (1.1s)
✔ [3425/4169] Built Lean.Elab.Tactic.Config (2.4s)
✔ [3426/4169] Built Lean.LibrarySuggestions.SineQuaNon (1.2s)
✔ [3427/4169] Built Lean.Elab.Tactic.Doc:c.o (3.5s)
✔ [3428/4169] Built Lean.Linter.List:c.o (3.3s)
✔ [3429/4169] Built Lean.Widget.InteractiveDiagnostic (1.0s)
✔ [3430/4169] Built Lean.Elab.Tactic.ConfigSetter:c.o (3.5s)
✔ [3431/4169] Built Lean.Elab.DocString:c.o (33s)
✔ [3432/4169] Built Lake.DSL.Require:c.o (1.3s)
✔ [3433/4169] Built Lean.Elab.Frontend:c.o (1.2s)
✔ [3434/4169] Built Lean.LibrarySuggestions.Default (466ms)
✔ [3435/4169] Built Lean.LibrarySuggestions.Default:c.o (88ms)
✔ [3436/4169] Built Lake.Load.Lean.Elab (1.3s)
✔ [3437/4169] Built Lean.Server.Snapshots (529ms)
✔ [3438/4169] Built Lean.Elab.Deriving.Util (2.6s)
✔ [3439/4169] Built Lean.Elab.DocString.Builtin.Keywords (4.2s)
✔ [3440/4169] Built Lean.Server.Completion:c.o (889ms)
✔ [3441/4169] Built Lake.DSL.Script (3.2s)
✔ [3442/4169] Built Lean.Server.Snapshots:c.o (177ms)
✔ [3443/4169] Built Lean.LibrarySuggestions (416ms)
✔ [3444/4169] Built Lean.LibrarySuggestions:c.o (84ms)
✔ [3445/4169] Built Lake.Load.Lean (435ms)
✔ [3446/4169] Built Lean.Linter.MissingDocs:c.o (3.7s)
✔ [3447/4169] Built Lean.Server.FileWorker.Utils (589ms)
✔ [3448/4169] Built Lean.Elab.Tactic.Do.Syntax:c.o (1.5s)
✔ [3449/4169] Built Lake.DSL.Package (3.7s)
✔ [3450/4169] Built Lake.DSL.Script:c.o (724ms)
✔ [3451/4169] Built Lean.Elab.DeclNameGen:c.o (3.4s)
✔ [3452/4169] Built Lean.Server.FileWorker.Utils:c.o (284ms)
✔ [3453/4169] Built Lean.Elab.BuiltinCommand (6.6s)
✔ [3454/4169] Built Lake.Load.Package (553ms)
✔ [3455/4169] Built Lean.Elab.App (10s)
✔ [3456/4169] Built Lean.Elab.PreDefinition.Basic (1.9s)
✔ [3457/4169] Built Lean.Elab.Tactic.SolveByElim (1.7s)
✔ [3458/4169] Built Lean.Language.Lean:c.o (3.5s)
✔ [3459/4169] Built Lean.Elab.DefView:c.o (2.2s)
✔ [3460/4169] Built Lake.Load.Lean:c.o (892ms)
✔ [3461/4169] Built Lake.Load.Package:c.o (363ms)
✔ [3462/4169] Built Lean.Elab.Binders:c.o (10s)
✔ [3463/4169] Built Lean.Elab.PreDefinition.Mutual (714ms)
✔ [3464/4169] Built Lean.Elab.PreDefinition.Structural.SmartUnfolding (861ms)
✔ [3465/4169] Built Lake.DSL.Targets (5.2s)
✔ [3466/4169] Built Lake.CLI.Translate.Lean (5.1s)
✔ [3467/4169] Built Lean.Elab.Tactic.ElabTerm (2.9s)
✔ [3468/4169] Built Lean.Elab.Syntax (7.0s)
✔ [3469/4169] Built Lean.Meta.Constructions.CtorElim (1.3s)
✔ [3470/4169] Built Lean.LibrarySuggestions.MePo:c.o (3.3s)
✔ [3471/4169] Built Lean.Elab.PreDefinition.Mutual:c.o (846ms)
✔ [3472/4169] Built Lake.CLI.Translate (556ms)
✔ [3473/4169] Built Lean.Server.Requests (2.1s)
✔ [3474/4169] Built Lean.Elab.PreDefinition.WF.Unfold (1.8s)
✔ [3475/4169] Built Lean.Elab.Tactic.Injection (600ms)
✔ [3476/4169] Built Lean.Elab.Tactic.Location (704ms)
✔ [3477/4169] Built Lake.CLI.Translate:c.o (315ms)
✔ [3478/4169] Built Lake.Load.Lean.Elab:c.o (3.0s)
✔ [3479/4169] Built Lean.Elab.Calc (2.0s)
✔ [3480/4169] Built Lean.Elab.Tactic.Do.ProofMode.Exact (932ms)
✔ [3481/4169] Built Lean.Elab.Deriving.Util:c.o (3.0s)
✔ [3482/4169] Built Lake.Load.Resolve (2.3s)
✔ [3483/4169] Built Lean.Elab.PreDefinition.WF.Fix (2.3s)
✔ [3484/4169] Built Lean.Elab.Tactic.Injection:c.o (471ms)
✔ [3485/4169] Built Lake.DSL.Package:c.o (2.7s)
✔ [3486/4169] Built Lean.Elab.CheckTactic (1.3s)
✔ [3487/4169] Built Lean.Elab.Tactic.Location:c.o (750ms)
✔ [3488/4169] Built Lean.LibrarySuggestions.Basic:c.o (6.2s)
✔ [3489/4169] Built Lean.Elab.Tactic.Delta (958ms)
✔ [3490/4169] Built Lean.Elab.Tactic.Symm (862ms)
✔ [3491/4169] Built Lean.Elab.PreDefinition.FixedParams (2.9s)
✔ [3492/4169] Built Lean.Elab.Tactic.Unfold (1.0s)
✔ [3493/4169] Built Lean.Meta.Constructions.CasesOnSameCtor (1.6s)
✔ [3494/4169] Built Lean.Elab.Tactic.SolveByElim:c.o (2.9s)
✔ [3495/4169] Built Lake.Load.Workspace (658ms)
✔ [3496/4169] Built Lean.Server.Rpc.RequestHandling (1.3s)
✔ [3497/4169] Built Lean.Elab.Tactic.Generalize (1.1s)
✔ [3498/4169] Built Lean.Elab.Tactic.Do.ProofMode.Assumption (919ms)
✔ [3499/4169] Built Lean.Elab.Tactic.Change (1.2s)
✔ [3500/4169] Built Lean.Elab.Tactic.Symm:c.o (498ms)
✔ [3501/4169] Built Lean.Elab.Extra (3.2s)
✔ [3502/4169] Built Lean.Server.CodeActions.Basic (1.5s)
✔ [3503/4169] Built Lean.Elab.Tactic.Do.ProofMode.Specialize (2.1s)
✔ [3504/4169] Built Lean.Elab.Tactic.Lets (1.5s)
✔ [3505/4169] Built Lean.Elab.Tactic.Delta:c.o (610ms)
✔ [3506/4169] Built Lean.Elab.Tactic.Calc (1.4s)
✔ [3507/4169] Built Lean.Server.FileWorker.InlayHints (1.7s)
✔ [3508/4169] Built Lean.Elab.PreDefinition.Structural.SmartUnfolding:c.o (2.7s)
✔ [3509/4169] Built Lean.Elab.Tactic.Do.ProofMode.Exact:c.o (1.4s)
✔ [3510/4169] Built Lake.Load (652ms)
✔ [3511/4169] Built Lean.Elab.Deriving.Basic (3.6s)
✔ [3512/4169] Built Lean.Meta.Constructions.NoConfusion (2.3s)
✔ [3513/4169] Built Lake.Load.Workspace:c.o (755ms)
✔ [3514/4169] Built Lake.Load:c.o (119ms)
✔ [3515/4169] Built Lean.Elab.Tactic.Split (1.9s)
✔ [3516/4169] Built Lean.Elab.Print:c.o (7.9s)
✔ [3517/4169] Built Lean.Elab.Tactic.Unfold:c.o (1.2s)
✔ [3518/4169] Built Lean.Elab.PreDefinition.Structural.RecArgInfo (1.3s)
✔ [3519/4169] Built Lean.Elab.Tactic.Rewrite (2.4s)
✔ [3520/4169] Built Lake.CLI.Serve (1.3s)
✔ [3521/4169] Built Lean.Linter.UnusedVariables:c.o (7.6s)
✔ [3522/4169] Built Lean.Elab.PreDefinition.WF.Eqns (1.4s)
✔ [3523/4169] Built Lean.Meta.Constructions (645ms)
✔ [3524/4169] Built Lean.Elab.Tactic.Show (1.3s)
✔ [3525/4169] Built Lean.Elab.PreDefinition.WF.Rel (1.7s)
✔ [3526/4169] Built Lean.Elab.Tactic.Config:c.o (6.3s)
✔ [3527/4169] Built Lean.Elab.Tactic.Change:c.o (1.6s)
✔ [3528/4169] Built Lean.Meta.Constructions:c.o (280ms)
✔ [3529/4169] Built Lean.Elab.Tactic.Generalize:c.o (1.6s)
✔ [3530/4169] Built Lean.Elab.Tactic.Do.ProofMode.Assumption:c.o (1.6s)
✔ [3531/4169] Built Lean.Elab.Deriving.SizeOf (1.1s)
✔ [3532/4169] Built Lake.CLI.Serve:c.o (491ms)
✔ [3533/4169] Built Lean.Server.Rpc.RequestHandling:c.o (1.9s)
✔ [3534/4169] Built Lean.Elab.PreDefinition.Structural.RecArgInfo:c.o (706ms)
✔ [3535/4169] Built Lean.Elab.CheckTactic:c.o (2.6s)
✔ [3536/4169] Built Lean.Elab.MacroArgUtil (3.9s)
✔ [3537/4169] Built Lean.Elab.Deriving.SizeOf:c.o (321ms)
✔ [3538/4169] Built Lean.Elab.Tactic.Show:c.o (877ms)
✔ [3539/4169] Built Lean.Elab.MacroRules (3.9s)
✔ [3540/4169] Built Lean.Server.CodeActions.Attr (2.1s)
✔ [3541/4169] Built Lean.Elab.Tactic.Do.ProofMode.Have (2.1s)
✔ [3542/4169] Built Lean.Elab.Tactic.Split:c.o (1.8s)
✔ [3543/4169] Built Lean.Elab.Deriving.ReflBEq (1.8s)
✔ [3544/4169] Built Lean.Elab.Deriving.LawfulBEq (1.8s)
✔ [3545/4169] Built Lean.LibrarySuggestions.SineQuaNon:c.o (7.3s)
✔ [3546/4169] Built Lean.Server.Requests:c.o (3.8s)
✔ [3547/4169] Built Lean.Elab.Deriving.TypeName (1.9s)
✔ [3548/4169] Built Lake.CLI.Init (2.7s)
✔ [3549/4169] Built Lean.Elab.Deriving.Nonempty (2.1s)
✔ [3550/4169] Built Lean.Elab.PreDefinition.Structural.Eqns (2.0s)
✔ [3551/4169] Built Lean.Elab.Tactic.Calc:c.o (2.3s)
✔ [3552/4169] Built Lean.Widget.InteractiveDiagnostic:c.o (7.5s)
✔ [3553/4169] Built Lean.Elab.Tactic.Do.ProofMode.Refine (2.0s)
✔ [3554/4169] Built Lean.Elab.PreDefinition.WF.PackMutual (1.8s)
✔ [3555/4169] Built Lean.Server.CodeActions.UnknownIdentifier (3.1s)
✔ [3556/4169] Built Lean.Elab.Match:c.o (23s)
✔ [3557/4169] Built Lean.Widget.UserWidget (3.4s)
✔ [3558/4169] Built Lean.Elab.Do.Basic:c.o (13s)
✔ [3559/4169] Built Lean.Server.FileWorker.SemanticHighlighting (4.9s)
✔ [3560/4169] Built Lean.Elab.PreDefinition.Structural.IndPred (2.5s)
✔ [3561/4169] Built Lean.Server.CodeActions.Basic:c.o (3.4s)
✔ [3562/4169] Built Lean.Elab.Notation (5.3s)
✔ [3563/4169] Built Lean.Elab.Tactic.Do.ProofMode (765ms)
✔ [3564/4169] Built Lean.Elab.Tactic.Do.ProofMode:c.o (139ms)
✔ [3565/4169] Built Lean.Elab.Deriving.TypeName:c.o (1.3s)
✔ [3566/4169] Built Lean.Elab.Deriving.ReflBEq:c.o (1.5s)
✔ [3567/4169] Built Lean.Server.Completion.CompletionCollectors:c.o (9.4s)
✔ [3568/4169] Built Lean.Elab.PreDefinition.WF.Eqns:c.o (2.8s)
✔ [3569/4169] Built Lean.Elab.Tactic.Lets:c.o (3.8s)
✔ [3570/4169] Built Lean.Elab.ComputedFields (2.8s)
✔ [3571/4169] Built Lean.Elab.Deriving.LawfulBEq:c.o (1.7s)
✔ [3572/4169] Built Lean.Server.CodeActions.Provider (2.2s)
✔ [3573/4169] Built Lean.Elab.BinderPredicates (2.6s)
✔ [3574/4169] Built Lean.Elab.Tactic.Do.Spec (4.8s)
✔ [3575/4169] Built Lean.Elab.PreDefinition.Structural.BRecOn (3.8s)
✔ [3576/4169] Built Lean.Server.CodeActions.Attr:c.o (2.5s)
✔ [3577/4169] Built Lean.Elab.Deriving.Inhabited (4.2s)
✔ [3578/4169] Built Lean.Server.FileWorker.InlayHints:c.o (4.6s)
✔ [3579/4169] Built Lean.Elab.Deriving.Nonempty:c.o (2.4s)
✔ [3580/4169] Built Lean.Elab.Macro (3.1s)
✔ [3581/4169] Built Lean.Server.CodeActions (699ms)
✔ [3582/4169] Built Lean.Elab.Tactic.Do.ProofMode.Have:c.o (2.9s)
✔ [3583/4169] Built Lake.CLI.Init:c.o (2.8s)
✔ [3584/4169] Built Lean.Elab.Command:c.o (15s)
✔ [3585/4169] Built Lean.Elab.PreDefinition.Structural.FindRecArg (4.3s)
✔ [3586/4169] Built Lean.Server.CodeActions:c.o (127ms)
✔ [3587/4169] Built Lean.Elab.Deriving.Hashable (4.7s)
✔ [3588/4169] Built Lean.Elab.MacroRules:c.o (3.5s)
✔ [3589/4169] Built Lean.Server.Rpc.Deriving (4.0s)
✔ [3590/4169] Built Lean.Widget.Commands (2.3s)
✔ [3591/4169] Built Lean.Meta.Tactic.AC.Main (4.8s)
✔ [3592/4169] Built Lean.Elab.Deriving.ToExpr (5.5s)
✔ [3593/4169] Built Lean.Server.Rpc (644ms)
✔ [3594/4169] Built Lean.Server.Rpc:c.o (115ms)
✔ [3595/4169] Built Lean.Widget (748ms)
✔ [3596/4169] Built Lean.Widget:c.o (105ms)
✔ [3597/4169] Built Lean.Elab.Deriving.Repr (6.1s)
✔ [3598/4169] Built Lean.Elab.Deriving.Ord (6.0s)
✔ [3599/4169] Built Lean.Meta.Tactic.AC (624ms)
✔ [3600/4169] Built Lean.Elab.GuardMsgs (3.2s)
✔ [3601/4169] Built Lean.Meta.Tactic.AC:c.o (107ms)
✔ [3602/4169] Built Lean.Elab.Tactic.Rewrite:c.o (5.6s)
✔ [3603/4169] Built Lean.Elab.ErrorExplanation (3.5s)
✔ [3604/4169] Built Lean.Elab.Tactic.Simp (8.1s)
✔ [3605/4169] Built Lean.Elab.BinderPredicates:c.o (2.4s)
✔ [3606/4169] Built Lean.Elab.PreDefinition.WF.Rel:c.o (5.6s)
✔ [3607/4169] Built Lean.Elab.Tactic.Do.ProofMode.Refine:c.o (4.3s)
✔ [3608/4169] Built Lean.Elab.PreDefinition.WF.PackMutual:c.o (4.5s)
✔ [3609/4169] Built Lean.Meta.Constructions.CasesOnSameCtor:c.o (7.7s)
✔ [3610/4169] Built Lean.Elab.PreDefinition.Structural.Eqns:c.o (5.2s)
✔ [3611/4169] Built Lean.Server.Watchdog (9.6s)
✔ [3612/4169] Built Lean.Linter.UnusedSimpArgs (1.2s)
✔ [3613/4169] Built Lean.Server.CodeActions.Provider:c.o (3.7s)
✔ [3614/4169] Built Lean.Meta.Tactic.TryThis (2.0s)
✔ [3615/4169] Built Lean.Elab.Tactic.BVDecide.Frontend.Attr (1.5s)
✔ [3616/4169] Built Lean.Elab.Macro:c.o (3.2s)
✔ [3617/4169] Built Lean.Widget.UserWidget:c.o (5.2s)
✔ [3618/4169] Built Lean.Elab.PreDefinition.WF.Preprocess (1.8s)
✔ [3619/4169] Built Lean.Elab.ElabRules (6.5s)
✔ [3620/4169] Built Lean.Elab.Tactic.Do.ProofMode.Specialize:c.o (8.6s)
✔ [3621/4169] Built Lean.Server.CodeActions.UnknownIdentifier:c.o (5.6s)
✔ [3622/4169] Built Lean.Linter (833ms)
✔ [3623/4169] Built Lean.Elab.Deriving.DecEq (8.4s)
✔ [3624/4169] Built Lean.Linter:c.o (112ms)
✔ [3625/4169] Built Lake.Load.Resolve:c.o (9.9s)
✔ [3626/4169] Built Lean.Elab.Tactic.SimpArith (1.1s)
✔ [3627/4169] Built Lean.Elab.PreDefinition.Structural.IndPred:c.o (5.8s)
✔ [3628/4169] Built Lean.Server.FileWorker.SemanticHighlighting:c.o (6.0s)
✔ [3629/4169] Built Lean.Elab.Tactic.ShowTerm (1.0s)
✔ [3630/4169] Built Lean.Elab.Notation:c.o (6.1s)
✔ [3631/4169] Built Lean.Elab.PreDefinition.WF.Unfold:c.o (11s)
✔ [3632/4169] Built Lean.Elab.PreDefinition.Basic:c.o (12s)
✔ [3633/4169] Built Lean.Elab.Tactic.BVDecide.Frontend.LRAT (1.4s)
✔ [3634/4169] Built Lean.Elab.Tactic.SimpArith:c.o (505ms)
✔ [3635/4169] Built Lean.Elab.Tactic.Induction (10s)
✔ [3636/4169] Built Lean.Elab.Tactic.BVDecide.Frontend.Normalize.Basic (1.6s)
✔ [3637/4169] Built Lean.Elab.Tactic.ShowTerm:c.o (648ms)
✔ [3638/4169] Built Lean.Elab.Tactic.Do.VCGen.Basic (3.4s)
✔ [3639/4169] Built Lean.Linter.UnusedSimpArgs:c.o (2.1s)
✔ [3640/4169] Built Lake.DSL.Meta (1.7s)
✔ [3641/4169] Built Lean.Elab.Tactic.BuiltinTactic (12s)
✔ [3642/4169] Built Lean.Elab.Tactic.BVDecide.Frontend.Attr:c.o (1.0s)
✔ [3643/4169] Built Lean.Elab.Deriving.Hashable:c.o (5.0s)
✔ [3644/4169] Built Lean.Server.FileWorker.RequestHandling (7.1s)
✔ [3645/4169] Built Lean.Elab.PreDefinition.Structural.Main (2.5s)
✔ [3646/4169] Built Lean.Meta.Tactic.Rewrites (2.5s)
✔ [3647/4169] Built Lean.Elab.MacroArgUtil:c.o (8.8s)
✔ [3648/4169] Built Lean.Elab.BuiltinNotation:c.o (17s)
✔ [3649/4169] Built Lean.Meta.Tactic.AC.Main:c.o (4.9s)
✔ [3650/4169] Built Lean.Elab.Tactic.BVDecide.Frontend.Normalize.ShortCircuit (957ms)
✔ [3651/4169] Built Lean.Elab.Tactic.BVDecide.Frontend.Normalize.Rewrite (1.1s)
✔ [3652/4169] Built Lean.Elab.Deriving.FromToJson (10s)
✔ [3653/4169] Built Lake.DSL (928ms)
✔ [3654/4169] Built Lean.Elab.Tactic.Simpa (3.1s)
✔ [3655/4169] Built Lean.Elab.Tactic.BVDecide.Frontend.Normalize.EmbeddedConstraint (1.2s)
✔ [3656/4169] Built Lake.CLI.Main (8.7s)
✔ [3657/4169] Built Lean.Elab.Tactic.ElabTerm:c.o (13s)
✔ [3658/4169] Built Lake.DSL:c.o (155ms)
✔ [3659/4169] Built Lean.Elab.PreDefinition.Structural (813ms)
✔ [3660/4169] Built Lean.Elab.Tactic.BVDecide.Frontend.Normalize.AndFlatten (1.5s)
✔ [3661/4169] Built Lean.Elab.Tactic.BVDecide.Frontend.Normalize.ShortCircuit:c.o (492ms)
✔ [3662/4169] Built Lean.Elab.Deriving.BEq (10s)
✔ [3663/4169] Built Lean.Elab.Syntax:c.o (13s)
✔ [3664/4169] Built Lean.Elab.PreDefinition.Structural:c.o (116ms)
✔ [3665/4169] Built Lean.Elab.StructInst (14s)
✔ [3666/4169] Built Lean.Elab.Tactic.Match (1.8s)
✔ [3667/4169] Built Lean.Elab.Deriving.Inhabited:c.o (6.9s)
✔ [3668/4169] Built Lake.CLI (595ms)
✔ [3669/4169] Built Lake.CLI:c.o (112ms)
✔ [3670/4169] Built Lean.Elab.Tactic.BVDecide.Frontend.LRAT:c.o (2.2s)
✔ [3671/4169] Built Lean.Elab.ErrorExplanation:c.o (5.2s)
✔ [3672/4169] Built Lean.Widget.Commands:c.o (6.4s)
✔ [3673/4169] Built Lake (955ms)
✔ [3674/4169] Built LakeMain (918ms)
✔ [3675/4169] Built Lean.Elab.Tactic.Rewrites (1.6s)
✔ [3676/4169] Built Lean.Elab.Tactic.BVDecide.Frontend.Normalize.Rewrite:c.o (1.1s)
✔ [3677/4169] Built Lean.Elab.Deriving (702ms)
✔ [3678/4169] Built Lake:c.o (113ms)
✔ [3679/4169] Built Lean.Elab.Tactic.BVDecide.Frontend.Normalize.EmbeddedConstraint:c.o (1.1s)
✔ [3680/4169] Built Lean.Elab.Tactic.BVDecide.Frontend.Normalize.IntToBitVec (2.3s)
✔ [3681/4169] Built Lean.Elab.Deriving:c.o (112ms)
✔ [3682/4169] Built LakeMain:c.o (110ms)
✔ [3683/4169] Built LakeMain:static (78ms)
✔ [3685/4169] Built Lean.Elab.PreDefinition.WF.Fix:c.o (13s)
✔ [3686/4169] Built Lean.Elab.Tactic.SimpTrace (4.0s)
✔ [3687/4169] Built Lean.Elab.Tactic.Conv.Basic (2.3s)
✔ [3688/4169] Built Lean.Meta.Constructions.CtorElim:c.o (14s)
✔ [3689/4169] Built Lean.Elab.Tactic.BVDecide.Frontend.Normalize.AndFlatten:c.o (1.4s)
✔ [3690/4169] Built Lean.Elab.Tactic.BVDecide.Frontend.Normalize.AC (2.9s)
✔ [3691/4169] Built Lean.Elab.Tactic.BVDecide.Frontend.Normalize.TypeAnalysis (2.9s)
✔ [3692/4169] Built Lean.Elab.Deriving.Repr:c.o (6.4s)
✔ [3693/4169] Built Lean.Elab.DocString.Builtin.Keywords:c.o (17s)
✔ [3694/4169] Built Lake.DSL.Meta:c.o (2.6s)
✔ [3695/4169] Built Lean.Elab.Tactic.Conv.Change (625ms)
✔ [3696/4169] Built Lean.Elab.Tactic.Conv.Delta (797ms)
✔ [3697/4169] Built Lean.Elab.GuardMsgs:c.o (6.7s)
✔ [3698/4169] Built Lean.Elab.Tactic.Conv.Rewrite (816ms)
✔ [3699/4169] Built Lean.Elab.Tactic.Conv.Change:c.o (344ms)
✔ [3700/4169] Built Lean.Elab.Tactic.Conv.Lets (973ms)
✔ [3701/4169] Built Lean.Elab.Quotation (15s)
✔ [3702/4169] Built Lean.Meta.Tactic.TryThis:c.o (5.6s)
✔ [3703/4169] Built Lean.Meta.Constructions.NoConfusion:c.o (13s)
✔ [3704/4169] Built Lean.Elab.Calc:c.o (14s)
✔ [3705/4169] Built Lean.Elab.Extra:c.o (13s)
✔ [3706/4169] Built Lean.Elab.Tactic.Conv.Rewrite:c.o (353ms)
✔ [3707/4169] Built Lean.Elab.Tactic.Conv.Delta:c.o (365ms)
✔ [3708/4169] Built Lean.Elab.Tactic.Conv.Simp (1.3s)
✔ [3709/4169] Built Lean.Elab.PreDefinition.WF.GuessLex (5.9s)
✔ [3710/4169] Built Lean.Elab.Tactic.BVDecide.Frontend.Normalize.Structures (1.3s)
✔ [3711/4169] Built Lean.Server.FileWorker.WidgetRequests (3.7s)
✔ [3712/4169] Built Lean.Elab.Tactic.Conv.Pattern (1.8s)
✔ [3713/4169] Built Lean.Elab.Tactic.RCases (4.4s)
✔ [3714/4169] Built Lean.Elab.Tactic.Rewrites:c.o (2.3s)
✔ [3715/4169] Built Lean.Elab.BuiltinCommand:c.o (17s)
✔ [3716/4169] Built Lean.Elab.Tactic.Match:c.o (2.9s)
✔ [3717/4169] Built Lean.Elab.DocString.Builtin (18s)
✔ [3718/4169] Built Lean.Elab.Tactic.BVDecide.Frontend.Normalize.Basic:c.o (4.8s)
✔ [3719/4169] Built Lean.Elab.Tactic.Conv.Unfold (814ms)
✔ [3720/4169] Built Lake.DSL.Targets:c.o (16s)
✔ [3721/4169] Built Lean.Elab.Tactic.Conv.Lets:c.o (1.3s)
✔ [3722/4169] Built Lean.Elab.ElabRules:c.o (6.4s)
✔ [3723/4169] Built Lean.Server.ProtocolOverview (946ms)
✔ [3724/4169] Built Lean.Elab.ComputedFields:c.o (11s)
✔ [3725/4169] Built Lean.Elab.Tactic.Guard (2.6s)
✔ [3726/4169] Built Lean.Elab.Tactic.Conv.Simp:c.o (1.4s)
✔ [3727/4169] Built Lean.Elab.Tactic.Conv.Unfold:c.o (685ms)
✔ [3728/4169] Built Lean.Elab.Tactic.Conv.Congr (2.9s)
✔ [3729/4169] Built Lean.Server.ProtocolOverview:c.o (491ms)
✔ [3730/4169] Built Lean.Elab.PreDefinition.WF.Main (1.7s)
✔ [3731/4169] Built Lean.Elab.Tactic.Conv (467ms)
✔ [3732/4169] Built Lean.Elab.Tactic.Conv:c.o (84ms)
✔ [3733/4169] Built Lean.Elab.Tactic.BVDecide.Frontend.Normalize.Simproc (7.8s)
✔ [3734/4169] Built Lean.Elab.PreDefinition.FixedParams:c.o (16s)
✔ [3735/4169] Built Lean.Elab.PreDefinition.WF.Preprocess:c.o (7.7s)
✔ [3736/4169] Built Lean.Elab.PreDefinition.WF (491ms)
✔ [3737/4169] Built Lean.Elab.PreDefinition.Structural.BRecOn:c.o (11s)
✔ [3738/4169] Built Lean.Elab.Tactic.BVDecide.Frontend.Normalize.IntToBitVec:c.o (4.2s)
✔ [3739/4169] Built Lean.Elab.PreDefinition.WF:c.o (78ms)
✔ [3740/4169] Built Lean.Elab.Tactic.Simpa:c.o (5.2s)
✔ [3741/4169] Built Lean.Elab.Tactic.BVDecide.Frontend.Normalize.Structures:c.o (2.4s)
✔ [3742/4169] Built Lean.Elab.Tactic.BVDecide.Frontend.Normalize.Enums (2.4s)
✔ [3743/4169] Built Lean.Elab.Tactic.Conv.Pattern:c.o (2.3s)
✔ [3744/4169] Built Lean.Elab.Tactic.NormCast (2.9s)
✔ [3745/4169] Built Lake.CLI.Translate.Lean:c.o (19s)
✔ [3746/4169] Built Lean.Elab.PreDefinition.Structural.Main:c.o (6.4s)
✔ [3747/4169] Built Lean.Elab.PreDefinition.PartialFixpoint.Eqns (1.0s)
✔ [3748/4169] Built Lean.Elab.Tactic.Ext (2.8s)
✔ [3749/4169] Built Lean.Elab.Tactic.BVDecide.Frontend.Normalize.AC:c.o (4.2s)
✔ [3750/4169] Built Lean.Elab.Tactic.Conv.Basic:c.o (4.7s)
✔ [3751/4169] Built Lean.Elab.Deriving.Ord:c.o (10s)
✔ [3752/4169] Built Lean.Elab.Tactic.SimpTrace:c.o (5.1s)
✔ [3753/4169] Built Lean.Elab.Tactic.Do.VCGen.Basic:c.o (7.4s)
✔ [3754/4169] Built Lean.Elab.Tactic.BVDecide.Frontend.Normalize (1.2s)
✔ [3755/4169] Built Lean.Meta.Tactic.FunInd (12s)
✔ [3756/4169] Built Lean.Server.FileWorker (3.7s)
✔ [3757/4169] Built Lean.Elab.Tactic.Guard:c.o (2.9s)
✔ [3758/4169] Built Lean.Meta.Tactic.Rewrites:c.o (7.7s)
✔ [3759/4169] Built Lean.Elab.Tactic.Do.Spec:c.o (14s)
✔ [3760/4169] Built Lean.Elab.Tactic.Do.VCGen.Split (760ms)
✔ [3761/4169] Built Lean.Elab.PreDefinition.WF.Main:c.o (3.1s)
✔ [3762/4169] Built Lean.Elab.PreDefinition.PartialFixpoint.Main (1.0s)
✔ [3763/4169] Built Lean.Elab.PreDefinition.PartialFixpoint.Eqns:c.o (2.1s)
✔ [3764/4169] Built Lean.Server.Test.Runner (4.9s)
✔ [3765/4169] Built Lean.Elab.PreDefinition.Structural.FindRecArg:c.o (13s)
✔ [3766/4169] Built Lean.Server.Test (498ms)
✔ [3767/4169] Built Lean.Server.Test:c.o (79ms)
✔ [3768/4169] Built Lean.Shell (1.8s)
✔ [3769/4169] Built Lean.Elab.PreDefinition.PartialFixpoint.Induction (2.7s)
✔ [3770/4169] Built Lean.Elab.Tactic.BVDecide.Frontend.Normalize:c.o (2.3s)
✔ [3771/4169] Built Lean.Elab.Deriving.DecEq:c.o (11s)
✔ [3772/4169] Built Lean.Server (518ms)
✔ [3773/4169] Built Lean.Elab.PreDefinition.PartialFixpoint (436ms)
✔ [3774/4169] Built Lean.Server:c.o (89ms)
✔ [3775/4169] Built Lean.Elab.PreDefinition.PartialFixpoint:c.o (77ms)
✔ [3776/4169] Built Lean.Elab.Tactic.BVDecide.Frontend.BVDecide (2.5s)
✔ [3777/4169] Built Lean.Elab.Deriving.FromToJson:c.o (9.1s)
✔ [3778/4169] Built Lean.Elab.Do.Legacy:c.o (28s)
✔ [3779/4169] Built Lean.Elab.Tactic.Do.VCGen.Split:c.o (1.9s)
✔ [3780/4169] Built Lean.Server.FileWorker.WidgetRequests:c.o (6.5s)
✔ [3781/4169] Built Lean.Server.Rpc.Deriving:c.o (15s)
✔ [3782/4169] Built Lean.Elab.Tactic.Omega.Frontend (10s)
✔ [3783/4169] Built Lean.Elab.Tactic.BVDecide.Frontend.BVCheck (783ms)
✔ [3784/4169] Built Lean.Elab.Tactic.BVDecide.Frontend.Normalize.TypeAnalysis:c.o (8.4s)
✔ [3785/4169] Built Lean.Elab.Tactic.Simp:c.o (14s)
✔ [3786/4169] Built Lean.Elab.Coinductive (1.4s)
✔ [3787/4169] Built Lean.Elab.Tactic.Omega (437ms)
✔ [3788/4169] Built Lean.Elab.Tactic.Omega:c.o (85ms)
✔ [3789/4169] Built Lean.Meta.Tactic.Grind.EMatchTheorem (13s)
✔ [3790/4169] Built Lean.Elab.Tactic.BVDecide.Frontend.BVTrace (865ms)
✔ [3791/4169] Built Lean.Elab.Tactic.RCases:c.o (7.6s)
✔ [3792/4169] Built Lean.Elab.Deriving.BEq:c.o (10s)
✔ [3793/4169] Built Lean.Meta.Tactic.Grind.EMatchTheoremPtr (395ms)
✔ [3794/4169] Built Lean.Meta.Tactic.Grind.EMatchTheoremPtr:c.o (126ms)
✔ [3795/4169] Built Lean.Elab.Tactic.BVDecide.Frontend.BVCheck:c.o (1.2s)
✔ [3796/4169] Built Lean.Elab.Tactic.BVDecide.Frontend (483ms)
✔ [3797/4169] Built Lean.Elab.PreDefinition.Main (2.3s)
✔ [3798/4169] Built Lean.Meta.Tactic.Grind.Injective (831ms)
✔ [3799/4169] Built Lean.Elab.Tactic.BVDecide.Frontend:c.o (79ms)
✔ [3800/4169] Built Lean.Elab.Tactic.NormCast:c.o (5.9s)
✔ [3801/4169] Built Lean.Elab.Tactic.BVDecide (493ms)
✔ [3802/4169] Built Lean.Elab.Tactic.BVDecide:c.o (72ms)
✔ [3803/4169] Built Lean.Elab.Deriving.ToExpr:c.o (16s)
✔ [3804/4169] Built Lean.Elab.Tactic.BVDecide.Frontend.BVTrace:c.o (1.1s)
✔ [3805/4169] Built Lean.Elab.PreDefinition (475ms)
✔ [3806/4169] Built Lean.Elab.PreDefinition:c.o (79ms)
✔ [3807/4169] Built Lean.Meta.Tactic.Grind.Attr (1.1s)
✔ [3808/4169] Built Lean.Shell:c.o (4.6s)
✔ [3809/4169] Built Lean.Meta.Tactic.Grind.Injective:c.o (2.1s)
✔ [3810/4169] Built Lean.Elab.PreDefinition.PartialFixpoint.Main:c.o (5.8s)
✔ [3811/4169] Built Lean.Elab.Tactic.BVDecide.Frontend.Normalize.Enums:c.o (8.4s)
✔ [3812/4169] Built Lean.Elab.Tactic.Ext:c.o (7.9s)
✔ [3813/4169] Built Lean.Meta.Tactic.Grind.Attr:c.o (1.7s)
✔ [3814/4169] Built Lean.Server.FileWorker.RequestHandling:c.o (14s)
✔ [3815/4169] Built Lean.Elab.Tactic.Conv.Congr:c.o (10s)
✔ [3816/4169] Built Lean.Elab.Coinductive:c.o (4.9s)
✔ [3817/4169] Built Lean.Elab.Deriving.Basic:c.o (26s)
✔ [3818/4169] Built Lean.Elab.Tactic.BVDecide.Frontend.BVDecide:c.o (7.2s)
✔ [3819/4169] Built Lean.Elab.PreDefinition.PartialFixpoint.Induction:c.o (8.8s)
✔ [3820/4169] Built Lean.Elab.PreDefinition.WF.GuessLex:c.o (14s)
✔ [3821/4169] Built Lean.Elab.Tactic.Do.VCGen (9.8s)
✔ [3822/4169] Built Lean.Server.FileWorker:c.o (10s)
✔ [3823/4169] Built Lean.Elab.Tactic.Do (428ms)
✔ [3824/4169] Built Lean.Elab.Tactic.Do:c.o (78ms)
✔ [3825/4169] Built Lean.Server.Watchdog:c.o (21s)
✔ [3826/4169] Built Lean.Elab.Quotation:c.o (16s)
✔ [3827/4169] Built Lean.Elab.MutualDef (8.4s)
✔ [3828/4169] Built Lean.Elab.MutualInductive (9.9s)
✔ [3829/4169] Built Lean.Elab.Tactic.Induction:c.o (21s)
✔ [3830/4169] Built Lean.Elab.LetRec (1.7s)
✔ [3831/4169] Built Lean.Elab.PreDefinition.Main:c.o (10s)
✔ [3832/4169] Built Lean.Meta.Tactic.Grind.Types (9.7s)
✔ [3833/4169] Built Lean.Elab.Tactic.Grind.Anchor (456ms)
✔ [3834/4169] Built Lean.Elab.Tactic.Grind.Anchor:c.o (142ms)
✔ [3835/4169] Built Lean.Meta.Tactic.Grind.ProofUtil (673ms)
✔ [3836/4169] Built Lean.Meta.Tactic.Grind.Filter (722ms)
✔ [3837/4169] Built Lean.Elab.Inductive (2.6s)
✔ [3838/4169] Built Lean.Meta.Tactic.Grind.SynthInstance (758ms)
✔ [3839/4169] Built Lean.Meta.Tactic.Grind.Diseq (885ms)
✔ [3840/4169] Built Lean.Meta.Tactic.Grind.CtorIdx (884ms)
✔ [3841/4169] Built Lean.Meta.Tactic.Grind.ProofUtil:c.o (208ms)
✔ [3842/4169] Built Lean.Meta.Tactic.Grind.Order.Types (977ms)
✔ [3843/4169] Built Lean.Meta.Tactic.Grind.AC.Types (1.1s)
✔ [3844/4169] Built Lean.Meta.Tactic.Grind.Filter:c.o (356ms)
✔ [3845/4169] Built Lean.Elab.BuiltinEvalCommand (3.6s)
✔ [3846/4169] Built Lean.Meta.Tactic.Grind.Arith.CommRing.Types (1.1s)
✔ [3847/4169] Built Lean.Meta.Tactic.Grind.Arith.ModelUtil (1.2s)
✔ [3848/4169] Built Lean.Meta.Tactic.Grind.Beta (1.2s)
✔ [3849/4169] Built Lean.Meta.Tactic.Grind.Order.Types:c.o (213ms)
✔ [3850/4169] Built Lean.Meta.Tactic.Grind.SynthInstance:c.o (568ms)
✔ [3851/4169] Built Lean.Meta.Tactic.Grind.CollectParams (1.3s)
✔ [3852/4169] Built Lean.Meta.Tactic.Grind.MarkNestedSubsingletons (1.4s)
✔ [3853/4169] Built Lean.Meta.Tactic.Grind.Arith.CommRing.Types:c.o (271ms)
✔ [3854/4169] Built Lean.Meta.Tactic.Grind.AC.Types:c.o (272ms)
✔ [3855/4169] Built Lean.Meta.Tactic.Grind.ReflCmp (622ms)
✔ [3856/4169] Built Lean.Meta.Tactic.Grind.Action (1.5s)
✔ [3857/4169] Built Lean.Meta.Tactic.Grind.OrderInsts (744ms)
✔ [3858/4169] Built Lean.Meta.Tactic.Grind.LawfulEqCmp (718ms)
✔ [3859/4169] Built Lean.Meta.Tactic.Grind.Arith.CommRing.MonadCanon (469ms)
✔ [3860/4169] Built Lean.Meta.Tactic.Grind.Arith.EvalNum (1.6s)
✔ [3861/4169] Built Lean.Meta.Tactic.Grind.Diseq:c.o (797ms)
✔ [3862/4169] Built Lean.Meta.Tactic.Grind.Order.OrderM (748ms)
✔ [3863/4169] Built Lean.Meta.Tactic.Grind.Arith.CommRing.MonadCanon:c.o (131ms)
✔ [3864/4169] Built Lean.Meta.Tactic.Grind.Arith.Linear.Types (1.9s)
✔ [3865/4169] Built Lean.Elab.Declaration (3.9s)
✔ [3866/4169] Built Lean.Meta.Tactic.Grind.Proof (1.0s)
✔ [3867/4169] Built Lean.Meta.Tactic.Grind.Arith.CommRing.MonadRing (438ms)
✔ [3868/4169] Built Lean.Meta.Tactic.Grind.OrderInsts:c.o (582ms)
✔ [3869/4169] Built Lean.Meta.Tactic.Grind.Arith.CommRing.MonadSemiring (465ms)
✔ [3870/4169] Built Lean.Meta.Tactic.Grind.Arith.Insts (576ms)
✔ [3871/4169] Built Lean.Meta.Tactic.Grind.CollectParams:c.o (957ms)
✔ [3872/4169] Built Lean.Meta.Tactic.Grind.Arith.CommRing.MonadRing:c.o (207ms)
✔ [3873/4169] Built Lean.Meta.Tactic.Grind.Arith.CommRing.MonadSemiring:c.o (198ms)
✔ [3874/4169] Built Lean.Meta.Tactic.Grind.Order.Util (616ms)
✔ [3875/4169] Built Lean.Meta.Tactic.Grind.Arith.Linear.Types:c.o (492ms)
✔ [3876/4169] Built Lean.Meta.Tactic.Grind.Simp (1.1s)
✔ [3877/4169] Built Lean.Meta.Tactic.Grind.Ext (1.8s)
✔ [3878/4169] Built Lean.Meta.Tactic.Grind.Order.OrderM:c.o (808ms)
✔ [3879/4169] Built Lean.Meta.Tactic.Grind.Anchor (1.2s)
✔ [3880/4169] Built Lean.Meta.Tactic.Grind.Arith.Insts:c.o (389ms)
✔ [3881/4169] Built Lean.Meta.Tactic.Grind.Arith.FieldNormNum (1.8s)
✔ [3882/4169] Built Lean.Meta.Tactic.Grind.MarkNestedSubsingletons:c.o (1.3s)
✔ [3883/4169] Built Lean.Meta.Tactic.Grind.PropagatorAttr (742ms)
✔ [3884/4169] Built Lean.Elab.Tactic.BVDecide.Frontend.Normalize.Simproc:c.o (19s)
✔ [3885/4169] Built Lean.Meta.Tactic.Grind.Arith.CommRing.Functions (755ms)
✔ [3886/4169] Built Lean.Meta.Tactic.Grind.LawfulEqCmp:c.o (1.5s)
✔ [3887/4169] Built Lean.Meta.Tactic.Grind.ReflCmp:c.o (1.6s)
✔ [3888/4169] Built Lean.Server.Test.Runner:c.o (17s)
✔ [3889/4169] Built Lean.Meta.Tactic.Grind.Canon (3.1s)
✔ [3890/4169] Built Lean.Meta.Tactic.Grind.Order.Util:c.o (767ms)
✔ [3891/4169] Built Lean.Meta.Tactic.Grind.Arith.CommRing.DenoteExpr (634ms)
✔ [3892/4169] Built Lean.Meta.Tactic.Grind.Beta:c.o (2.2s)
✔ [3893/4169] Built Lean.Meta.Tactic.Grind.PropagateInj (752ms)
✔ [3894/4169] Built Lean.Meta.Tactic.Grind.Anchor:c.o (938ms)
✔ [3895/4169] Built Lean.Meta.Tactic.Grind.Ctor (1.0s)
✔ [3896/4169] Built Lean.Meta.Tactic.Grind.Simp:c.o (1.3s)
✔ [3897/4169] Built Lean.Meta.Tactic.Grind.Arith.CommRing.RingM (1.1s)
✔ [3898/4169] Built Lean.Meta.Tactic.Grind.Arith.CommRing.DenoteExpr:c.o (619ms)
✔ [3899/4169] Built Lean.Meta.Tactic.Grind.EMatchTheoremParam (1.4s)
✔ [3900/4169] Built Lean.Meta.Tactic.Grind.Arith.Simproc (1.5s)
✔ [3901/4169] Built Lean.Meta.Tactic.Grind.Arith.CommRing.Functions:c.o (1.4s)
✔ [3902/4169] Built Lake.CLI.Main:c.o (26s)
✔ [3903/4169] Built Lean.Meta.Tactic.Grind.Action:c.o (2.8s)
✔ [3904/4169] Built Lean.Meta.Tactic.Grind.PropagatorAttr:c.o (1.6s)
✔ [3905/4169] Built Lake:static (221ms)
✔ [3906/4169] Built Lake:static (226ms)
✔ [3908/4169] Built Lean.Meta.Tactic.Grind.Arith.ModelUtil:c.o (3.3s)
✔ [3909/4169] Built Lean.Meta.Tactic.Grind.ProveEq (2.1s)
✔ [3910/4169] Built Lean.Meta.Tactic.Grind.Arith.CommRing.NonCommRingM (746ms)
✔ [3911/4169] Built Lean.Meta.Tactic.Grind.Arith.Linear.LinearM (835ms)
✔ [3912/4169] Built Lean.Meta.Tactic.Grind.CtorIdx:c.o (3.8s)
✔ [3913/4169] Built Lean.Meta.Tactic.Grind.Arith.CommRing.PP (990ms)
✔ [3914/4169] Built Lean.Meta.Tactic.Grind.Arith.CommRing.Inv (949ms)
✔ [3915/4169] Built Lean.Meta.Tactic.Grind.Arith.CommRing.Power (750ms)
✔ [3916/4169] Built Lean.Elab.LetRec:c.o (5.7s)
✔ [3917/4169] Built Lean.Meta.Tactic.Grind.Arith.CommRing.RingId (1.1s)
✔ [3918/4169] Built Lean.Meta.Tactic.Grind.Order.Proof (1.2s)
✔ [3919/4169] Built Lean.Elab.Tactic.BuiltinTactic:c.o (28s)
✔ [3920/4169] Built Lean.Meta.Tactic.Grind.Arith.CommRing.SemiringM (1.4s)
✔ [3921/4169] Built Lean.Meta.Tactic.Grind.Arith.Linear.SearchM (559ms)
✔ [3922/4169] Built Lean.Meta.Tactic.Grind.Arith.Linear.LinearM:c.o (607ms)
✔ [3923/4169] Built Lean.Meta.Tactic.Grind.Arith.CommRing.NonCommRingM:c.o (670ms)
✔ [3924/4169] Built Lean.Meta.Tactic.Grind.Arith.CommRing.SafePoly (1.6s)
✔ [3925/4169] Built Lean.Meta.Tactic.Grind.Ext:c.o (3.3s)
✔ [3926/4169] Built Lean.Meta.Tactic.Grind.Propagate (3.0s)
✔ [3927/4169] Built Lean.Meta.Tactic.Grind.Arith.EvalNum:c.o (4.2s)
✔ [3928/4169] Built Lean.Meta.Tactic.Grind.Arith.Linear.SearchM:c.o (586ms)
✔ [3929/4169] Built Lean.Meta.Tactic.Grind.Arith.CommRing.NonCommSemiringM (687ms)
✔ [3930/4169] Built Lean.Meta.Tactic.Grind.Arith.Linear.Util (1.3s)
✔ [3931/4169] Built Lean.Meta.Tactic.Grind.MBTC (3.0s)
✔ [3932/4169] Built Lean.Meta.Tactic.Grind.PropagateInj:c.o (2.8s)
✔ [3933/4169] Built Lean.Meta.Tactic.Grind.Arith.Linear.OfNatModule (1.5s)
✔ [3934/4169] Built Lean.Meta.Tactic.Grind.Order.StructId (1.3s)
✔ [3935/4169] Built Lean.Elab.App:c.o (42s)
✔ [3936/4169] Built Lean.Meta.Tactic.Grind.Arith.CommRing.Power:c.o (1.5s)
✔ [3937/4169] Built Lean.Elab.Tactic.Omega.Frontend:c.o (18s)
✔ [3938/4169] Built Lean.Meta.Tactic.Grind.Proof:c.o (4.5s)
✔ [3939/4169] Built Lean.Meta.Tactic.Grind.Arith.CommRing.NonCommSemiringM:c.o (642ms)
✔ [3940/4169] Built Lean.Meta.Tactic.Grind.Arith.Linear.Var (576ms)
✔ [3941/4169] Built Lean.Meta.Tactic.Grind.Arith.CommRing.Inv:c.o (1.8s)
✔ [3942/4169] Built Lean.Meta.Tactic.Grind.Order.Proof:c.o (1.6s)
✔ [3943/4169] Built Lean.Meta.Tactic.Grind.Arith.Propagate (833ms)
✔ [3944/4169] Built Lean.Meta.Tactic.Grind.AC.Util (1.0s)
✔ [3945/4169] Built Lean.Meta.Tactic.Grind.Ctor:c.o (3.6s)
✔ [3946/4169] Built Lean.Meta.Tactic.Grind.Arith.Cutsat.Types (6.1s)
✔ [3947/4169] Built Lean.Meta.Tactic.Grind.Arith.CommRing.RingM:c.o (3.5s)
✔ [3948/4169] Built Lean.Meta.Tactic.Grind.Arith.Linear.Inv (1.3s)
✔ [3949/4169] Built Lean.Meta.Tactic.Grind.AC.DenoteExpr (522ms)
✔ [3950/4169] Built Lean.Meta.Tactic.Grind.Arith.Linear.DenoteExpr (901ms)
✔ [3951/4169] Built Lean.Meta.Tactic.Grind.Arith.Linear.Var:c.o (920ms)
✔ [3952/4169] Built Lean.Meta.Tactic.Grind.Arith.Cutsat.Types:c.o (529ms)
✔ [3953/4169] Built Lean.Meta.Tactic.Grind.Arith.Linear.Reify (1.1s)
✔ [3954/4169] Built Lean.Meta.Tactic.Grind.AC.DenoteExpr:c.o (280ms)
✔ [3955/4169] Built Lean.Meta.Tactic.Grind.AC.Inv (923ms)
✔ [3956/4169] Built Lean.Meta.Tactic.Grind.Arith.Cutsat.Model (770ms)
✔ [3957/4169] Built Lean.Meta.Tactic.Grind.Arith.CommRing.SafePoly:c.o (2.5s)
✔ [3958/4169] Built Lean.Meta.Tactic.Grind.Order.Assert (2.9s)
✔ [3959/4169] Built Lean.Elab.Structure (10s)
✔ [3960/4169] Built Lean.Meta.Tactic.Grind.AC.PP (731ms)
✔ [3961/4169] Built Lean.Meta.Tactic.Grind.EMatchTheoremParam:c.o (4.1s)
✔ [3962/4169] Built Lean.Meta.Tactic.Grind.Arith.Model (383ms)
✔ [3963/4169] Built Lean.Meta.Tactic.Grind.Arith.CommRing.RingId:c.o (3.4s)
✔ [3964/4169] Built Lean.Meta.Tactic.Grind.Arith.Cutsat.Util (1.2s)
✔ [3965/4169] Built Lean.Meta.Tactic.Grind.AC.Internalize (844ms)
✔ [3966/4169] Built Lean.Meta.Tactic.Grind.Arith.Model:c.o (110ms)
✔ [3967/4169] Built Lean.Meta.Tactic.Grind.Arith.Linear.Model (972ms)
✔ [3968/4169] Built Lean.Meta.Tactic.Grind.Arith.CommRing.PP:c.o (4.1s)
✔ [3969/4169] Built Lean.Meta.Tactic.Grind.Arith.Cutsat.Norm (690ms)
✔ [3970/4169] Built Lean.Meta.Tactic.Grind.Arith.Cutsat.SearchM (669ms)
✔ [3971/4169] Built Lean.Meta.Tactic.Grind.MatchCond (4.6s)
✔ [3972/4169] Built Lean.Meta.Tactic.Grind.Arith.Linear.Util:c.o (3.2s)
✔ [3973/4169] Built Lean.Meta.Tactic.Grind.Arith.Linear.PP (547ms)
✔ [3974/4169] Built Lean.Meta.Tactic.Grind.Arith.FieldNormNum:c.o (6.8s)
✔ [3975/4169] Built Lean.Meta.Tactic.Grind.Arith.CommRing.SemiringM:c.o (4.0s)
✔ [3976/4169] Built Lean.Meta.Tactic.Grind.Arith.Cutsat.MBTC (979ms)
✔ [3977/4169] Built Lean.Meta.Tactic.Grind.Arith.CommRing.Reify (3.5s)
✔ [3978/4169] Built Lean.Meta.Tactic.Grind.Arith.Linear.Reify:c.o (1.8s)
✔ [3979/4169] Built Lean.Meta.Tactic.Grind.Arith.Cutsat.SearchM:c.o (458ms)
✔ [3980/4169] Built Lean.Meta.Tactic.Grind.Arith.Linear.OfNatModule:c.o (3.3s)
✔ [3981/4169] Built Lean.Meta.Tactic.Grind.Arith.Linear.PP:c.o (474ms)
✔ [3982/4169] Built Lean.Meta.Tactic.Grind.Arith.Simproc:c.o (5.6s)
✔ [3983/4169] Built Lean.Meta.Tactic.Grind.Arith.Propagate:c.o (2.9s)
✔ [3984/4169] Built Lean.Meta.Tactic.Grind.AC.PP:c.o (1.5s)
✔ [3985/4169] Built Lean.Meta.Tactic.Grind.Arith.Cutsat.Norm:c.o (637ms)
✔ [3986/4169] Built Lean.Meta.Tactic.Grind.CasesMatch (761ms)
✔ [3987/4169] Built Lean.Meta.Tactic.Grind.Arith.Linear.DenoteExpr:c.o (2.3s)
✔ [3988/4169] Built Lean.Meta.Tactic.Grind.AC.Inv:c.o (2.0s)
✔ [3989/4169] Built Lean.Meta.Tactic.Grind.Canon:c.o (6.9s)
✔ [3990/4169] Built Lean.Meta.Tactic.Grind.AC.Internalize:c.o (1.6s)
✔ [3991/4169] Built Lean.Meta.Tactic.Grind.Arith.Linear.Den (519ms)
✔ [3992/4169] Built Lean.Meta.Tactic.Grind.Arith.Cutsat.Model:c.o (2.2s)
✔ [3993/4169] Built Lean.Elab.Declaration:c.o (8.2s)
✔ [3994/4169] Built Lean.Meta.Tactic.Grind.Arith.Cutsat.MBTC:c.o (1.0s)
✔ [3995/4169] Built Lean.Meta.Tactic.Grind.Arith.Linear.Den:c.o (474ms)
✔ [3996/4169] Built Lean.Elab.Inductive:c.o (10s)
✔ [3997/4169] Built Lean.Meta.Tactic.Grind.Inv (1.8s)
✔ [3998/4169] Built Lean.Meta.Tactic.Grind.AC.Proof (3.9s)
✔ [3999/4169] Built Lean.Meta.Tactic.Grind.PP (1.7s)
✔ [4000/4169] Built Lean.Meta.Tactic.Grind.Arith.Cutsat.Util:c.o (2.7s)
✔ [4001/4169] Built Lean.Meta.Tactic.Grind.ProveEq:c.o (7.1s)
✔ [4002/4169] Built Lean.Meta.Tactic.Grind.Arith.CommRing.Proof (5.8s)
✔ [4003/4169] Built Lean.Meta.Tactic.Grind.Arith.Linear.Model:c.o (3.1s)
✔ [4004/4169] Built Lean.Meta.Tactic.Grind.CasesMatch:c.o (2.1s)
✔ [4005/4169] Built Lean.Meta.Tactic.Grind.Arith.CommRing.Internalize (2.6s)
✔ [4006/4169] Built Lean.Meta.Tactic.Grind.Arith.Cutsat.ToInt (3.4s)
✔ [4007/4169] Built Lean.Meta.Tactic.Grind.Arith.Linear.Proof (5.3s)
✔ [4008/4169] Built Lean.Meta.Tactic.Grind.Arith.Linear.Inv:c.o (6.0s)
✔ [4009/4169] Built Lean.Meta.Tactic.Grind.Arith.Cutsat.Nat (1.1s)
✔ [4010/4169] Built Lean.Meta.Tactic.Grind.EMatchTheorem:c.o (25s)
✔ [4011/4169] Built Lean.Meta.Tactic.Grind.Order.StructId:c.o (7.7s)
✔ [4012/4169] Built Lean.Meta.Tactic.Grind.AC.Util:c.o (7.4s)
✔ [4013/4169] Built Lean.Elab.StructInst:c.o (36s)
✔ [4014/4169] Built Lean.Meta.Tactic.Grind.Arith.Cutsat.Var (1.2s)
✔ [4015/4169] Built Lean.Meta.Tactic.Grind.PP:c.o (4.2s)
✔ [4016/4169] Built Lean.Meta.Tactic.Grind.Inv:c.o (4.3s)
✔ [4017/4169] Built Lean.Meta.Tactic.Grind.MBTC:c.o (9.9s)
✔ [4018/4169] Built Lean.Meta.Tactic.Grind.Arith.Cutsat.CommRing (1.3s)
✔ [4019/4169] Built Lean.Meta.Tactic.Grind.Arith.Cutsat.Nat:c.o (2.6s)
✔ [4020/4169] Built Lean.Meta.Tactic.Grind.Arith.Cutsat.Inv (1.5s)
✔ [4021/4169] Built Lean.Elab.BuiltinEvalCommand:c.o (15s)
✔ [4022/4169] Built Lean.Meta.Tactic.Grind.Propagate:c.o (10s)
✔ [4023/4169] Built Lean.Meta.Tactic.Grind.Order.Internalize (3.3s)
✔ [4024/4169] Built Lean.Meta.Tactic.Grind.Order (493ms)
✔ [4025/4169] Built Lean.Meta.Tactic.Grind.Order:c.o (215ms)
✔ [4026/4169] Built Lean.Meta.Tactic.Grind.AC.Eq (7.2s)
✔ [4027/4169] Built Lean.Meta.Tactic.Grind.Arith.Cutsat.Var:c.o (3.7s)
✔ [4028/4169] Built Lean.Meta.Tactic.Grind.AC.Action (443ms)
✔ [4029/4169] Built Lean.Meta.Tactic.Grind.AC.Action:c.o (121ms)
✔ [4030/4169] Built Lean.Meta.Tactic.Grind.AC (489ms)
✔ [4031/4169] Built Lean.Meta.Tactic.Grind.Order.Assert:c.o (11s)
✔ [4032/4169] Built Lean.Meta.Tactic.Grind.AC:c.o (185ms)
✔ [4033/4169] Built Lean.Elab.DocString.Builtin:c.o (38s)
✔ [4034/4169] Built Lean.Meta.Tactic.Grind.Arith.CommRing.EqCnstr (8.9s)
✔ [4035/4169] Built Lean.Meta.Tactic.Grind.Arith.CommRing.Action (388ms)
✔ [4036/4169] Built Lean.Meta.Tactic.Grind.Arith.CommRing.Action:c.o (101ms)
✔ [4037/4169] Built Lean.Meta.Tactic.Grind.Arith.CommRing (630ms)
✔ [4038/4169] Built Lean.Meta.Tactic.Grind.Arith.CommRing:c.o (245ms)
✔ [4039/4169] Built Lean.Meta.Tactic.Grind.Types:c.o (21s)
✔ [4040/4169] Built Lean.Meta.Tactic.Grind.Arith.Cutsat.CommRing:c.o (6.0s)
✔ [4041/4169] Built Lean.Meta.Tactic.Grind.Arith.CommRing.Internalize:c.o (10s)
✔ [4042/4169] Built Lean.Meta.Tactic.Grind.AC.Proof:c.o (11s)
✔ [4043/4169] Built Lean.Meta.Tactic.Grind.MatchCond:c.o (15s)
✔ [4044/4169] Built Lean.Meta.Tactic.Grind.Arith.Cutsat.Proof (8.7s)
✔ [4045/4169] Built Lean.Elab.MutualInductive:c.o (27s)
✔ [4046/4169] Built Lean.Meta.Tactic.Grind.Arith.CommRing.Reify:c.o (16s)
✔ [4047/4169] Built Lean.Meta.Tactic.Grind.Arith.Cutsat.Inv:c.o (9.4s)
✔ [4048/4169] Built Lean.Meta.Tactic.Grind.Arith.Cutsat.DvdCnstr (1.5s)
✔ [4049/4169] Built Lean.Meta.Tactic.Grind.Arith.Cutsat.LeCnstr (1.8s)
✔ [4050/4169] Built Lean.Meta.Tactic.Grind.Arith.Linear.StructId (14s)
✔ [4051/4169] Built Lean.Meta.Tactic.Grind.Arith.IsRelevant (442ms)
✔ [4052/4169] Built Lean.Meta.Tactic.Grind.Arith.IsRelevant:c.o (267ms)
✔ [4053/4169] Built Lean.Meta.Tactic.Grind.Arith.Linear.Proof:c.o (14s)
✔ [4054/4169] Built Lean.Meta.Tactic.Grind.Arith.Linear.Internalize (1.1s)
✔ [4055/4169] Built Lean.Meta.Tactic.Grind.Arith.Linear.IneqCnstr (1.3s)
✔ [4056/4169] Built Lean.Meta.Tactic.Grind.Arith.Cutsat.ToInt:c.o (16s)
✔ [4057/4169] Built Lean.Meta.Tactic.Grind.Arith.Linear.Internalize:c.o (1.5s)
✔ [4058/4169] Built Lean.Meta.Tactic.Grind.Arith.Linear.PropagateEq (2.5s)
✔ [4059/4169] Built Lean.Meta.Tactic.Grind.Arith.Linear.MBTC (512ms)
✔ [4060/4169] Built Lean.Meta.Tactic.Grind.Arith.CommRing.Proof:c.o (19s)
✔ [4061/4169] Built Lean.Meta.Tactic.Grind.Arith.Linear.MBTC:c.o (429ms)
✔ [4062/4169] Built Lean.Meta.Tactic.Grind.Internalize (4.6s)
✔ [4063/4169] Built Lean.Meta.Tactic.Grind.Proj (656ms)
✔ [4064/4169] Built Lean.Meta.Tactic.Grind.Arith.Cutsat.EqCnstr (5.7s)
✔ [4065/4169] Built Lean.Meta.Tactic.Grind.Arith.Linear.IneqCnstr:c.o (4.8s)
✔ [4066/4169] Built Lean.Meta.Tactic.Grind.Arith.Cutsat.LeCnstr:c.o (6.5s)
✔ [4067/4169] Built Lean.Meta.Tactic.Grind.ForallProp (1.9s)
✔ [4068/4169] Built Lean.Meta.Tactic.Grind.Order.Internalize:c.o (16s)
✔ [4069/4169] Built Lean.Meta.Tactic.Grind.Arith.Linear.Search (5.7s)
✔ [4070/4169] Built Lean.Meta.Tactic.Grind.Proj:c.o (1.5s)
✔ [4071/4169] Built Lean.Meta.Tactic.Grind.Arith.Cutsat.ReorderVars (1.5s)
✔ [4072/4169] Built Lean.Meta.Tactic.Grind.Arith.Linear.Action (394ms)
✔ [4073/4169] Built Lean.Meta.Tactic.Grind.Arith.Linear.Action:c.o (108ms)
✔ [4074/4169] Built Lean.Meta.Tactic.Grind.Arith.Linear (552ms)
✔ [4075/4169] Built Lean.Meta.Tactic.Grind.SimpUtil (1.3s)
✔ [4076/4169] Built Lean.Meta.Tactic.Grind.Arith.Linear:c.o (210ms)
✔ [4077/4169] Built Lean.Meta.Tactic.Grind.Core (3.6s)
✔ [4078/4169] Built Lean.Meta.Tactic.Grind.Arith.Cutsat.DvdCnstr:c.o (9.1s)
✔ [4079/4169] Built Lean.Meta.Tactic.Grind.SimpUtil:c.o (2.3s)
✔ [4080/4169] Built Lean.Meta.Tactic.Grind.Arith.Cutsat.ReorderVars:c.o (3.5s)
✔ [4081/4169] Built Lean.Meta.Tactic.Grind.Intro (2.5s)
✔ [4082/4169] Built Lean.Meta.Tactic.Grind.ForallProp:c.o (5.0s)
✔ [4083/4169] Built Lean.Elab.Tactic.Do.VCGen:c.o (44s)
✔ [4084/4169] Built Lean.Meta.Tactic.Grind.Split (3.1s)
✔ [4085/4169] Built Lean.Meta.Tactic.Grind.Arith.Cutsat.Search (7.4s)
✔ [4086/4169] Built Lean.Meta.Tactic.Grind.Arith.Main (433ms)
✔ [4087/4169] Built Lean.Meta.Tactic.Grind.Arith.Cutsat.Action (405ms)
✔ [4088/4169] Built Lean.Meta.Tactic.Grind.Arith.Cutsat.Action:c.o (107ms)
✔ [4089/4169] Built Lean.Elab.MutualDef:c.o (44s)
✔ [4090/4169] Built Lean.Meta.Tactic.Grind.Arith.Main:c.o (416ms)
✔ [4091/4169] Built Lean.Meta.Tactic.Grind.Arith.Cutsat (664ms)
✔ [4092/4169] Built Lean.Meta.Tactic.Grind.Arith.Cutsat:c.o (238ms)
✔ [4093/4169] Built Lean.Meta.Tactic.Grind.Arith (400ms)
✔ [4094/4169] Built Lean.Meta.Tactic.Grind.Arith:c.o (81ms)
✔ [4095/4169] Built Lean.Meta.Tactic.Grind.Intro:c.o (5.4s)
✔ [4096/4169] Built Lean.Meta.Tactic.Grind.Arith.Cutsat.Proof:c.o (18s)
✔ [4097/4169] Built Lean.Meta.Tactic.Grind.Core:c.o (10s)
✔ [4098/4169] Built Lean.Meta.Tactic.Grind.Arith.Linear.PropagateEq:c.o (15s)
✔ [4099/4169] Built Lean.Meta.Tactic.Grind.Arith.Linear.Search:c.o (13s)
✔ [4100/4169] Built Lean.Meta.Tactic.Grind.AC.Eq:c.o (29s)
✔ [4101/4169] Built Lean.Meta.Tactic.Grind.Split:c.o (7.8s)
✔ [4102/4169] Built Lean.Meta.Tactic.Grind.EMatch (13s)
✔ [4103/4169] Built Lean.Meta.Tactic.Grind.EMatchAction (1.4s)
✔ [4104/4169] Built Lean.Meta.Tactic.Grind.Finish (411ms)
✔ [4105/4169] Built Lean.Meta.Tactic.Grind.Finish:c.o (130ms)
✔ [4106/4169] Built Lean.Meta.Tactic.Grind.Solve (392ms)
✔ [4107/4169] Built Lean.Elab.Structure:c.o (43s)
✔ [4108/4169] Built Lean.Meta.Tactic.Grind.Solve:c.o (169ms)
✔ [4109/4169] Built Lean.Meta.Tactic.Grind.Lookahead (1.0s)
✔ [4110/4169] Built Lean.Meta.Tactic.Grind.Internalize:c.o (20s)
✔ [4111/4169] Built Lean.Meta.Tactic.Grind.Main (2.1s)
✔ [4112/4169] Built Lean.Meta.Tactic.Grind (899ms)
✔ [4113/4169] Built Lean.Meta.Tactic.Grind:c.o (401ms)
✔ [4114/4169] Built Lean.Meta.Tactic.LibrarySearch (1.5s)
✔ [4115/4169] Built Lean.Meta.Tactic.Grind.Arith.Cutsat.EqCnstr:c.o (22s)
✔ [4116/4169] Built Lean.Meta.Tactic.Grind.EMatchAction:c.o (4.7s)
✔ [4117/4169] Built Lean.Meta.Tactic.Grind.Arith.Linear.StructId:c.o (28s)
✔ [4118/4169] Built Lean.Meta.Tactic.Grind.Lookahead:c.o (4.1s)
✔ [4119/4169] Built Lean.Elab.Tactic.LibrarySearch (1.3s)
✔ [4120/4169] Built Lean.Meta.Tactic.Try.Collect (1.3s)
✔ [4121/4169] Built Lean.Elab.Tactic.Grind.Basic (3.1s)
✔ [4122/4169] Built Lean.Meta.Tactic.Try (444ms)
✔ [4123/4169] Built Lean.Meta.Tactic.Try:c.o (119ms)
✔ [4124/4169] Built Lean.Meta.Tactic (466ms)
✔ [4125/4169] Built Lean.Meta.Tactic:c.o (109ms)
✔ [4126/4169] Built Lean.Elab.Tactic.Grind.Filter (823ms)
✔ [4127/4169] Built Lean.Elab.Tactic.Grind.Have (1.1s)
✔ [4128/4169] Built Lean.Meta (474ms)
✔ [4129/4169] Built Lean.Meta:c.o (120ms)
✔ [4130/4169] Built Lean.Meta.Tactic.LibrarySearch:c.o (2.0s)
✔ [4131/4169] Built Lean.Elab.Tactic.Grind.Filter:c.o (654ms)
✔ [4132/4169] Built Lean.Elab.Tactic.Grind.ShowState (1.2s)
✔ [4133/4169] Built Lean.Elab.Tactic.LibrarySearch:c.o (2.6s)
✔ [4134/4169] Built Lean.Elab.Tactic.Grind.Config (2.5s)
✔ [4135/4169] Built Lean.Elab.Tactic.Grind.Param (2.5s)
✔ [4136/4169] Built Lean.Meta.Tactic.Grind.Arith.Cutsat.Search:c.o (18s)
✔ [4137/4169] Built Lean.Elab.Tactic.Grind.Have:c.o (1.6s)
✔ [4138/4169] Built Lean.Meta.Tactic.Try.Collect:c.o (3.1s)
✔ [4139/4169] Built Lean.Elab.Tactic.Grind.Trace (711ms)
✔ [4140/4169] Built Lean.Elab.Tactic.Grind.Lint (1.6s)
✔ [4141/4169] Built Lean.Elab.Tactic.Grind.Trace:c.o (1.1s)
✔ [4142/4169] Built Lean.Elab.Tactic.Grind.LintExceptions (369ms)
✔ [4143/4169] Built Lean.Elab.Tactic.Grind.LintExceptions:c.o (69ms)
✔ [4144/4169] Built Lean.Elab.Tactic.Grind.ShowState:c.o (2.7s)
✔ [4145/4169] Built Lean.Elab.Tactic.Grind.BuiltinTactic (3.8s)
✔ [4146/4169] Built Lean.Meta.Tactic.Grind.Arith.CommRing.EqCnstr:c.o (42s)
✔ [4147/4169] Built Lean.Elab.Tactic.Grind.Main (4.2s)
✔ [4148/4169] Built Lean.Elab.Tactic.Grind (430ms)
✔ [4149/4169] Built Lean.Elab.Tactic.Grind:c.o (87ms)
✔ [4150/4169] Built Lean.Elab.Tactic.Grind.Lint:c.o (4.2s)
✔ [4151/4169] Built Lean.Meta.Tactic.Grind.Main:c.o (12s)
✔ [4152/4169] Built Lean.Elab.Tactic.Grind.Param:c.o (8.0s)
✔ [4153/4169] Built Lean.Elab.Tactic.Grind.Main:c.o (7.1s)
✔ [4154/4169] Built Lean.Elab.Tactic.Grind.Config:c.o (12s)
✔ [4155/4169] Built Lean.Meta.Tactic.Grind.EMatch:c.o (24s)
✔ [4156/4169] Built Lean.Elab.Tactic.Try (9.6s)
✔ [4157/4169] Built Lean.Elab.Tactic (504ms)
✔ [4158/4169] Built Lean.Elab.Tactic:c.o (116ms)
✔ [4159/4169] Built Lean.Elab.Tactic.Grind.Basic:c.o (17s)
✔ [4160/4169] Built Lean.Elab (642ms)
✔ [4161/4169] Built Lean.Elab:c.o (127ms)
✔ [4162/4169] Built Lean.Meta.Tactic.FunInd:c.o (91s)
✔ [4163/4169] Built Lean (723ms)
✔ [4164/4169] Built Lean:c.o (113ms)
✔ [4165/4169] Built Lean.Elab.Tactic.Grind.BuiltinTactic:c.o (13s)
✔ [4166/4169] Built Lean.Elab.Tactic.Try:c.o (15s)
✔ [4167/4169] Built Lean:static (1.4s)
✔ [4168/4169] Built Lean:static (1.4s)
Build completed successfully (4169 jobs).
[100%] Built target make_stdlib
[    ] Building /root/verify1002/clang/lean4-src/build/stage1/lib/lean/libInit_shared.so
[100%] Built target Init_shared
[    ] Building /root/verify1002/clang/lean4-src/build/stage1/lib/lean/libleanshared.so
[100%] Built target leanshared
[    ] Building /root/verify1002/clang/lean4-src/build/stage1/lib/lean/libLake_shared.so
[    ] Building /root/verify1002/clang/lean4-src/build/stage1/bin/leanc
[    ] Building /root/verify1002/clang/lean4-src/build/stage1/bin/lean
[100%] Built target lean
[100%] Built target leanc
[100%] Built target lake_shared
[    ] Building /root/verify1002/clang/lean4-src/build/stage1/bin/lake
[100%] Built target lake
[ 96%] No install step for 'stage1'
[100%] Completed 'stage1'
[100%] Built target stage1
