[  3%] Creating directories for 'mimalloc'
[  6%] Creating directories for 'cadical'
[  9%] Performing download step (git clone) for 'mimalloc'
[ 12%] Performing download step (git clone) for 'cadical'
Cloning into 'mimalloc'...
Cloning into 'cadical'...
HEAD is now at 3ff42f04 fixed version number in NEWS
HEAD is now at 94036de6 Merge branch 'dev' into dev2
[ 15%] Performing update step for 'cadical'
[ 18%] No patch step for 'cadical'
[ 21%] Performing update step for 'mimalloc'
[ 25%] No configure step for 'cadical'
[ 28%] Performing build step for 'cadical'
[ 31%] No patch step for 'mimalloc'
[ 34%] No configure step for 'mimalloc'
[ 37%] No build step for 'mimalloc'
[ 40%] No install step for 'mimalloc'
[ 43%] Completed 'mimalloc'
[ 43%] Built target mimalloc
[ 46%] No install step for 'cadical'
[ 50%] Completed 'cadical'
[ 50%] Built target cadical
[ 53%] Creating directories for 'stage0'
[ 56%] No download step for 'stage0'
[ 59%] No update step for 'stage0'
[ 62%] No patch step for 'stage0'
[ 65%] Performing configure step for 'stage0'
-- The CXX compiler identification is GNU 13.3.0
-- The C compiler identification is GNU 13.3.0
-- Detecting CXX compiler ABI info
-- Detecting CXX compiler ABI info - done
-- Check for working CXX compiler: /usr/bin/c++ - skipped
-- Detecting CXX compile features
-- Detecting CXX compile features - done
-- Detecting C compiler ABI info
-- Detecting C compiler ABI info - done
-- Check for working C compiler: /usr/bin/cc - skipped
-- Detecting C compile features
-- Detecting C compile features - done
cc: error: unrecognized command-line option ‘--print-target-triple’
cc: fatal error: no input files
compilation terminated.
-- No build type selected, default to Release
-- 64-bit machine detected
-- Found GMP: /usr/include/x86_64-linux-gnu (Required is at least version "5.0.5") 
-- Found PkgConfig: /usr/bin/pkg-config (found version "1.8.1") 
-- Checking for one of the modules 'libuv'
-- LIBUV_LDFLAGS: -L/usr/lib/x86_64-linux-gnu-luv-lpthread-ldl-lrt
-- LIBUV_INCLUDE_DIRS: /usr/include
-- Found LibUV: TRUE (Required is at least version "1.0.0") 
CMake Warning (dev) at CMakeLists.txt:355 (find_package):
  Policy CMP0148 is not set: The FindPythonInterp and FindPythonLibs modules
  are removed.  Run "cmake --help-policy CMP0148" for policy details.  Use
  the cmake_policy command to set the policy and suppress this warning.

This warning is for project developers.  Use -Wno-dev to suppress it.

-- Found PythonInterp: /usr/local/bin/python (found version "3.12.3") 
CMake Warning at CMakeLists.txt:387 (message):
  Disabling LLVM support


-- stage0 sha1: 16fdbf7b15e4575eedeecf9a6d376863b1455ca9
-- Configuring done (1.0s)
-- Generating done (0.1s)
-- Build files have been written to: /root/verify1002/gcc/lean4-src/build/stage0
[ 68%] Performing build step for 'stage0'
[  1%] Building CXX object kernel/CMakeFiles/kernel.dir/level.cpp.o
[  2%] Building CXX object kernel/CMakeFiles/kernel.dir/expr_eq_fn.cpp.o
[  3%] Building CXX object initialize/CMakeFiles/initialize.dir/init.cpp.o
[  3%] Building CXX object CMakeFiles/leanshell.dir/util/shell.cpp.o
[  3%] Building CXX object kernel/CMakeFiles/kernel.dir/expr.cpp.o
[  4%] Building CXX object kernel/CMakeFiles/kernel.dir/replace_fn.cpp.o
[  5%] Building CXX object kernel/CMakeFiles/kernel.dir/abstract.cpp.o
[  8%] Building CXX object library/constructions/CMakeFiles/constructions.dir/util.cpp.o
[  8%] Building CXX object util/CMakeFiles/util.dir/name_set.cpp.o
[  8%] Building CXX object library/CMakeFiles/library.dir/bin_app.cpp.o
[  9%] Building CXX object util/CMakeFiles/util.dir/name.cpp.o
[  9%] Building CXX object kernel/CMakeFiles/kernel.dir/instantiate.cpp.o
[  9%] Building CXX object library/CMakeFiles/library.dir/constants.cpp.o
[ 10%] Building CXX object shell/CMakeFiles/leanmain.dir/lean.cpp.o
[ 70%] Building CXX object runtime/CMakeFiles/leanrt.dir/platform.cpp.o
[ 10%] Building CXX object util/CMakeFiles/util.dir/escaped.cpp.o
[ 83%] Building CXX object runtime/CMakeFiles/leanrt_initial-exec.dir/uv/timer.cpp.o
[ 13%] Building CXX object library/CMakeFiles/library.dir/expr_lt.cpp.o
[ 94%] Building CXX object runtime/CMakeFiles/leanrt.dir/root/verify1002/gcc/lean4-src/build/mimalloc/src/mimalloc/src/static.c.o
[ 14%] Building CXX object util/CMakeFiles/util.dir/lbool.cpp.o
[ 13%] Building CXX object library/constructions/CMakeFiles/constructions.dir/init_module.cpp.o
[ 13%] Building CXX object kernel/CMakeFiles/kernel.dir/for_each_fn.cpp.o
[ 16%] Building CXX object library/CMakeFiles/library.dir/max_sharing.cpp.o
[ 14%] Building CXX object kernel/CMakeFiles/kernel.dir/local_ctx.cpp.o
[ 17%] Building CXX object util/CMakeFiles/util.dir/bit_tricks.cpp.o
[ 17%] Building CXX object util/CMakeFiles/util.dir/ascii.cpp.o
[ 17%] Building CXX object util/CMakeFiles/util.dir/path.cpp.o
[ 18%] Building CXX object kernel/CMakeFiles/kernel.dir/environment.cpp.o
[ 21%] Building CXX object kernel/CMakeFiles/kernel.dir/type_checker.cpp.o
[ 22%] Building CXX object library/CMakeFiles/library.dir/replace_visitor.cpp.o
[ 22%] Building CXX object util/CMakeFiles/util.dir/list_fn.cpp.o
[ 22%] Building CXX object library/CMakeFiles/library.dir/module.cpp.o
[ 22%] Building CXX object util/CMakeFiles/util.dir/timeit.cpp.o
[ 24%] Building CXX object library/CMakeFiles/library.dir/num.cpp.o
[ 22%] Building CXX object kernel/CMakeFiles/kernel.dir/declaration.cpp.o
[ 22%] Building CXX object library/constructions/CMakeFiles/constructions.dir/cases_on.cpp.o
[ 24%] Building CXX object util/CMakeFiles/util.dir/init_module.cpp.o
[ 25%] Building CXX object library/CMakeFiles/library.dir/dynlib.cpp.o
[ 25%] Building CXX object kernel/CMakeFiles/kernel.dir/equiv_manager.cpp.o
[ 25%] Building CXX object kernel/CMakeFiles/kernel.dir/init_module.cpp.o
[ 25%] Building CXX object library/CMakeFiles/library.dir/util.cpp.o
[ 27%] Building CXX object util/CMakeFiles/util.dir/name_generator.cpp.o
[ 27%] Building CXX object library/CMakeFiles/library.dir/class.cpp.o
[ 29%] Building CXX object util/CMakeFiles/util.dir/timer.cpp.o
[ 29%] Building CXX object runtime/CMakeFiles/leanrt_initial-exec.dir/debug.cpp.o
[ 29%] Building CXX object kernel/CMakeFiles/kernel.dir/quot.cpp.o
[ 30%] Building CXX object util/CMakeFiles/util.dir/map_foreach.cpp.o
[ 30%] Building CXX object kernel/CMakeFiles/kernel.dir/inductive.cpp.o
[ 31%] Building CXX object util/CMakeFiles/util.dir/options.cpp.o
[ 35%] Building CXX object kernel/CMakeFiles/kernel.dir/trace.cpp.o
[ 35%] Building CXX object util/CMakeFiles/util.dir/kvmap.cpp.o
[ 35%] Building CXX object kernel/CMakeFiles/kernel.dir/expr_cache.cpp.o
[ 39%] Building CXX object runtime/CMakeFiles/leanrt.dir/debug.cpp.o
[ 34%] Building CXX object runtime/CMakeFiles/leanrt_initial-exec.dir/thread.cpp.o
[ 39%] Building CXX object library/CMakeFiles/library.dir/annotation.cpp.o
[ 36%] Building CXX object kernel/CMakeFiles/kernel.dir/instantiate_mvars.cpp.o
[ 39%] Building CXX object runtime/CMakeFiles/leanrt.dir/thread.cpp.o
[ 44%] Building CXX object library/CMakeFiles/library.dir/profiling.cpp.o
[ 44%] Building CXX object runtime/CMakeFiles/leanrt_initial-exec.dir/mpz.cpp.o
[ 44%] Building CXX object runtime/CMakeFiles/leanrt_initial-exec.dir/utf8.cpp.o
[ 44%] Building CXX object library/CMakeFiles/library.dir/reducible.cpp.o
[ 39%] Building C object shell/CMakeFiles/leanmanifest.dir/__/temp/empty.c.o
[ 44%] Building CXX object util/CMakeFiles/util.dir/ffi.cpp.o
[ 44%] Building CXX object util/CMakeFiles/util.dir/option_declarations.cpp.o
[ 46%] Building CXX object library/CMakeFiles/library.dir/init_module.cpp.o
[ 42%] Building CXX object runtime/CMakeFiles/leanrt.dir/utf8.cpp.o
[ 46%] Building CXX object runtime/CMakeFiles/leanrt_initial-exec.dir/apply.cpp.o
[ 46%] Building CXX object library/CMakeFiles/library.dir/time_task.cpp.o
[ 49%] Building CXX object runtime/CMakeFiles/leanrt.dir/apply.cpp.o
[ 49%] Building CXX object runtime/CMakeFiles/leanrt.dir/mpz.cpp.o
[ 49%] Building CXX object runtime/CMakeFiles/leanrt.dir/object.cpp.o
[ 51%] Building CXX object runtime/CMakeFiles/leanrt.dir/exception.cpp.o
[ 51%] Building CXX object library/CMakeFiles/library.dir/formatter.cpp.o
[ 51%] Building CXX object runtime/CMakeFiles/leanrt_initial-exec.dir/object.cpp.o
[ 52%] Building CXX object runtime/CMakeFiles/leanrt_initial-exec.dir/exception.cpp.o
[ 53%] Building CXX object library/CMakeFiles/library.dir/print.cpp.o
[ 52%] Building CXX object library/CMakeFiles/library.dir/elab_environment.cpp.o
[ 55%] Building CXX object library/CMakeFiles/library.dir/init_attribute.cpp.o
[ 55%] Building CXX object runtime/CMakeFiles/leanrt.dir/interrupt.cpp.o
[ 55%] Building CXX object runtime/CMakeFiles/leanrt_initial-exec.dir/interrupt.cpp.o
[ 58%] Building CXX object runtime/CMakeFiles/leanrt_initial-exec.dir/compact.cpp.o
[ 58%] Building CXX object runtime/CMakeFiles/leanrt_initial-exec.dir/stackinfo.cpp.o
[ 58%] Building CXX object library/CMakeFiles/library.dir/llvm.cpp.o
[ 58%] Building CXX object runtime/CMakeFiles/leanrt_initial-exec.dir/memory.cpp.o
[ 59%] Building CXX object library/CMakeFiles/library.dir/ir_interpreter.cpp.o
[ 59%] Building CXX object runtime/CMakeFiles/leanrt_initial-exec.dir/io.cpp.o
[ 60%] Building CXX object runtime/CMakeFiles/leanrt_initial-exec.dir/init_module.cpp.o
[ 62%] Building CXX object runtime/CMakeFiles/leanrt.dir/stackinfo.cpp.o
[ 61%] Building CXX object runtime/CMakeFiles/leanrt.dir/memory.cpp.o
[ 63%] Building CXX object runtime/CMakeFiles/leanrt_initial-exec.dir/hash.cpp.o
[ 63%] Building CXX object runtime/CMakeFiles/leanrt.dir/compact.cpp.o
[ 63%] Building CXX object runtime/CMakeFiles/leanrt_initial-exec.dir/byteslice.cpp.o
[ 64%] Building CXX object runtime/CMakeFiles/leanrt.dir/init_module.cpp.o
[ 66%] Building CXX object runtime/CMakeFiles/leanrt.dir/io.cpp.o
[ 66%] Building CXX object runtime/CMakeFiles/leanrt_initial-exec.dir/platform.cpp.o
[ 67%] Building CXX object runtime/CMakeFiles/leanrt.dir/hash.cpp.o
[ 68%] Building CXX object runtime/CMakeFiles/leanrt_initial-exec.dir/allocprof.cpp.o
[ 67%] Building CXX object runtime/CMakeFiles/leanrt_initial-exec.dir/sharecommon.cpp.o
[ 68%] Building CXX object runtime/CMakeFiles/leanrt_initial-exec.dir/alloc.cpp.o
[ 70%] Building CXX object runtime/CMakeFiles/leanrt.dir/alloc.cpp.o
[ 72%] Building CXX object runtime/CMakeFiles/leanrt.dir/byteslice.cpp.o
[ 72%] Building CXX object runtime/CMakeFiles/leanrt_initial-exec.dir/process.cpp.o
[ 72%] Building CXX object runtime/CMakeFiles/leanrt_initial-exec.dir/object_ref.cpp.o
[ 72%] Building CXX object runtime/CMakeFiles/leanrt.dir/allocprof.cpp.o
[ 74%] Building CXX object runtime/CMakeFiles/leanrt_initial-exec.dir/mpn.cpp.o
[ 75%] Building CXX object runtime/CMakeFiles/leanrt_initial-exec.dir/stack_overflow.cpp.o
[ 75%] Building CXX object runtime/CMakeFiles/leanrt.dir/sharecommon.cpp.o
[ 76%] Building CXX object runtime/CMakeFiles/leanrt.dir/process.cpp.o
[ 76%] Building CXX object runtime/CMakeFiles/leanrt.dir/stack_overflow.cpp.o
[ 78%] Building CXX object runtime/CMakeFiles/leanrt_initial-exec.dir/libuv.cpp.o
[ 78%] Building CXX object runtime/CMakeFiles/leanrt.dir/object_ref.cpp.o
[ 80%] Building CXX object runtime/CMakeFiles/leanrt_initial-exec.dir/mutex.cpp.o
[ 80%] Building CXX object runtime/CMakeFiles/leanrt.dir/mpn.cpp.o
[ 81%] Building CXX object runtime/CMakeFiles/leanrt_initial-exec.dir/uv/event_loop.cpp.o
[ 83%] Building CXX object runtime/CMakeFiles/leanrt.dir/mutex.cpp.o
[ 85%] Building CXX object runtime/CMakeFiles/leanrt.dir/uv/net_addr.cpp.o
[ 85%] Building CXX object runtime/CMakeFiles/leanrt.dir/libuv.cpp.o
[ 88%] Building CXX object runtime/CMakeFiles/leanrt.dir/uv/timer.cpp.o
[ 88%] Building CXX object runtime/CMakeFiles/leanrt_initial-exec.dir/uv/dns.cpp.o
[ 85%] Building CXX object runtime/CMakeFiles/leanrt_initial-exec.dir/uv/net_addr.cpp.o
[ 88%] Building CXX object runtime/CMakeFiles/leanrt_initial-exec.dir/uv/udp.cpp.o
[ 88%] Building CXX object runtime/CMakeFiles/leanrt_initial-exec.dir/uv/tcp.cpp.o
[ 88%] Building CXX object runtime/CMakeFiles/leanrt.dir/uv/event_loop.cpp.o
[ 89%] Building CXX object runtime/CMakeFiles/leanrt_initial-exec.dir/uv/system.cpp.o
[ 92%] Building CXX object runtime/CMakeFiles/leanrt.dir/uv/dns.cpp.o
[ 92%] Building CXX object runtime/CMakeFiles/leanrt_initial-exec.dir/root/verify1002/gcc/lean4-src/build/mimalloc/src/mimalloc/src/static.c.o
[ 92%] Building CXX object runtime/CMakeFiles/leanrt.dir/uv/udp.cpp.o
[ 92%] Building CXX object runtime/CMakeFiles/leanrt.dir/uv/tcp.cpp.o
[ 92%] Building CXX object runtime/CMakeFiles/leanrt_initial-exec.dir/uv/signal.cpp.o
[ 93%] Building CXX object runtime/CMakeFiles/leanrt.dir/uv/system.cpp.o
[ 94%] Building CXX object runtime/CMakeFiles/leanrt.dir/uv/signal.cpp.o
[    ] Building /root/verify1002/gcc/lean4-src/stage0/src/../stdlib//Init/BinderNameHint.c
[    ] Building /root/verify1002/gcc/lean4-src/stage0/src/../stdlib//Init/BinderPredicates.c
[    ] Building /root/verify1002/gcc/lean4-src/stage0/src/../stdlib//Init/ByCases.c
[    ] Building /root/verify1002/gcc/lean4-src/stage0/src/../stdlib//Init/Classical.c
[    ] Building /root/verify1002/gcc/lean4-src/stage0/src/../stdlib//Init/Coe.c
[    ] Building /root/verify1002/gcc/lean4-src/stage0/src/../stdlib//Init/Control.c
[    ] Building /root/verify1002/gcc/lean4-src/stage0/src/../stdlib//Init/Control/Basic.c
[    ] Building /root/verify1002/gcc/lean4-src/stage0/src/../stdlib//Init/Control/EState.c
[    ] Building /root/verify1002/gcc/lean4-src/stage0/src/../stdlib//Init/Control/Except.c
[    ] Building /root/verify1002/gcc/lean4-src/stage0/src/../stdlib//Init/Control/ExceptCps.c
[    ] Building /root/verify1002/gcc/lean4-src/stage0/src/../stdlib//Init/Control/Id.c
[    ] Building /root/verify1002/gcc/lean4-src/stage0/src/../stdlib//Init/Control/Lawful.c
[    ] Building /root/verify1002/gcc/lean4-src/stage0/src/../stdlib//Init/Control/Lawful/Basic.c
[    ] Building /root/verify1002/gcc/lean4-src/stage0/src/../stdlib//Init/Control/Lawful/Instances.c
[    ] Building /root/verify1002/gcc/lean4-src/stage0/src/../stdlib//Init/Control/Lawful/Lemmas.c
[    ] Building /root/verify1002/gcc/lean4-src/stage0/src/../stdlib//Init/Control/Lawful/MonadLift.c
[ 95%] Linking CXX static library ../lib/temp/libleanmain.a
[    ] Building /root/verify1002/gcc/lean4-src/stage0/src/../stdlib//Init/Control/Lawful/MonadLift/Basic.c
[    ] Building /root/verify1002/gcc/lean4-src/stage0/src/../stdlib//Init/Control/Lawful/MonadLift/Instances.c
[    ] Building /root/verify1002/gcc/lean4-src/stage0/src/../stdlib//Init/Control/Lawful/MonadLift/Lemmas.c
[    ] Building /root/verify1002/gcc/lean4-src/stage0/src/../stdlib//Init/Control/Reader.c
[    ] Building /root/verify1002/gcc/lean4-src/stage0/src/../stdlib//Init/Control/Option.c
[    ] Building /root/verify1002/gcc/lean4-src/stage0/src/../stdlib//Init/Control/State.c
[    ] Building /root/verify1002/gcc/lean4-src/stage0/src/../stdlib//Init/Control/StateRef.c
[    ] Building /root/verify1002/gcc/lean4-src/stage0/src/../stdlib//Init/Control/StateCps.c
[    ] Building /root/verify1002/gcc/lean4-src/stage0/src/../stdlib//Init/Conv.c
[    ] Building /root/verify1002/gcc/lean4-src/stage0/src/../stdlib//Init/Data.c
[    ] Building /root/verify1002/gcc/lean4-src/stage0/src/../stdlib//Init/Core.c
[    ] Building /root/verify1002/gcc/lean4-src/stage0/src/../stdlib//Init/Data/AC.c
[    ] Building /root/verify1002/gcc/lean4-src/stage0/src/../stdlib//Init/Data/Array/Attach.c
[    ] Building /root/verify1002/gcc/lean4-src/stage0/src/../stdlib//Init/Data/Array.c
[    ] Building /root/verify1002/gcc/lean4-src/stage0/src/../stdlib//Init/Data/Array/BasicAux.c
[ 95%] Linking C static library ../lib/lean/libleanmanifest.a
[    ] Building /root/verify1002/gcc/lean4-src/stage0/src/../stdlib//Init/Data/Array/Basic.c
[    ] Building /root/verify1002/gcc/lean4-src/stage0/src/../stdlib//Init/Data/Array/Bootstrap.c
[    ] Building /root/verify1002/gcc/lean4-src/stage0/src/../stdlib//Init/Data/Array/BinSearch.c
[    ] Building /root/verify1002/gcc/lean4-src/stage0/src/../stdlib//Init/Data/Array/Count.c
[    ] Building /root/verify1002/gcc/lean4-src/stage0/src/../stdlib//Init/Data/Array/Erase.c
[    ] Building /root/verify1002/gcc/lean4-src/stage0/src/../stdlib//Init/Data/Array/DecidableEq.c
[    ] Building /root/verify1002/gcc/lean4-src/stage0/src/../stdlib//Init/Data/Array/Extract.c
[    ] Building /root/verify1002/gcc/lean4-src/stage0/src/../stdlib//Init/Data/Array/FinRange.c
[    ] Building /root/verify1002/gcc/lean4-src/stage0/src/../stdlib//Init/Data/Array/GetLit.c
[    ] Building /root/verify1002/gcc/lean4-src/stage0/src/../stdlib//Init/Data/Array/Find.c
[    ] Building /root/verify1002/gcc/lean4-src/stage0/src/../stdlib//Init/Data/Array/InsertIdx.c
[    ] Building /root/verify1002/gcc/lean4-src/stage0/src/../stdlib//Init/Data/Array/InsertionSort.c
[    ] Building /root/verify1002/gcc/lean4-src/stage0/src/../stdlib//Init/Data/Array/Lemmas.c
[    ] Building /root/verify1002/gcc/lean4-src/stage0/src/../stdlib//Init/Data/Array/Lex.c
[    ] Building /root/verify1002/gcc/lean4-src/stage0/src/../stdlib//Init/Data/Array/Lex/Lemmas.c
[    ] Building /root/verify1002/gcc/lean4-src/stage0/src/../stdlib//Init/Data/Array/Lex/Basic.c
[    ] Building /root/verify1002/gcc/lean4-src/stage0/src/../stdlib//Init/Data/Array/MapIdx.c
[    ] Building /root/verify1002/gcc/lean4-src/stage0/src/../stdlib//Init/Data/Array/Mem.c
[    ] Building /root/verify1002/gcc/lean4-src/stage0/src/../stdlib//Init/Data/Array/Monadic.c
[    ] Building /root/verify1002/gcc/lean4-src/stage0/src/../stdlib//Init/Data/Array/OfFn.c
[    ] Building /root/verify1002/gcc/lean4-src/stage0/src/../stdlib//Init/Data/Array/Perm.c
[    ] Building /root/verify1002/gcc/lean4-src/stage0/src/../stdlib//Init/Data/Array/QSort.c
[    ] Building /root/verify1002/gcc/lean4-src/stage0/src/../stdlib//Init/Data/Array/Range.c
[    ] Building /root/verify1002/gcc/lean4-src/stage0/src/../stdlib//Init/Data/Array/QSort/Basic.c
[    ] Building /root/verify1002/gcc/lean4-src/stage0/src/../stdlib//Init/Data/Array/Subarray.c
[    ] Building /root/verify1002/gcc/lean4-src/stage0/src/../stdlib//Init/Data/Array/Subarray/Split.c
[    ] Building /root/verify1002/gcc/lean4-src/stage0/src/../stdlib//Init/Data/Array/Set.c
[    ] Building /root/verify1002/gcc/lean4-src/stage0/src/../stdlib//Init/Data/Array/TakeDrop.c
[    ] Building /root/verify1002/gcc/lean4-src/stage0/src/../stdlib//Init/Data/Array/Zip.c
[    ] Building /root/verify1002/gcc/lean4-src/stage0/src/../stdlib//Init/Data/BEq.c
[    ] Building /root/verify1002/gcc/lean4-src/stage0/src/../stdlib//Init/Data/BitVec.c
[ 95%] Built target leanmain
[    ] Building /root/verify1002/gcc/lean4-src/stage0/src/../stdlib//Init/Data/BitVec/Bootstrap.c
[    ] Building /root/verify1002/gcc/lean4-src/stage0/src/../stdlib//Init/Data/BitVec/BasicAux.c
[    ] Building /root/verify1002/gcc/lean4-src/stage0/src/../stdlib//Init/Data/BitVec/Basic.c
[    ] Building /root/verify1002/gcc/lean4-src/stage0/src/../stdlib//Init/Data/BitVec/Decidable.c
[    ] Building /root/verify1002/gcc/lean4-src/stage0/src/../stdlib//Init/Data/BitVec/Bitblast.c
[    ] Building /root/verify1002/gcc/lean4-src/stage0/src/../stdlib//Init/Data/BitVec/Folds.c
[    ] Building /root/verify1002/gcc/lean4-src/stage0/src/../stdlib//Init/Data/BitVec/Lemmas.c
[    ] Building /root/verify1002/gcc/lean4-src/stage0/src/../stdlib//Init/Data/Bool.c
[    ] Building /root/verify1002/gcc/lean4-src/stage0/src/../stdlib//Init/Data/ByteArray.c
[    ] Building /root/verify1002/gcc/lean4-src/stage0/src/../stdlib//Init/Data/ByteArray/Basic.c
[    ] Building /root/verify1002/gcc/lean4-src/stage0/src/../stdlib//Init/Data/ByteArray/Bootstrap.c
[    ] Building /root/verify1002/gcc/lean4-src/stage0/src/../stdlib//Init/Data/ByteArray/Extra.c
[    ] Building /root/verify1002/gcc/lean4-src/stage0/src/../stdlib//Init/Data/ByteArray/Lemmas.c
[    ] Building /root/verify1002/gcc/lean4-src/stage0/src/../stdlib//Init/Data/Cast.c
[ 95%] Built target leanmanifest
[    ] Building /root/verify1002/gcc/lean4-src/stage0/src/../stdlib//Init/Data/Char.c
[    ] Building /root/verify1002/gcc/lean4-src/stage0/src/../stdlib//Init/Data/Char/Basic.c
[    ] Building /root/verify1002/gcc/lean4-src/stage0/src/../stdlib//Init/Data/Char/Lemmas.c
[    ] Building /root/verify1002/gcc/lean4-src/stage0/src/../stdlib//Init/Data/Char/Order.c
[    ] Building /root/verify1002/gcc/lean4-src/stage0/src/../stdlib//Init/Data/Dyadic.c
[    ] Building /root/verify1002/gcc/lean4-src/stage0/src/../stdlib//Init/Data/Dyadic/Instances.c
[    ] Building /root/verify1002/gcc/lean4-src/stage0/src/../stdlib//Init/Data/Dyadic/Basic.c
[    ] Building /root/verify1002/gcc/lean4-src/stage0/src/../stdlib//Init/Data/Dyadic/Inv.c
[    ] Building /root/verify1002/gcc/lean4-src/stage0/src/../stdlib//Init/Data/Dyadic/Round.c
[    ] Building /root/verify1002/gcc/lean4-src/stage0/src/../stdlib//Init/Data/Fin/Lemmas.c
[    ] Building /root/verify1002/gcc/lean4-src/stage0/src/../stdlib//Init/Data/Fin/Fold.c
[    ] Building /root/verify1002/gcc/lean4-src/stage0/src/../stdlib//Init/Data/Fin.c
[    ] Building /root/verify1002/gcc/lean4-src/stage0/src/../stdlib//Init/Data/Fin/Basic.c
[    ] Building /root/verify1002/gcc/lean4-src/stage0/src/../stdlib//Init/Data/Fin/Bitwise.c
[    ] Building /root/verify1002/gcc/lean4-src/stage0/src/../stdlib//Init/Data/Fin/Iterate.c
[    ] Building /root/verify1002/gcc/lean4-src/stage0/src/../stdlib//Init/Data/Fin/Log2.c
[    ] Building /root/verify1002/gcc/lean4-src/stage0/src/../stdlib//Init/Data/Float.c
[    ] Building /root/verify1002/gcc/lean4-src/stage0/src/../stdlib//Init/Data/Float32.c
[    ] Building /root/verify1002/gcc/lean4-src/stage0/src/../stdlib//Init/Data/FloatArray.c
[    ] Building /root/verify1002/gcc/lean4-src/stage0/src/../stdlib//Init/Data/FloatArray/Basic.c
[    ] Building /root/verify1002/gcc/lean4-src/stage0/src/../stdlib//Init/Data/Format.c
[    ] Building /root/verify1002/gcc/lean4-src/stage0/src/../stdlib//Init/Data/Format/Basic.c
[    ] Building /root/verify1002/gcc/lean4-src/stage0/src/../stdlib//Init/Data/Int/Basic.c
[    ] Building /root/verify1002/gcc/lean4-src/stage0/src/../stdlib//Init/Data/Format/Instances.c
[    ] Building /root/verify1002/gcc/lean4-src/stage0/src/../stdlib//Init/Data/Format/Macro.c
[    ] Building /root/verify1002/gcc/lean4-src/stage0/src/../stdlib//Init/Data/Function.c
[    ] Building /root/verify1002/gcc/lean4-src/stage0/src/../stdlib//Init/Data/Format/Syntax.c
[    ] Building /root/verify1002/gcc/lean4-src/stage0/src/../stdlib//Init/Data/Hashable.c
[    ] Building /root/verify1002/gcc/lean4-src/stage0/src/../stdlib//Init/Data/Int.c
[    ] Building /root/verify1002/gcc/lean4-src/stage0/src/../stdlib//Init/Data/Int/Bitwise.c
[    ] Building /root/verify1002/gcc/lean4-src/stage0/src/../stdlib//Init/Data/Int/Bitwise/Basic.c
[    ] Building /root/verify1002/gcc/lean4-src/stage0/src/../stdlib//Init/Data/Int/Bitwise/Lemmas.c
[    ] Building /root/verify1002/gcc/lean4-src/stage0/src/../stdlib//Init/Data/Int/Compare.c
[    ] Building /root/verify1002/gcc/lean4-src/stage0/src/../stdlib//Init/Data/Int/Cooper.c
[    ] Building /root/verify1002/gcc/lean4-src/stage0/src/../stdlib//Init/Data/Int/DivMod.c
[    ] Building /root/verify1002/gcc/lean4-src/stage0/src/../stdlib//Init/Data/Int/DivMod/Basic.c
[    ] Building /root/verify1002/gcc/lean4-src/stage0/src/../stdlib//Init/Data/Int/DivMod/Bootstrap.c
[    ] Building /root/verify1002/gcc/lean4-src/stage0/src/../stdlib//Init/Data/Int/DivMod/Lemmas.c
[    ] Building /root/verify1002/gcc/lean4-src/stage0/src/../stdlib//Init/Data/Int/DivMod/Pow.c
[    ] Building /root/verify1002/gcc/lean4-src/stage0/src/../stdlib//Init/Data/Int/Gcd.c
[    ] Building /root/verify1002/gcc/lean4-src/stage0/src/../stdlib//Init/Data/Int/Lemmas.c
[    ] Building /root/verify1002/gcc/lean4-src/stage0/src/../stdlib//Init/Data/Int/Linear.c
[    ] Building /root/verify1002/gcc/lean4-src/stage0/src/../stdlib//Init/Data/Int/LemmasAux.c
[    ] Building /root/verify1002/gcc/lean4-src/stage0/src/../stdlib//Init/Data/Int/OfNat.c
[    ] Building /root/verify1002/gcc/lean4-src/stage0/src/../stdlib//Init/Data/Iterators/Combinators/Attach.c
[    ] Building /root/verify1002/gcc/lean4-src/stage0/src/../stdlib//Init/Data/Int/Order.c
[    ] Building /root/verify1002/gcc/lean4-src/stage0/src/../stdlib//Init/Data/Int/Pow.c
[    ] Building /root/verify1002/gcc/lean4-src/stage0/src/../stdlib//Init/Data/Iterators.c
[    ] Building /root/verify1002/gcc/lean4-src/stage0/src/../stdlib//Init/Data/Iterators/Basic.c
[    ] Building /root/verify1002/gcc/lean4-src/stage0/src/../stdlib//Init/Data/Iterators/Combinators.c
[    ] Building /root/verify1002/gcc/lean4-src/stage0/src/../stdlib//Init/Data/Iterators/Combinators/FilterMap.c
[    ] Building /root/verify1002/gcc/lean4-src/stage0/src/../stdlib//Init/Data/Iterators/Combinators/FlatMap.c
[    ] Building /root/verify1002/gcc/lean4-src/stage0/src/../stdlib//Init/Data/Iterators/Combinators/Monadic.c
[    ] Building /root/verify1002/gcc/lean4-src/stage0/src/../stdlib//Init/Data/Iterators/Combinators/Monadic/Attach.c
[    ] Building /root/verify1002/gcc/lean4-src/stage0/src/../stdlib//Init/Data/Iterators/Combinators/Monadic/FilterMap.c
[    ] Building /root/verify1002/gcc/lean4-src/stage0/src/../stdlib//Init/Data/Iterators/Combinators/Monadic/FlatMap.c
[    ] Building /root/verify1002/gcc/lean4-src/stage0/src/../stdlib//Init/Data/Iterators/Combinators/Monadic/ULift.c
[    ] Building /root/verify1002/gcc/lean4-src/stage0/src/../stdlib//Init/Data/Iterators/Consumers.c
[    ] Building /root/verify1002/gcc/lean4-src/stage0/src/../stdlib//Init/Data/Iterators/Combinators/Take.c
[    ] Building /root/verify1002/gcc/lean4-src/stage0/src/../stdlib//Init/Data/Iterators/Combinators/Monadic/Take.c
[    ] Building /root/verify1002/gcc/lean4-src/stage0/src/../stdlib//Init/Data/Iterators/Combinators/ULift.c
[    ] Building /root/verify1002/gcc/lean4-src/stage0/src/../stdlib//Init/Data/Iterators/Consumers/Loop.c
[    ] Building /root/verify1002/gcc/lean4-src/stage0/src/../stdlib//Init/Data/Iterators/Consumers/Monadic.c
[    ] Building /root/verify1002/gcc/lean4-src/stage0/src/../stdlib//Init/Data/Iterators/Consumers/Access.c
[    ] Building /root/verify1002/gcc/lean4-src/stage0/src/../stdlib//Init/Data/Iterators/Consumers/Monadic/Access.c
[    ] Building /root/verify1002/gcc/lean4-src/stage0/src/../stdlib//Init/Data/Iterators/Consumers/Monadic/Partial.c
[    ] Building /root/verify1002/gcc/lean4-src/stage0/src/../stdlib//Init/Data/Iterators/Consumers/Collect.c
[    ] Building /root/verify1002/gcc/lean4-src/stage0/src/../stdlib//Init/Data/Iterators/Consumers/Monadic/Loop.c
[    ] Building /root/verify1002/gcc/lean4-src/stage0/src/../stdlib//Init/Data/Iterators/Consumers/Monadic/Collect.c
[    ] Building /root/verify1002/gcc/lean4-src/stage0/src/../stdlib//Init/Data/Iterators/Consumers/Monadic/Total.c
[    ] Building /root/verify1002/gcc/lean4-src/stage0/src/../stdlib//Init/Data/Iterators/Consumers/Partial.c
[    ] Building /root/verify1002/gcc/lean4-src/stage0/src/../stdlib//Init/Data/Iterators/Consumers/Stream.c
[    ] Building /root/verify1002/gcc/lean4-src/stage0/src/../stdlib//Init/Data/Iterators/Consumers/Total.c
[    ] Building /root/verify1002/gcc/lean4-src/stage0/src/../stdlib//Init/Data/Iterators/Internal/LawfulMonadLiftFunction.c
[    ] Building /root/verify1002/gcc/lean4-src/stage0/src/../stdlib//Init/Data/Iterators/Internal.c
[    ] Building /root/verify1002/gcc/lean4-src/stage0/src/../stdlib//Init/Data/Iterators/Internal/Termination.c
[    ] Building /root/verify1002/gcc/lean4-src/stage0/src/../stdlib//Init/Data/Iterators/Lemmas.c
[    ] Building /root/verify1002/gcc/lean4-src/stage0/src/../stdlib//Init/Data/Iterators/Lemmas/Basic.c
[    ] Building /root/verify1002/gcc/lean4-src/stage0/src/../stdlib//Init/Data/Iterators/Lemmas/Combinators/FilterMap.c
[    ] Building /root/verify1002/gcc/lean4-src/stage0/src/../stdlib//Init/Data/Iterators/Lemmas/Combinators/Attach.c
[    ] Building /root/verify1002/gcc/lean4-src/stage0/src/../stdlib//Init/Data/Iterators/Lemmas/Combinators/FlatMap.c
[    ] Building /root/verify1002/gcc/lean4-src/stage0/src/../stdlib//Init/Data/Iterators/Lemmas/Combinators.c
[    ] Building /root/verify1002/gcc/lean4-src/stage0/src/../stdlib//Init/Data/Iterators/Lemmas/Combinators/Monadic/Attach.c
[    ] Building /root/verify1002/gcc/lean4-src/stage0/src/../stdlib//Init/Data/Iterators/Lemmas/Combinators/Monadic.c
[    ] Building /root/verify1002/gcc/lean4-src/stage0/src/../stdlib//Init/Data/Iterators/Lemmas/Combinators/Monadic/FilterMap.c
[    ] Building /root/verify1002/gcc/lean4-src/stage0/src/../stdlib//Init/Data/Iterators/Lemmas/Combinators/Monadic/FlatMap.c
[    ] Building /root/verify1002/gcc/lean4-src/stage0/src/../stdlib//Init/Data/Iterators/Lemmas/Combinators/Monadic/Take.c
[    ] Building /root/verify1002/gcc/lean4-src/stage0/src/../stdlib//Init/Data/Iterators/Lemmas/Combinators/Monadic/ULift.c
[    ] Building /root/verify1002/gcc/lean4-src/stage0/src/../stdlib//Init/Data/Iterators/Lemmas/Combinators/Take.c
[    ] Building /root/verify1002/gcc/lean4-src/stage0/src/../stdlib//Init/Data/Iterators/Lemmas/Consumers.c
[    ] Building /root/verify1002/gcc/lean4-src/stage0/src/../stdlib//Init/Data/Iterators/Lemmas/Combinators/ULift.c
[    ] Building /root/verify1002/gcc/lean4-src/stage0/src/../stdlib//Init/Data/Iterators/Lemmas/Consumers/Collect.c
[    ] Building /root/verify1002/gcc/lean4-src/stage0/src/../stdlib//Init/Data/Iterators/Lemmas/Consumers/Loop.c
[    ] Building /root/verify1002/gcc/lean4-src/stage0/src/../stdlib//Init/Data/Iterators/Lemmas/Consumers/Monadic.c
[    ] Building /root/verify1002/gcc/lean4-src/stage0/src/../stdlib//Init/Data/Iterators/Lemmas/Consumers/Monadic/Loop.c
[    ] Building /root/verify1002/gcc/lean4-src/stage0/src/../stdlib//Init/Data/Iterators/Lemmas/Consumers/Monadic/Collect.c
[    ] Building /root/verify1002/gcc/lean4-src/stage0/src/../stdlib//Init/Data/Iterators/Lemmas/Monadic/Basic.c
[    ] Building /root/verify1002/gcc/lean4-src/stage0/src/../stdlib//Init/Data/Iterators/Lemmas/Producers/List.c
[    ] Building /root/verify1002/gcc/lean4-src/stage0/src/../stdlib//Init/Data/Iterators/Lemmas/Producers.c
[    ] Building /root/verify1002/gcc/lean4-src/stage0/src/../stdlib//Init/Data/Iterators/Lemmas/Producers/Monadic.c
[    ] Building /root/verify1002/gcc/lean4-src/stage0/src/../stdlib//Init/Data/Iterators/Lemmas/Producers/Monadic/List.c
[    ] Building /root/verify1002/gcc/lean4-src/stage0/src/../stdlib//Init/Data/Iterators/PostconditionMonad.c
[    ] Building /root/verify1002/gcc/lean4-src/stage0/src/../stdlib//Init/Data/Iterators/Producers.c
[    ] Building /root/verify1002/gcc/lean4-src/stage0/src/../stdlib//Init/Data/Iterators/Producers/List.c
[    ] Building /root/verify1002/gcc/lean4-src/stage0/src/../stdlib//Init/Data/Iterators/Producers/Monadic/List.c
[    ] Building /root/verify1002/gcc/lean4-src/stage0/src/../stdlib//Init/Data/Iterators/ToIterator.c
[    ] Building /root/verify1002/gcc/lean4-src/stage0/src/../stdlib//Init/Data/LawfulHashable.c
[    ] Building /root/verify1002/gcc/lean4-src/stage0/src/../stdlib//Init/Data/Iterators/Producers/Monadic.c
[    ] Building /root/verify1002/gcc/lean4-src/stage0/src/../stdlib//Init/Data/List.c
[    ] Building /root/verify1002/gcc/lean4-src/stage0/src/../stdlib//Init/Data/List/Attach.c
[    ] Building /root/verify1002/gcc/lean4-src/stage0/src/../stdlib//Init/Data/List/Basic.c
[    ] Building /root/verify1002/gcc/lean4-src/stage0/src/../stdlib//Init/Data/List/Control.c
[    ] Building /root/verify1002/gcc/lean4-src/stage0/src/../stdlib//Init/Data/List/BasicAux.c
[    ] Building /root/verify1002/gcc/lean4-src/stage0/src/../stdlib//Init/Data/List/Erase.c
/root/verify1002/gcc/lean4-src/stage0/src/runtime/stack_overflow.cpp: In function ‘void lean::segv_handler(int, siginfo_t*, void*)’:
/root/verify1002/gcc/lean4-src/stage0/src/runtime/stack_overflow.cpp:74:14: warning: ignoring return value of ‘ssize_t write(int, const void*, size_t)’ declared with attribute ‘warn_unused_result’ [-Wunused-result]
   74 |         write(STDERR_FILENO, msg, sizeof(msg) - 1);
      |         ~~~~~^~~~~~~~~~~~~~~~~~~~~~~~~~~~~~~~~~~~~
[    ] Building /root/verify1002/gcc/lean4-src/stage0/src/../stdlib//Init/Data/List/Count.c
[    ] Building /root/verify1002/gcc/lean4-src/stage0/src/../stdlib//Init/Data/List/FinRange.c
[    ] Building /root/verify1002/gcc/lean4-src/stage0/src/../stdlib//Init/Data/List/Lemmas.c
[    ] Building /root/verify1002/gcc/lean4-src/stage0/src/../stdlib//Init/Data/List/Impl.c
[    ] Building /root/verify1002/gcc/lean4-src/stage0/src/../stdlib//Init/Data/List/Find.c
[    ] Building /root/verify1002/gcc/lean4-src/stage0/src/../stdlib//Init/Data/List/Lex.c
[    ] Building /root/verify1002/gcc/lean4-src/stage0/src/../stdlib//Init/Data/List/MapIdx.c
[    ] Building /root/verify1002/gcc/lean4-src/stage0/src/../stdlib//Init/Data/List/MinMax.c
[    ] Building /root/verify1002/gcc/lean4-src/stage0/src/../stdlib//Init/Data/List/Nat.c
[    ] Building /root/verify1002/gcc/lean4-src/stage0/src/../stdlib//Init/Data/List/Monadic.c
[    ] Building /root/verify1002/gcc/lean4-src/stage0/src/../stdlib//Init/Data/List/Nat/BEq.c
[    ] Building /root/verify1002/gcc/lean4-src/stage0/src/../stdlib//Init/Data/List/Nat/Basic.c
[    ] Building /root/verify1002/gcc/lean4-src/stage0/src/../stdlib//Init/Data/List/Nat/Count.c
[    ] Building /root/verify1002/gcc/lean4-src/stage0/src/../stdlib//Init/Data/List/Nat/Erase.c
[    ] Building /root/verify1002/gcc/lean4-src/stage0/src/../stdlib//Init/Data/List/Nat/Find.c
[    ] Building /root/verify1002/gcc/lean4-src/stage0/src/../stdlib//Init/Data/List/Nat/InsertIdx.c
[    ] Building /root/verify1002/gcc/lean4-src/stage0/src/../stdlib//Init/Data/List/Nat/Modify.c
[    ] Building /root/verify1002/gcc/lean4-src/stage0/src/../stdlib//Init/Data/List/Nat/Perm.c
[    ] Building /root/verify1002/gcc/lean4-src/stage0/src/../stdlib//Init/Data/List/Nat/Range.c
[    ] Building /root/verify1002/gcc/lean4-src/stage0/src/../stdlib//Init/Data/List/Nat/Pairwise.c
[    ] Building /root/verify1002/gcc/lean4-src/stage0/src/../stdlib//Init/Data/List/Nat/Sublist.c
[    ] Building /root/verify1002/gcc/lean4-src/stage0/src/../stdlib//Init/Data/List/Nat/TakeDrop.c
[    ] Building /root/verify1002/gcc/lean4-src/stage0/src/../stdlib//Init/Data/List/OfFn.c
[    ] Building /root/verify1002/gcc/lean4-src/stage0/src/../stdlib//Init/Data/List/Notation.c
[    ] Building /root/verify1002/gcc/lean4-src/stage0/src/../stdlib//Init/Data/List/Pairwise.c
[    ] Building /root/verify1002/gcc/lean4-src/stage0/src/../stdlib//Init/Data/List/Range.c
[    ] Building /root/verify1002/gcc/lean4-src/stage0/src/../stdlib//Init/Data/List/Perm.c
[    ] Building /root/verify1002/gcc/lean4-src/stage0/src/../stdlib//Init/Data/List/Sort.c
[    ] Building /root/verify1002/gcc/lean4-src/stage0/src/../stdlib//Init/Data/List/Sort/Basic.c
[    ] Building /root/verify1002/gcc/lean4-src/stage0/src/../stdlib//Init/Data/List/Sublist.c
[    ] Building /root/verify1002/gcc/lean4-src/stage0/src/../stdlib//Init/Data/List/Sort/Impl.c
[    ] Building /root/verify1002/gcc/lean4-src/stage0/src/../stdlib//Init/Data/List/Sort/Lemmas.c
[    ] Building /root/verify1002/gcc/lean4-src/stage0/src/../stdlib//Init/Data/List/TakeDrop.c
[    ] Building /root/verify1002/gcc/lean4-src/stage0/src/../stdlib//Init/Data/List/ToArrayImpl.c
[    ] Building /root/verify1002/gcc/lean4-src/stage0/src/../stdlib//Init/Data/List/Zip.c
/root/verify1002/gcc/lean4-src/stage0/src/runtime/hash.cpp: In function ‘lean::uint64 lean::MurmurHash64A(const void*, size_t, uint64)’:
/root/verify1002/gcc/lean4-src/stage0/src/runtime/hash.cpp:37:15: warning: this statement may fall through [-Wimplicit-fallthrough=]
   37 |     case 7: h ^= uint64(data2[6]) << 48;
      |             ~~^~~~~~~~~~~~~~~~~~~~~~~~~
/root/verify1002/gcc/lean4-src/stage0/src/runtime/hash.cpp:38:5: note: here
   38 |     case 6: h ^= uint64(data2[5]) << 40;
      |     ^~~~
/root/verify1002/gcc/lean4-src/stage0/src/runtime/hash.cpp:38:15: warning: this statement may fall through [-Wimplicit-fallthrough=]
   38 |     case 6: h ^= uint64(data2[5]) << 40;
      |             ~~^~~~~~~~~~~~~~~~~~~~~~~~~
/root/verify1002/gcc/lean4-src/stage0/src/runtime/hash.cpp:39:5: note: here
   39 |     case 5: h ^= uint64(data2[4]) << 32;
      |     ^~~~
/root/verify1002/gcc/lean4-src/stage0/src/runtime/hash.cpp:39:15: warning: this statement may fall through [-Wimplicit-fallthrough=]
   39 |     case 5: h ^= uint64(data2[4]) << 32;
      |             ~~^~~~~~~~~~~~~~~~~~~~~~~~~
/root/verify1002/gcc/lean4-src/stage0/src/runtime/hash.cpp:40:5: note: here
   40 |     case 4: h ^= uint64(data2[3]) << 24;
      |     ^~~~
/root/verify1002/gcc/lean4-src/stage0/src/runtime/hash.cpp:40:15: warning: this statement may fall through [-Wimplicit-fallthrough=]
   40 |     case 4: h ^= uint64(data2[3]) << 24;
      |             ~~^~~~~~~~~~~~~~~~~~~~~~~~~
/root/verify1002/gcc/lean4-src/stage0/src/runtime/hash.cpp:41:5: note: here
   41 |     case 3: h ^= uint64(data2[2]) << 16;
      |     ^~~~
/root/verify1002/gcc/lean4-src/stage0/src/runtime/hash.cpp:41:15: warning: this statement may fall through [-Wimplicit-fallthrough=]
   41 |     case 3: h ^= uint64(data2[2]) << 16;
      |             ~~^~~~~~~~~~~~~~~~~~~~~~~~~
/root/verify1002/gcc/lean4-src/stage0/src/runtime/hash.cpp:42:5: note: here
   42 |     case 2: h ^= uint64(data2[1]) << 8;
      |     ^~~~
/root/verify1002/gcc/lean4-src/stage0/src/runtime/hash.cpp:42:15: warning: this statement may fall through [-Wimplicit-fallthrough=]
   42 |     case 2: h ^= uint64(data2[1]) << 8;
      |             ~~^~~~~~~~~~~~~~~~~~~~~~~~
/root/verify1002/gcc/lean4-src/stage0/src/runtime/hash.cpp:43:5: note: here
   43 |     case 1: h ^= uint64(data2[0]);
      |     ^~~~
[    ] Building /root/verify1002/gcc/lean4-src/stage0/src/../stdlib//Init/Data/Nat.c
[    ] Building /root/verify1002/gcc/lean4-src/stage0/src/../stdlib//Init/Data/List/ToArray.c
[    ] Building /root/verify1002/gcc/lean4-src/stage0/src/../stdlib//Init/Data/Nat/Basic.c
[    ] Building /root/verify1002/gcc/lean4-src/stage0/src/../stdlib//Init/Data/Nat/Bitwise.c
[    ] Building /root/verify1002/gcc/lean4-src/stage0/src/../stdlib//Init/Data/Nat/Control.c
[    ] Building /root/verify1002/gcc/lean4-src/stage0/src/../stdlib//Init/Data/Nat/Compare.c
[    ] Building /root/verify1002/gcc/lean4-src/stage0/src/../stdlib//Init/Data/Nat/Bitwise/Lemmas.c
[    ] Building /root/verify1002/gcc/lean4-src/stage0/src/../stdlib//Init/Data/Nat/SOM.c
[ 95%] Built target initialize
[    ] Building /root/verify1002/gcc/lean4-src/stage0/src/../stdlib//Init/Data/Nat/Div.c
[    ] Building /root/verify1002/gcc/lean4-src/stage0/src/../stdlib//Init/Data/Nat/Coprime.c
[    ] Building /root/verify1002/gcc/lean4-src/stage0/src/../stdlib//Init/Data/Nat/Div/Lemmas.c
[    ] Building /root/verify1002/gcc/lean4-src/stage0/src/../stdlib//Init/Data/Nat/Div/Basic.c
[    ] Building /root/verify1002/gcc/lean4-src/stage0/src/../stdlib//Init/Data/Nat/Dvd.c
[    ] Building /root/verify1002/gcc/lean4-src/stage0/src/../stdlib//Init/Data/Nat/Fold.c
[    ] Building /root/verify1002/gcc/lean4-src/stage0/src/../stdlib//Init/Data/Nat/Gcd.c
[    ] Building /root/verify1002/gcc/lean4-src/stage0/src/../stdlib//Init/Data/Nat/Lcm.c
[    ] Building /root/verify1002/gcc/lean4-src/stage0/src/../stdlib//Init/Data/Nat/Lemmas.c
[    ] Building /root/verify1002/gcc/lean4-src/stage0/src/../stdlib//Init/Data/Nat/Linear.c
[    ] Building /root/verify1002/gcc/lean4-src/stage0/src/../stdlib//Init/Data/Nat/MinMax.c
[    ] Building /root/verify1002/gcc/lean4-src/stage0/src/../stdlib//Init/Data/Nat/Order.c
[    ] Building /root/verify1002/gcc/lean4-src/stage0/src/../stdlib//Init/Data/Nat/Bitwise/Basic.c
[    ] Building /root/verify1002/gcc/lean4-src/stage0/src/../stdlib//Init/Data/Nat/Mod.c
[    ] Building /root/verify1002/gcc/lean4-src/stage0/src/../stdlib//Init/Data/Nat/Log2.c
[    ] Building /root/verify1002/gcc/lean4-src/stage0/src/../stdlib//Init/Data/Nat/Power2.c
[    ] Building /root/verify1002/gcc/lean4-src/stage0/src/../stdlib//Init/Data/Nat/Simproc.c
[    ] Building /root/verify1002/gcc/lean4-src/stage0/src/../stdlib//Init/Data/NeZero.c
[    ] Building /root/verify1002/gcc/lean4-src/stage0/src/../stdlib//Init/Data/OfScientific.c
[    ] Building /root/verify1002/gcc/lean4-src/stage0/src/../stdlib//Init/Data/Option.c
[    ] Building /root/verify1002/gcc/lean4-src/stage0/src/../stdlib//Init/Data/Option/Array.c
[    ] Building /root/verify1002/gcc/lean4-src/stage0/src/../stdlib//Init/Data/Option/Attach.c
[    ] Building /root/verify1002/gcc/lean4-src/stage0/src/../stdlib//Init/Data/Option/Basic.c
[    ] Building /root/verify1002/gcc/lean4-src/stage0/src/../stdlib//Init/Data/Option/BasicAux.c
[    ] Building /root/verify1002/gcc/lean4-src/stage0/src/../stdlib//Init/Data/Option/Coe.c
[    ] Building /root/verify1002/gcc/lean4-src/stage0/src/../stdlib//Init/Data/Option/Instances.c
[    ] Building /root/verify1002/gcc/lean4-src/stage0/src/../stdlib//Init/Data/Option/List.c
[    ] Building /root/verify1002/gcc/lean4-src/stage0/src/../stdlib//Init/Data/Option/Monadic.c
In file included from /root/verify1002/gcc/lean4-src/build/stage0/util/ffi.cpp:8:
/root/verify1002/gcc/lean4-src/build/stage0/include/lean/lean.h:75:21: warning: attributes are not permitted in this position [-Wattributes]
   75 | #define LEAN_EXPORT __attribute__((visibility("default")))
      |                     ^~~~~~~~~~~~~
/root/verify1002/gcc/lean4-src/build/stage0/util/ffi.cpp:12:1: note: in expansion of macro ‘LEAN_EXPORT’
   12 | LEAN_EXPORT extern "C" object * lean_get_leanc_extra_flags(object *) {
      | ^~~~~~~~~~~
/root/verify1002/gcc/lean4-src/build/stage0/util/ffi.cpp:12:23: note: attributes may be inserted here
   12 | LEAN_EXPORT extern "C" object * lean_get_leanc_extra_flags(object *) {
      |                       ^
/root/verify1002/gcc/lean4-src/build/stage0/include/lean/lean.h:75:21: warning: attributes are not permitted in this position [-Wattributes]
   75 | #define LEAN_EXPORT __attribute__((visibility("default")))
      |                     ^~~~~~~~~~~~~
/root/verify1002/gcc/lean4-src/build/stage0/util/ffi.cpp:16:1: note: in expansion of macro ‘LEAN_EXPORT’
   16 | LEAN_EXPORT extern "C" object * lean_get_leanc_internal_flags(object *) {
      | ^~~~~~~~~~~
/root/verify1002/gcc/lean4-src/build/stage0/util/ffi.cpp:16:23: note: attributes may be inserted here
   16 | LEAN_EXPORT extern "C" object * lean_get_leanc_internal_flags(object *) {
      |                       ^
/root/verify1002/gcc/lean4-src/build/stage0/include/lean/lean.h:75:21: warning: attributes are not permitted in this position [-Wattributes]
   75 | #define LEAN_EXPORT __attribute__((visibility("default")))
      |                     ^~~~~~~~~~~~~
/root/verify1002/gcc/lean4-src/build/stage0/util/ffi.cpp:20:1: note: in expansion of macro ‘LEAN_EXPORT’
   20 | LEAN_EXPORT extern "C" object * lean_get_linker_flags(uint8 link_static) {
      | ^~~~~~~~~~~
/root/verify1002/gcc/lean4-src/build/stage0/util/ffi.cpp:20:23: note: attributes may be inserted here
   20 | LEAN_EXPORT extern "C" object * lean_get_linker_flags(uint8 link_static) {
      |                       ^
/root/verify1002/gcc/lean4-src/build/stage0/include/lean/lean.h:75:21: warning: attributes are not permitted in this position [-Wattributes]
   75 | #define LEAN_EXPORT __attribute__((visibility("default")))
      |                     ^~~~~~~~~~~~~
/root/verify1002/gcc/lean4-src/build/stage0/util/ffi.cpp:24:1: note: in expansion of macro ‘LEAN_EXPORT’
   24 | LEAN_EXPORT extern "C" object * lean_get_internal_linker_flags(object *) {
      | ^~~~~~~~~~~
/root/verify1002/gcc/lean4-src/build/stage0/util/ffi.cpp:24:23: note: attributes may be inserted here
   24 | LEAN_EXPORT extern "C" object * lean_get_internal_linker_flags(object *) {
      |                       ^
[    ] Building /root/verify1002/gcc/lean4-src/stage0/src/../stdlib//Init/Data/Option/Lemmas.c
/root/verify1002/gcc/lean4-src/stage0/src/runtime/stack_overflow.cpp: In function ‘void lean::segv_handler(int, siginfo_t*, void*)’:
/root/verify1002/gcc/lean4-src/stage0/src/runtime/stack_overflow.cpp:74:14: warning: ignoring return value of ‘ssize_t write(int, const void*, size_t)’ declared with attribute ‘warn_unused_result’ [-Wunused-result]
   74 |         write(STDERR_FILENO, msg, sizeof(msg) - 1);
      |         ~~~~~^~~~~~~~~~~~~~~~~~~~~~~~~~~~~~~~~~~~~
[    ] Building /root/verify1002/gcc/lean4-src/stage0/src/../stdlib//Init/Data/Ord.c
[    ] Building /root/verify1002/gcc/lean4-src/stage0/src/../stdlib//Init/Data/Ord/Array.c
[    ] Building /root/verify1002/gcc/lean4-src/stage0/src/../stdlib//Init/Data/Ord/Basic.c
[    ] Building /root/verify1002/gcc/lean4-src/stage0/src/../stdlib//Init/Data/Ord/BitVec.c
[ 95%] Linking CXX static library lib/temp/libleaninitialize.a
[    ] Building /root/verify1002/gcc/lean4-src/stage0/src/../stdlib//Init/Data/Ord/SInt.c
[    ] Building /root/verify1002/gcc/lean4-src/stage0/src/../stdlib//Init/Data/Ord/String.c
[    ] Building /root/verify1002/gcc/lean4-src/stage0/src/../stdlib//Init/Data/Ord/UInt.c
[    ] Building /root/verify1002/gcc/lean4-src/stage0/src/../stdlib//Init/Data/Order.c
[    ] Building /root/verify1002/gcc/lean4-src/stage0/src/../stdlib//Init/Data/Ord/Vector.c
[    ] Building /root/verify1002/gcc/lean4-src/stage0/src/../stdlib//Init/Data/Order/ClassesExtra.c
[    ] Building /root/verify1002/gcc/lean4-src/stage0/src/../stdlib//Init/Data/Order/Classes.c
[    ] Building /root/verify1002/gcc/lean4-src/stage0/src/../stdlib//Init/Data/Order/Factories.c
[    ] Building /root/verify1002/gcc/lean4-src/stage0/src/../stdlib//Init/Data/Order/FactoriesExtra.c
[    ] Building /root/verify1002/gcc/lean4-src/stage0/src/../stdlib//Init/Data/Order/Lemmas.c
[    ] Building /root/verify1002/gcc/lean4-src/stage0/src/../stdlib//Init/Data/Order/LemmasExtra.c
[    ] Building /root/verify1002/gcc/lean4-src/stage0/src/../stdlib//Init/Data/Order/Ord.c
[    ] Building /root/verify1002/gcc/lean4-src/stage0/src/../stdlib//Init/Data/PLift.c
[    ] Building /root/verify1002/gcc/lean4-src/stage0/src/../stdlib//Init/Data/Order/PackageFactories.c
[    ] Building /root/verify1002/gcc/lean4-src/stage0/src/../stdlib//Init/Data/Prod.c
[    ] Building /root/verify1002/gcc/lean4-src/stage0/src/../stdlib//Init/Data/Queue.c
[    ] Building /root/verify1002/gcc/lean4-src/stage0/src/../stdlib//Init/Data/RArray.c
[    ] Building /root/verify1002/gcc/lean4-src/stage0/src/../stdlib//Init/Data/Random.c
[    ] Building /root/verify1002/gcc/lean4-src/stage0/src/../stdlib//Init/Data/Range.c
[    ] Building /root/verify1002/gcc/lean4-src/stage0/src/../stdlib//Init/Data/Range/Basic.c
[    ] Building /root/verify1002/gcc/lean4-src/stage0/src/../stdlib//Init/Data/Range/Polymorphic/Basic.c
[    ] Building /root/verify1002/gcc/lean4-src/stage0/src/../stdlib//Init/Data/Range/Lemmas.c
[    ] Building /root/verify1002/gcc/lean4-src/stage0/src/../stdlib//Init/Data/Range/Polymorphic.c
[    ] Building /root/verify1002/gcc/lean4-src/stage0/src/../stdlib//Init/Data/Range/Polymorphic/BitVec.c
[    ] Building /root/verify1002/gcc/lean4-src/stage0/src/../stdlib//Init/Data/Range/Polymorphic/GetElemTactic.c
[    ] Building /root/verify1002/gcc/lean4-src/stage0/src/../stdlib//Init/Data/Range/Polymorphic/Int.c
[    ] Building /root/verify1002/gcc/lean4-src/stage0/src/../stdlib//Init/Data/Range/Polymorphic/IntLemmas.c
[    ] Building /root/verify1002/gcc/lean4-src/stage0/src/../stdlib//Init/Data/Range/Polymorphic/Internal/SignedBitVec.c
[    ] Building /root/verify1002/gcc/lean4-src/stage0/src/../stdlib//Init/Data/Range/Polymorphic/Instances.c
[    ] Building /root/verify1002/gcc/lean4-src/stage0/src/../stdlib//Init/Data/Range/Polymorphic/Iterators.c
[    ] Building /root/verify1002/gcc/lean4-src/stage0/src/../stdlib//Init/Data/Range/Polymorphic/Nat.c
[    ] Building /root/verify1002/gcc/lean4-src/stage0/src/../stdlib//Init/Data/Range/Polymorphic/NatLemmas.c
[    ] Building /root/verify1002/gcc/lean4-src/stage0/src/../stdlib//Init/Data/Range/Polymorphic/RangeIterator.c
[    ] Building /root/verify1002/gcc/lean4-src/stage0/src/../stdlib//Init/Data/Range/Polymorphic/Lemmas.c
[    ] Building /root/verify1002/gcc/lean4-src/stage0/src/../stdlib//Init/Data/Range/Polymorphic/PRange.c
[    ] Building /root/verify1002/gcc/lean4-src/stage0/src/../stdlib//Init/Data/Range/Polymorphic/UInt.c
[    ] Building /root/verify1002/gcc/lean4-src/stage0/src/../stdlib//Init/Data/Rat.c
/root/verify1002/gcc/lean4-src/stage0/src/runtime/hash.cpp: In function ‘lean::uint64 lean::MurmurHash64A(const void*, size_t, uint64)’:
/root/verify1002/gcc/lean4-src/stage0/src/runtime/hash.cpp:37:15: warning: this statement may fall through [-Wimplicit-fallthrough=]
   37 |     case 7: h ^= uint64(data2[6]) << 48;
      |             ~~^~~~~~~~~~~~~~~~~~~~~~~~~
/root/verify1002/gcc/lean4-src/stage0/src/runtime/hash.cpp:38:5: note: here
   38 |     case 6: h ^= uint64(data2[5]) << 40;
      |     ^~~~
/root/verify1002/gcc/lean4-src/stage0/src/runtime/hash.cpp:38:15: warning: this statement may fall through [-Wimplicit-fallthrough=]
   38 |     case 6: h ^= uint64(data2[5]) << 40;
      |             ~~^~~~~~~~~~~~~~~~~~~~~~~~~
/root/verify1002/gcc/lean4-src/stage0/src/runtime/hash.cpp:39:5: note: here
   39 |     case 5: h ^= uint64(data2[4]) << 32;
      |     ^~~~
/root/verify1002/gcc/lean4-src/stage0/src/runtime/hash.cpp:39:15: warning: this statement may fall through [-Wimplicit-fallthrough=]
   39 |     case 5: h ^= uint64(data2[4]) << 32;
      |             ~~^~~~~~~~~~~~~~~~~~~~~~~~~
/root/verify1002/gcc/lean4-src/stage0/src/runtime/hash.cpp:40:5: note: here
   40 |     case 4: h ^= uint64(data2[3]) << 24;
      |     ^~~~
/root/verify1002/gcc/lean4-src/stage0/src/runtime/hash.cpp:40:15: warning: this statement may fall through [-Wimplicit-fallthrough=]
   40 |     case 4: h ^= uint64(data2[3]) << 24;
      |             ~~^~~~~~~~~~~~~~~~~~~~~~~~~
/root/verify1002/gcc/lean4-src/stage0/src/runtime/hash.cpp:41:5: note: here
   41 |     case 3: h ^= uint64(data2[2]) << 16;
      |     ^~~~
/root/verify1002/gcc/lean4-src/stage0/src/runtime/hash.cpp:41:15: warning: this statement may fall through [-Wimplicit-fallthrough=]
   41 |     case 3: h ^= uint64(data2[2]) << 16;
      |             ~~^~~~~~~~~~~~~~~~~~~~~~~~~
/root/verify1002/gcc/lean4-src/stage0/src/runtime/hash.cpp:42:5: note: here
   42 |     case 2: h ^= uint64(data2[1]) << 8;
      |     ^~~~
/root/verify1002/gcc/lean4-src/stage0/src/runtime/hash.cpp:42:15: warning: this statement may fall through [-Wimplicit-fallthrough=]
   42 |     case 2: h ^= uint64(data2[1]) << 8;
      |             ~~^~~~~~~~~~~~~~~~~~~~~~~~
/root/verify1002/gcc/lean4-src/stage0/src/runtime/hash.cpp:43:5: note: here
   43 |     case 1: h ^= uint64(data2[0]);
      |     ^~~~
[    ] Building /root/verify1002/gcc/lean4-src/stage0/src/../stdlib//Init/Data/Range/Polymorphic/UpwardEnumerable.c
[    ] Building /root/verify1002/gcc/lean4-src/stage0/src/../stdlib//Init/Data/Range/Polymorphic/SInt.c
[    ] Building /root/verify1002/gcc/lean4-src/stage0/src/../stdlib//Init/Data/Range/Polymorphic/Stream.c
[    ] Building /root/verify1002/gcc/lean4-src/stage0/src/../stdlib//Init/Data/Rat/Lemmas.c
[    ] Building /root/verify1002/gcc/lean4-src/stage0/src/../stdlib//Init/Data/Rat/Basic.c
[    ] Building /root/verify1002/gcc/lean4-src/stage0/src/../stdlib//Init/Data/SInt.c
[    ] Building /root/verify1002/gcc/lean4-src/stage0/src/../stdlib//Init/Data/SInt/Basic.c
[    ] Building /root/verify1002/gcc/lean4-src/stage0/src/../stdlib//Init/Data/Repr.c
[    ] Building /root/verify1002/gcc/lean4-src/stage0/src/../stdlib//Init/Data/SInt/Bitwise.c
[    ] Building /root/verify1002/gcc/lean4-src/stage0/src/../stdlib//Init/Data/SInt/Float.c
[    ] Building /root/verify1002/gcc/lean4-src/stage0/src/../stdlib//Init/Data/SInt/Float32.c
[    ] Building /root/verify1002/gcc/lean4-src/stage0/src/../stdlib//Init/Data/SInt/Lemmas.c
[    ] Building /root/verify1002/gcc/lean4-src/stage0/src/../stdlib//Init/Data/Slice.c
[    ] Building /root/verify1002/gcc/lean4-src/stage0/src/../stdlib//Init/Data/Slice/Array.c
[    ] Building /root/verify1002/gcc/lean4-src/stage0/src/../stdlib//Init/Data/Slice/Array/Iterator.c
[    ] Building /root/verify1002/gcc/lean4-src/stage0/src/../stdlib//Init/Data/Slice/Array/Basic.c
[    ] Building /root/verify1002/gcc/lean4-src/stage0/src/../stdlib//Init/Data/Slice/Array/Lemmas.c
[    ] Building /root/verify1002/gcc/lean4-src/stage0/src/../stdlib//Init/Data/Slice/Lemmas.c
[    ] Building /root/verify1002/gcc/lean4-src/stage0/src/../stdlib//Init/Data/Slice/Basic.c
[    ] Building /root/verify1002/gcc/lean4-src/stage0/src/../stdlib//Init/Data/Slice/List/Basic.c
[    ] Building /root/verify1002/gcc/lean4-src/stage0/src/../stdlib//Init/Data/Slice/List/Iterator.c
[    ] Building /root/verify1002/gcc/lean4-src/stage0/src/../stdlib//Init/Data/Slice/List.c
[    ] Building /root/verify1002/gcc/lean4-src/stage0/src/../stdlib//Init/Data/Slice/List/Lemmas.c
[    ] Building /root/verify1002/gcc/lean4-src/stage0/src/../stdlib//Init/Data/Slice/Notation.c
[    ] Building /root/verify1002/gcc/lean4-src/stage0/src/../stdlib//Init/Data/Slice/Operations.c
[ 95%] Built target leaninitialize
[    ] Building /root/verify1002/gcc/lean4-src/stage0/src/../stdlib//Init/Data/Stream.c
[    ] Building /root/verify1002/gcc/lean4-src/stage0/src/../stdlib//Init/Data/String/Basic.c
[    ] Building /root/verify1002/gcc/lean4-src/stage0/src/../stdlib//Init/Data/String.c
[    ] Building /root/verify1002/gcc/lean4-src/stage0/src/../stdlib//Init/Data/String/Decode.c
[    ] Building /root/verify1002/gcc/lean4-src/stage0/src/../stdlib//Init/Data/String/Bootstrap.c
[    ] Building /root/verify1002/gcc/lean4-src/stage0/src/../stdlib//Init/Data/String/Defs.c
[    ] Building /root/verify1002/gcc/lean4-src/stage0/src/../stdlib//Init/Data/String/Grind.c
[    ] Building /root/verify1002/gcc/lean4-src/stage0/src/../stdlib//Init/Data/String/Iterator.c
[    ] Building /root/verify1002/gcc/lean4-src/stage0/src/../stdlib//Init/Data/String/Extra.c
[    ] Building /root/verify1002/gcc/lean4-src/stage0/src/../stdlib//Init/Data/String/Legacy.c
[    ] Building /root/verify1002/gcc/lean4-src/stage0/src/../stdlib//Init/Data/String/Lemmas.c
[    ] Building /root/verify1002/gcc/lean4-src/stage0/src/../stdlib//Init/Data/String/Lemmas/Basic.c
[    ] Building /root/verify1002/gcc/lean4-src/stage0/src/../stdlib//Init/Data/String/Lemmas/Search.c
[    ] Building /root/verify1002/gcc/lean4-src/stage0/src/../stdlib//Init/Data/String/Lemmas/Modify.c
[    ] Building /root/verify1002/gcc/lean4-src/stage0/src/../stdlib//Init/Data/String/Lemmas/Splits.c
[    ] Building /root/verify1002/gcc/lean4-src/stage0/src/../stdlib//Init/Data/String/Modify.c
[    ] Building /root/verify1002/gcc/lean4-src/stage0/src/../stdlib//Init/Data/String/Pattern.c
[    ] Building /root/verify1002/gcc/lean4-src/stage0/src/../stdlib//Init/Data/String/Pattern/Pred.c
[    ] Building /root/verify1002/gcc/lean4-src/stage0/src/../stdlib//Init/Data/String/Pattern/Basic.c
[    ] Building /root/verify1002/gcc/lean4-src/stage0/src/../stdlib//Init/Data/String/Pattern/Char.c
[    ] Building /root/verify1002/gcc/lean4-src/stage0/src/../stdlib//Init/Data/String/Pattern/String.c
[    ] Building /root/verify1002/gcc/lean4-src/stage0/src/../stdlib//Init/Data/String/PosRaw.c
[    ] Building /root/verify1002/gcc/lean4-src/stage0/src/../stdlib//Init/Data/String/Search.c
[    ] Building /root/verify1002/gcc/lean4-src/stage0/src/../stdlib//Init/Data/String/Slice.c
[    ] Building /root/verify1002/gcc/lean4-src/stage0/src/../stdlib//Init/Data/String/Stream.c
[    ] Building /root/verify1002/gcc/lean4-src/stage0/src/../stdlib//Init/Data/String/Substring.c
[    ] Building /root/verify1002/gcc/lean4-src/stage0/src/../stdlib//Init/Data/String/TakeDrop.c
[    ] Building /root/verify1002/gcc/lean4-src/stage0/src/../stdlib//Init/Data/String/Termination.c
[    ] Building /root/verify1002/gcc/lean4-src/stage0/src/../stdlib//Init/Data/String/ToSlice.c
[    ] Building /root/verify1002/gcc/lean4-src/stage0/src/../stdlib//Init/Data/Subtype.c
[    ] Building /root/verify1002/gcc/lean4-src/stage0/src/../stdlib//Init/Data/Subtype/Basic.c
[    ] Building /root/verify1002/gcc/lean4-src/stage0/src/../stdlib//Init/Data/Subtype/Order.c
[    ] Building /root/verify1002/gcc/lean4-src/stage0/src/../stdlib//Init/Data/Subtype/OrderExtra.c
[    ] Building /root/verify1002/gcc/lean4-src/stage0/src/../stdlib//Init/Data/Sum.c
[    ] Building /root/verify1002/gcc/lean4-src/stage0/src/../stdlib//Init/Data/Sum/Basic.c
[    ] Building /root/verify1002/gcc/lean4-src/stage0/src/../stdlib//Init/Data/Sum/Lemmas.c
/root/verify1002/gcc/lean4-src/stage0/src/runtime/uv/signal.cpp: In function ‘lean_object* lean::lean_uv_signal_next(b_obj_arg)’:
/root/verify1002/gcc/lean4-src/stage0/src/runtime/uv/signal.cpp:185:1: warning: control reaches end of non-void function [-Wreturn-type]
  185 | }
      | ^
[    ] Building /root/verify1002/gcc/lean4-src/stage0/src/../stdlib//Init/Data/ToString/Basic.c
[    ] Building /root/verify1002/gcc/lean4-src/stage0/src/../stdlib//Init/Data/ToString.c
[    ] Building /root/verify1002/gcc/lean4-src/stage0/src/../stdlib//Init/Data/ToString/Macro.c
[    ] Building /root/verify1002/gcc/lean4-src/stage0/src/../stdlib//Init/Data/UInt.c
[    ] Building /root/verify1002/gcc/lean4-src/stage0/src/../stdlib//Init/Data/ToString/Name.c
[    ] Building /root/verify1002/gcc/lean4-src/stage0/src/../stdlib//Init/Data/UInt/Basic.c
[    ] Building /root/verify1002/gcc/lean4-src/stage0/src/../stdlib//Init/Data/UInt/BasicAux.c
[    ] Building /root/verify1002/gcc/lean4-src/stage0/src/../stdlib//Init/Data/UInt/Bitwise.c
[    ] Building /root/verify1002/gcc/lean4-src/stage0/src/../stdlib//Init/Data/UInt/Lemmas.c
[    ] Building /root/verify1002/gcc/lean4-src/stage0/src/../stdlib//Init/Data/Vector/Lex.c
[    ] Building /root/verify1002/gcc/lean4-src/stage0/src/../stdlib//Init/Data/UInt/Log2.c
[    ] Building /root/verify1002/gcc/lean4-src/stage0/src/../stdlib//Init/Data/Vector/Algebra.c
[    ] Building /root/verify1002/gcc/lean4-src/stage0/src/../stdlib//Init/Data/ULift.c
[    ] Building /root/verify1002/gcc/lean4-src/stage0/src/../stdlib//Init/Data/Vector/Attach.c
[    ] Building /root/verify1002/gcc/lean4-src/stage0/src/../stdlib//Init/Data/Vector.c
[    ] Building /root/verify1002/gcc/lean4-src/stage0/src/../stdlib//Init/Data/Vector/Basic.c
[    ] Building /root/verify1002/gcc/lean4-src/stage0/src/../stdlib//Init/Data/Vector/Count.c
[    ] Building /root/verify1002/gcc/lean4-src/stage0/src/../stdlib//Init/Data/Vector/DecidableEq.c
[    ] Building /root/verify1002/gcc/lean4-src/stage0/src/../stdlib//Init/Data/Vector/Erase.c
[    ] Building /root/verify1002/gcc/lean4-src/stage0/src/../stdlib//Init/Data/Vector/Extract.c
[    ] Building /root/verify1002/gcc/lean4-src/stage0/src/../stdlib//Init/Data/Vector/Find.c
[    ] Building /root/verify1002/gcc/lean4-src/stage0/src/../stdlib//Init/Data/Vector/FinRange.c
[    ] Building /root/verify1002/gcc/lean4-src/stage0/src/../stdlib//Init/Data/Vector/Lemmas.c
[    ] Building /root/verify1002/gcc/lean4-src/stage0/src/../stdlib//Init/Data/Vector/InsertIdx.c
[    ] Building /root/verify1002/gcc/lean4-src/stage0/src/../stdlib//Init/Data/Vector/MapIdx.c
/root/verify1002/gcc/lean4-src/stage0/src/runtime/uv/timer.cpp: In function ‘lean_object* lean::lean_uv_timer_next(b_obj_arg)’:
/root/verify1002/gcc/lean4-src/stage0/src/runtime/uv/timer.cpp:196:1: warning: control reaches end of non-void function [-Wreturn-type]
  196 | }
      | ^
In file included from /usr/include/c++/13/string:51,
                 from /usr/include/c++/13/bits/locale_classes.h:40,
                 from /usr/include/c++/13/bits/ios_base.h:41,
                 from /usr/include/c++/13/ios:44,
                 from /usr/include/c++/13/ostream:40,
                 from /usr/include/c++/13/iostream:41,
                 from /root/verify1002/gcc/lean4-src/stage0/src/runtime/debug.h:8,
                 from /root/verify1002/gcc/lean4-src/stage0/src/runtime/mpn.cpp:21:
In static member function ‘static _Up* std::__copy_move<_IsMove, true, std::random_access_iterator_tag>::__copy_m(_Tp*, _Tp*, _Up*) [with _Tp = unsigned int; _Up = unsigned int; bool _IsMove = false]’,
    inlined from ‘_OI std::__copy_move_a2(_II, _II, _OI) [with bool _IsMove = false; _II = unsigned int*; _OI = unsigned int*]’ at /usr/include/c++/13/bits/stl_algobase.h:506:30,
    inlined from ‘_OI std::__copy_move_a1(_II, _II, _OI) [with bool _IsMove = false; _II = unsigned int*; _OI = unsigned int*]’ at /usr/include/c++/13/bits/stl_algobase.h:533:42,
    inlined from ‘_OI std::__copy_move_a(_II, _II, _OI) [with bool _IsMove = false; _II = unsigned int*; _OI = unsigned int*]’ at /usr/include/c++/13/bits/stl_algobase.h:540:31,
    inlined from ‘_OI std::copy(_II, _II, _OI) [with _II = unsigned int*; _OI = unsigned int*]’ at /usr/include/c++/13/bits/stl_algobase.h:633:7,
    inlined from ‘static _ForwardIterator std::__uninitialized_copy<true>::__uninit_copy(_InputIterator, _InputIterator, _ForwardIterator) [with _InputIterator = unsigned int*; _ForwardIterator = unsigned int*]’ at /usr/include/c++/13/bits/stl_uninitialized.h:147:27,
    inlined from ‘_ForwardIterator std::uninitialized_copy(_InputIterator, _InputIterator, _ForwardIterator) [with _InputIterator = unsigned int*; _ForwardIterator = unsigned int*]’ at /usr/include/c++/13/bits/stl_uninitialized.h:185:15,
    inlined from ‘void lean::buffer<T, INITIAL_SIZE>::set_capacity(size_t) [with T = unsigned int; long unsigned int INITIAL_SIZE = 16]’ at /root/verify1002/gcc/lean4-src/stage0/src/runtime/buffer.h:41:32,
    inlined from ‘void lean::buffer<T, INITIAL_SIZE>::ensure_capacity(size_t) [with T = unsigned int; long unsigned int INITIAL_SIZE = 16]’ at /root/verify1002/gcc/lean4-src/stage0/src/runtime/buffer.h:80:25,
    inlined from ‘void lean::buffer<T, INITIAL_SIZE>::resize(size_t, const T&) [with T = unsigned int; long unsigned int INITIAL_SIZE = 16]’ at /root/verify1002/gcc/lean4-src/stage0/src/runtime/buffer.h:157:28,
    inlined from ‘void lean::mpn_buffer::resize(size_t, const lean::mpn_digit&)’ at /root/verify1002/gcc/lean4-src/stage0/src/runtime/mpn.cpp:139:34,
    inlined from ‘size_t lean::div_normalize(const mpn_digit*, size_t, const mpn_digit*, size_t, mpn_buffer&, mpn_buffer&)’ at /root/verify1002/gcc/lean4-src/stage0/src/runtime/mpn.cpp:160:19,
    inlined from ‘char* lean::mpn_to_string(const mpn_digit*, size_t, char*, size_t)’ at /root/verify1002/gcc/lean4-src/stage0/src/runtime/mpn.cpp:340:37:
/usr/include/c++/13/bits/stl_algobase.h:437:30: warning: ‘void* __builtin_memmove(void*, const void*, long unsigned int)’ forming offset 4 is out of the bounds [0, 4] [-Warray-bounds=]
  437 |             __builtin_memmove(__result, __first, sizeof(_Tp) * _Num);
      |             ~~~~~~~~~~~~~~~~~^~~~~~~~~~~~~~~~~~~~~~~~~~~~~~~~~~~~~~~
[    ] Building /root/verify1002/gcc/lean4-src/stage0/src/../stdlib//Init/Data/Vector/Monadic.c
[    ] Building /root/verify1002/gcc/lean4-src/stage0/src/../stdlib//Init/Data/Vector/Range.c
[    ] Building /root/verify1002/gcc/lean4-src/stage0/src/../stdlib//Init/Data/Vector/OfFn.c
[    ] Building /root/verify1002/gcc/lean4-src/stage0/src/../stdlib//Init/Data/Vector/Perm.c
[    ] Building /root/verify1002/gcc/lean4-src/stage0/src/../stdlib//Init/Data/Vector/Stream.c
[    ] Building /root/verify1002/gcc/lean4-src/stage0/src/../stdlib//Init/Data/Vector/Zip.c
[    ] Building /root/verify1002/gcc/lean4-src/stage0/src/../stdlib//Init/Data/Zero.c
[    ] Building /root/verify1002/gcc/lean4-src/stage0/src/../stdlib//Init/Ext.c
[    ] Building /root/verify1002/gcc/lean4-src/stage0/src/../stdlib//Init/Dynamic.c
[    ] Building /root/verify1002/gcc/lean4-src/stage0/src/../stdlib//Init/GetElem.c
[    ] Building /root/verify1002/gcc/lean4-src/stage0/src/../stdlib//Init/Grind.c
[    ] Building /root/verify1002/gcc/lean4-src/stage0/src/../stdlib//Init/Grind/AC.c
[    ] Building /root/verify1002/gcc/lean4-src/stage0/src/../stdlib//Init/Grind/Annotated.c
[    ] Building /root/verify1002/gcc/lean4-src/stage0/src/../stdlib//Init/Grind/Cases.c
[    ] Building /root/verify1002/gcc/lean4-src/stage0/src/../stdlib//Init/Grind/Attr.c
[    ] Building /root/verify1002/gcc/lean4-src/stage0/src/../stdlib//Init/Grind/Ext.c
[    ] Building /root/verify1002/gcc/lean4-src/stage0/src/../stdlib//Init/Grind/Config.c
[    ] Building /root/verify1002/gcc/lean4-src/stage0/src/../stdlib//Init/Grind/FieldNormNum.c
[    ] Building /root/verify1002/gcc/lean4-src/stage0/src/../stdlib//Init/Grind/Injective.c
[    ] Building /root/verify1002/gcc/lean4-src/stage0/src/../stdlib//Init/Grind/Interactive.c
[    ] Building /root/verify1002/gcc/lean4-src/stage0/src/../stdlib//Init/Grind/Lemmas.c
[    ] Building /root/verify1002/gcc/lean4-src/stage0/src/../stdlib//Init/Grind/Lint.c
[    ] Building /root/verify1002/gcc/lean4-src/stage0/src/../stdlib//Init/Grind/Module/Basic.c
[    ] Building /root/verify1002/gcc/lean4-src/stage0/src/../stdlib//Init/Grind/Module.c
[    ] Building /root/verify1002/gcc/lean4-src/stage0/src/../stdlib//Init/Grind/Module/Envelope.c
[    ] Building /root/verify1002/gcc/lean4-src/stage0/src/../stdlib//Init/Grind/Module/NatModuleNorm.c
[    ] Building /root/verify1002/gcc/lean4-src/stage0/src/../stdlib//Init/Grind/Module/OfNatModule.c
[    ] Building /root/verify1002/gcc/lean4-src/stage0/src/../stdlib//Init/Grind/Norm.c
[    ] Building /root/verify1002/gcc/lean4-src/stage0/src/../stdlib//Init/Grind/Ordered.c
[    ] Building /root/verify1002/gcc/lean4-src/stage0/src/../stdlib//Init/Grind/Offset.c
[    ] Building /root/verify1002/gcc/lean4-src/stage0/src/../stdlib//Init/Grind/Order.c
[    ] Building /root/verify1002/gcc/lean4-src/stage0/src/../stdlib//Init/Grind/Ordered/Field.c
[    ] Building /root/verify1002/gcc/lean4-src/stage0/src/../stdlib//Init/Grind/Ordered/Int.c
[    ] Building /root/verify1002/gcc/lean4-src/stage0/src/../stdlib//Init/Grind/Ordered/Linarith.c
[    ] Building /root/verify1002/gcc/lean4-src/stage0/src/../stdlib//Init/Grind/Ordered/Module.c
[    ] Building /root/verify1002/gcc/lean4-src/stage0/src/../stdlib//Init/Grind/Ordered/Order.c
[    ] Building /root/verify1002/gcc/lean4-src/stage0/src/../stdlib//Init/Grind/Ordered/Rat.c
[    ] Building /root/verify1002/gcc/lean4-src/stage0/src/../stdlib//Init/Grind/Ordered/Ring.c
[    ] Building /root/verify1002/gcc/lean4-src/stage0/src/../stdlib//Init/Grind/PP.c
[    ] Building /root/verify1002/gcc/lean4-src/stage0/src/../stdlib//Init/Grind/Propagator.c
[    ] Building /root/verify1002/gcc/lean4-src/stage0/src/../stdlib//Init/Grind/Ring.c
[    ] Building /root/verify1002/gcc/lean4-src/stage0/src/../stdlib//Init/Grind/Ring/Basic.c
[    ] Building /root/verify1002/gcc/lean4-src/stage0/src/../stdlib//Init/Grind/Ring/CommSemiringAdapter.c
[    ] Building /root/verify1002/gcc/lean4-src/stage0/src/../stdlib//Init/Grind/Ring/CommSolver.c
[    ] Building /root/verify1002/gcc/lean4-src/stage0/src/../stdlib//Init/Grind/Ring/Envelope.c
[    ] Building /root/verify1002/gcc/lean4-src/stage0/src/../stdlib//Init/Grind/Ring/Field.c
[    ] Building /root/verify1002/gcc/lean4-src/stage0/src/../stdlib//Init/Grind/Ring/OfScientific.c
[    ] Building /root/verify1002/gcc/lean4-src/stage0/src/../stdlib//Init/Grind/Ring/ToInt.c
[    ] Building /root/verify1002/gcc/lean4-src/stage0/src/../stdlib//Init/Grind/Tactics.c
[    ] Building /root/verify1002/gcc/lean4-src/stage0/src/../stdlib//Init/Grind/ToIntLemmas.c
[    ] Building /root/verify1002/gcc/lean4-src/stage0/src/../stdlib//Init/Grind/ToInt.c
[    ] Building /root/verify1002/gcc/lean4-src/stage0/src/../stdlib//Init/Grind/Util.c
[    ] Building /root/verify1002/gcc/lean4-src/stage0/src/../stdlib//Init/GrindInstances.c
[    ] Building /root/verify1002/gcc/lean4-src/stage0/src/../stdlib//Init/GrindInstances/Nat.c
/root/verify1002/gcc/lean4-src/stage0/src/runtime/uv/timer.cpp: In function ‘lean_object* lean::lean_uv_timer_next(b_obj_arg)’:
/root/verify1002/gcc/lean4-src/stage0/src/runtime/uv/timer.cpp:196:1: warning: control reaches end of non-void function [-Wreturn-type]
  196 | }
      | ^
In file included from /usr/include/c++/13/string:51,
                 from /usr/include/c++/13/bits/locale_classes.h:40,
                 from /usr/include/c++/13/bits/ios_base.h:41,
                 from /usr/include/c++/13/ios:44,
                 from /usr/include/c++/13/ostream:40,
                 from /usr/include/c++/13/iostream:41,
                 from /root/verify1002/gcc/lean4-src/stage0/src/runtime/debug.h:8,
                 from /root/verify1002/gcc/lean4-src/stage0/src/runtime/mpn.cpp:21:
In static member function ‘static _Up* std::__copy_move<_IsMove, true, std::random_access_iterator_tag>::__copy_m(_Tp*, _Tp*, _Up*) [with _Tp = unsigned int; _Up = unsigned int; bool _IsMove = false]’,
    inlined from ‘_OI std::__copy_move_a2(_II, _II, _OI) [with bool _IsMove = false; _II = unsigned int*; _OI = unsigned int*]’ at /usr/include/c++/13/bits/stl_algobase.h:506:30,
    inlined from ‘_OI std::__copy_move_a1(_II, _II, _OI) [with bool _IsMove = false; _II = unsigned int*; _OI = unsigned int*]’ at /usr/include/c++/13/bits/stl_algobase.h:533:42,
    inlined from ‘_OI std::__copy_move_a(_II, _II, _OI) [with bool _IsMove = false; _II = unsigned int*; _OI = unsigned int*]’ at /usr/include/c++/13/bits/stl_algobase.h:540:31,
    inlined from ‘_OI std::copy(_II, _II, _OI) [with _II = unsigned int*; _OI = unsigned int*]’ at /usr/include/c++/13/bits/stl_algobase.h:633:7,
    inlined from ‘static _ForwardIterator std::__uninitialized_copy<true>::__uninit_copy(_InputIterator, _InputIterator, _ForwardIterator) [with _InputIterator = unsigned int*; _ForwardIterator = unsigned int*]’ at /usr/include/c++/13/bits/stl_uninitialized.h:147:27,
    inlined from ‘_ForwardIterator std::uninitialized_copy(_InputIterator, _InputIterator, _ForwardIterator) [with _InputIterator = unsigned int*; _ForwardIterator = unsigned int*]’ at /usr/include/c++/13/bits/stl_uninitialized.h:185:15,
    inlined from ‘void lean::buffer<T, INITIAL_SIZE>::set_capacity(size_t) [with T = unsigned int; long unsigned int INITIAL_SIZE = 16]’ at /root/verify1002/gcc/lean4-src/stage0/src/runtime/buffer.h:41:32,
    inlined from ‘void lean::buffer<T, INITIAL_SIZE>::ensure_capacity(size_t) [with T = unsigned int; long unsigned int INITIAL_SIZE = 16]’ at /root/verify1002/gcc/lean4-src/stage0/src/runtime/buffer.h:80:25,
    inlined from ‘void lean::buffer<T, INITIAL_SIZE>::resize(size_t, const T&) [with T = unsigned int; long unsigned int INITIAL_SIZE = 16]’ at /root/verify1002/gcc/lean4-src/stage0/src/runtime/buffer.h:157:28,
    inlined from ‘void lean::mpn_buffer::resize(size_t, const lean::mpn_digit&)’ at /root/verify1002/gcc/lean4-src/stage0/src/runtime/mpn.cpp:139:34,
    inlined from ‘size_t lean::div_normalize(const mpn_digit*, size_t, const mpn_digit*, size_t, mpn_buffer&, mpn_buffer&)’ at /root/verify1002/gcc/lean4-src/stage0/src/runtime/mpn.cpp:160:19,
    inlined from ‘char* lean::mpn_to_string(const mpn_digit*, size_t, char*, size_t)’ at /root/verify1002/gcc/lean4-src/stage0/src/runtime/mpn.cpp:340:37:
/usr/include/c++/13/bits/stl_algobase.h:437:30: warning: ‘void* __builtin_memmove(void*, const void*, long unsigned int)’ forming offset 4 is out of the bounds [0, 4] [-Warray-bounds=]
  437 |             __builtin_memmove(__result, __first, sizeof(_Tp) * _Num);
      |             ~~~~~~~~~~~~~~~~~^~~~~~~~~~~~~~~~~~~~~~~~~~~~~~~~~~~~~~~
/root/verify1002/gcc/lean4-src/stage0/src/runtime/uv/signal.cpp: In function ‘lean_object* lean::lean_uv_signal_next(b_obj_arg)’:
/root/verify1002/gcc/lean4-src/stage0/src/runtime/uv/signal.cpp:185:1: warning: control reaches end of non-void function [-Wreturn-type]
  185 | }
      | ^
[    ] Building /root/verify1002/gcc/lean4-src/stage0/src/../stdlib//Init/GrindInstances/Ring/Int.c
[    ] Building /root/verify1002/gcc/lean4-src/stage0/src/../stdlib//Init/GrindInstances/Ring.c
[    ] Building /root/verify1002/gcc/lean4-src/stage0/src/../stdlib//Init/GrindInstances/Ring/Fin.c
[    ] Building /root/verify1002/gcc/lean4-src/stage0/src/../stdlib//Init/GrindInstances/Ring/BitVec.c
[    ] Building /root/verify1002/gcc/lean4-src/stage0/src/../stdlib//Init/GrindInstances/Ring/Rat.c
[    ] Building /root/verify1002/gcc/lean4-src/stage0/src/../stdlib//Init/GrindInstances/Ring/Nat.c
[    ] Building /root/verify1002/gcc/lean4-src/stage0/src/../stdlib//Init/GrindInstances/Ring/UInt.c
[    ] Building /root/verify1002/gcc/lean4-src/stage0/src/../stdlib//Init/GrindInstances/Ring/SInt.c
[    ] Building /root/verify1002/gcc/lean4-src/stage0/src/../stdlib//Init/GrindInstances/ToInt.c
[    ] Building /root/verify1002/gcc/lean4-src/stage0/src/../stdlib//Init/Hints.c
[    ] Building /root/verify1002/gcc/lean4-src/stage0/src/../stdlib//Init/Guard.c
[    ] Building /root/verify1002/gcc/lean4-src/stage0/src/../stdlib//Init/Internal.c
[    ] Building /root/verify1002/gcc/lean4-src/stage0/src/../stdlib//Init/Internal/Order.c
[    ] Building /root/verify1002/gcc/lean4-src/stage0/src/../stdlib//Init/Internal/Order/Basic.c
[    ] Building /root/verify1002/gcc/lean4-src/stage0/src/../stdlib//Init/LawfulBEqTactics.c
[    ] Building /root/verify1002/gcc/lean4-src/stage0/src/../stdlib//Init/Internal/Order/Lemmas.c
[    ] Building /root/verify1002/gcc/lean4-src/stage0/src/../stdlib//Init/Internal/Order/Tactic.c
[    ] Building /root/verify1002/gcc/lean4-src/stage0/src/../stdlib//Init/MacroTrace.c
[    ] Building /root/verify1002/gcc/lean4-src/stage0/src/../stdlib//Init/Meta.c
[    ] Building /root/verify1002/gcc/lean4-src/stage0/src/../stdlib//Init/MetaTypes.c
[    ] Building /root/verify1002/gcc/lean4-src/stage0/src/../stdlib//Init/Meta/Defs.c
[    ] Building /root/verify1002/gcc/lean4-src/stage0/src/../stdlib//Init/MethodSpecsSimp.c
[    ] Building /root/verify1002/gcc/lean4-src/stage0/src/../stdlib//Init/Notation.c
[    ] Building /root/verify1002/gcc/lean4-src/stage0/src/../stdlib//Init/Omega.c
[    ] Building /root/verify1002/gcc/lean4-src/stage0/src/../stdlib//Init/NotationExtra.c
[    ] Building /root/verify1002/gcc/lean4-src/stage0/src/../stdlib//Init/Omega/Coeffs.c
[    ] Building /root/verify1002/gcc/lean4-src/stage0/src/../stdlib//Init/Omega/Int.c
[    ] Building /root/verify1002/gcc/lean4-src/stage0/src/../stdlib//Init/Omega/IntList.c
[    ] Building /root/verify1002/gcc/lean4-src/stage0/src/../stdlib//Init/Omega/Logic.c
[    ] Building /root/verify1002/gcc/lean4-src/stage0/src/../stdlib//Init/Omega/Constraint.c
[    ] Building /root/verify1002/gcc/lean4-src/stage0/src/../stdlib//Init/Omega/LinearCombo.c
[    ] Building /root/verify1002/gcc/lean4-src/stage0/src/../stdlib//Init/Prelude.c
[    ] Building /root/verify1002/gcc/lean4-src/stage0/src/../stdlib//Init/PropLemmas.c
[    ] Building /root/verify1002/gcc/lean4-src/stage0/src/../stdlib//Init/RCases.c
[    ] Building /root/verify1002/gcc/lean4-src/stage0/src/../stdlib//Init/ShareCommon.c
[    ] Building /root/verify1002/gcc/lean4-src/stage0/src/../stdlib//Init/SimpLemmas.c
[    ] Building /root/verify1002/gcc/lean4-src/stage0/src/../stdlib//Init/Simproc.c
[    ] Building /root/verify1002/gcc/lean4-src/stage0/src/../stdlib//Init/SizeOf.c
[    ] Building /root/verify1002/gcc/lean4-src/stage0/src/../stdlib//Init/SizeOfLemmas.c
[    ] Building /root/verify1002/gcc/lean4-src/stage0/src/../stdlib//Init/Syntax.c
[    ] Building /root/verify1002/gcc/lean4-src/stage0/src/../stdlib//Init/System.c
[    ] Building /root/verify1002/gcc/lean4-src/stage0/src/../stdlib//Init/System/FilePath.c
[    ] Building /root/verify1002/gcc/lean4-src/stage0/src/../stdlib//Init/System/IO.c
[    ] Building /root/verify1002/gcc/lean4-src/stage0/src/../stdlib//Init/System/Platform.c
[    ] Building /root/verify1002/gcc/lean4-src/stage0/src/../stdlib//Init/System/IOError.c
[    ] Building /root/verify1002/gcc/lean4-src/stage0/src/../stdlib//Init/System/Promise.c
[    ] Building /root/verify1002/gcc/lean4-src/stage0/src/../stdlib//Init/System/ST.c
[    ] Building /root/verify1002/gcc/lean4-src/stage0/src/../stdlib//Init/System/Uri.c
[    ] Building /root/verify1002/gcc/lean4-src/stage0/src/../stdlib//Init/Tactics.c
[    ] Building /root/verify1002/gcc/lean4-src/stage0/src/../stdlib//Init/Task.c
[    ] Building /root/verify1002/gcc/lean4-src/stage0/src/../stdlib//Init/TacticsExtra.c
[    ] Building /root/verify1002/gcc/lean4-src/stage0/src/../stdlib//Init/Try.c
[    ] Building /root/verify1002/gcc/lean4-src/stage0/src/../stdlib//Init/WF.c
[    ] Building /root/verify1002/gcc/lean4-src/stage0/src/../stdlib//Init/Util.c
[    ] Building /root/verify1002/gcc/lean4-src/stage0/src/../stdlib//Init/WFExtrinsicFix.c
[    ] Building /root/verify1002/gcc/lean4-src/stage0/src/../stdlib//Init/WFTactics.c
[    ] Building /root/verify1002/gcc/lean4-src/stage0/src/../stdlib//Init/WFComputable.c
[    ] Building /root/verify1002/gcc/lean4-src/stage0/src/../stdlib//Init/While.c
[    ] Building /root/verify1002/gcc/lean4-src/stage0/src/../stdlib//Init.c
/root/verify1002/gcc/lean4-src/stage0/src/runtime/compact.cpp: In member function ‘void lean::object_compactor::insert_mpz(lean::object*)’:
/root/verify1002/gcc/lean4-src/stage0/src/runtime/compact.cpp:280:11: warning: ‘void* memcpy(void*, const void*, size_t)’ writing to an object of type ‘struct lean::mpz_object’ with no trivial copy-assignment; use copy-assignment or copy-initialization instead [-Wclass-memaccess]
  280 |     memcpy(new_o, to_mpz(o), sizeof(mpz_object));
      |     ~~~~~~^~~~~~~~~~~~~~~~~~~~~~~~~~~~~~~~~~~~~~
In file included from /root/verify1002/gcc/lean4-src/stage0/src/runtime/compact.h:10,
                 from /root/verify1002/gcc/lean4-src/stage0/src/runtime/compact.cpp:13:
/root/verify1002/gcc/lean4-src/stage0/src/runtime/object.h:21:8: note: ‘struct lean::mpz_object’ declared here
   21 | struct mpz_object {
      |        ^~~~~~~~~~
/root/verify1002/gcc/lean4-src/stage0/src/runtime/compact.cpp: In member function ‘void lean::object_compactor::insert_mpz(lean::object*)’:
/root/verify1002/gcc/lean4-src/stage0/src/runtime/compact.cpp:280:11: warning: ‘void* memcpy(void*, const void*, size_t)’ writing to an object of type ‘struct lean::mpz_object’ with no trivial copy-assignment; use copy-assignment or copy-initialization instead [-Wclass-memaccess]
  280 |     memcpy(new_o, to_mpz(o), sizeof(mpz_object));
      |     ~~~~~~^~~~~~~~~~~~~~~~~~~~~~~~~~~~~~~~~~~~~~
In file included from /root/verify1002/gcc/lean4-src/stage0/src/runtime/compact.h:10,
                 from /root/verify1002/gcc/lean4-src/stage0/src/runtime/compact.cpp:13:
/root/verify1002/gcc/lean4-src/stage0/src/runtime/object.h:21:8: note: ‘struct lean::mpz_object’ declared here
   21 | struct mpz_object {
      |        ^~~~~~~~~~
[ 96%] Linking CXX static library lib/temp/libleanshell.a
/root/verify1002/gcc/lean4-src/stage0/src/runtime/io.cpp: In function ‘lean::object* lean::lean_io_prim_handle_mk(b_obj_arg, uint8)’:
/root/verify1002/gcc/lean4-src/stage0/src/runtime/io.cpp:419:23: warning: ‘fp_mode’ may be used uninitialized [-Wmaybe-uninitialized]
  419 |     FILE * fp = fdopen(fd, fp_mode);
      |                 ~~~~~~^~~~~~~~~~~~~
/root/verify1002/gcc/lean4-src/stage0/src/runtime/io.cpp:411:18: note: ‘fp_mode’ was declared here
  411 |     char const * fp_mode;
      |                  ^~~~~~~
[ 96%] Built target leanshell
[ 96%] Built target util
/root/verify1002/gcc/lean4-src/stage0/src/library/module.cpp: In function ‘lean::object* lean::lean_save_module_data_parts(b_obj_arg, b_obj_arg, object*)’:
/root/verify1002/gcc/lean4-src/stage0/src/library/module.cpp:156:20: warning: ‘char* __builtin_strncpy(char*, const char*, long unsigned int)’ output truncated before terminating nul copying 40 bytes from a string of the same length [-Wstringop-truncation]
  156 |             strncpy(header.githash, LEAN_GITHASH, sizeof(header.githash));
      |                    ^
/root/verify1002/gcc/lean4-src/stage0/src/library/module.cpp:155:20: warning: ‘char* __builtin_strncpy(char*, const char*, long unsigned int)’ specified bound 33 equals destination size [-Wstringop-truncation]
  155 |             strncpy(header.lean_version, get_short_version_string().c_str(), sizeof(header.lean_version));
      |                    ^
/root/verify1002/gcc/lean4-src/stage0/src/runtime/io.cpp: In function ‘lean::object* lean::lean_io_prim_handle_mk(b_obj_arg, uint8)’:
/root/verify1002/gcc/lean4-src/stage0/src/runtime/io.cpp:419:23: warning: ‘fp_mode’ may be used uninitialized [-Wmaybe-uninitialized]
  419 |     FILE * fp = fdopen(fd, fp_mode);
      |                 ~~~~~~^~~~~~~~~~~~~
/root/verify1002/gcc/lean4-src/stage0/src/runtime/io.cpp:411:18: note: ‘fp_mode’ was declared here
  411 |     char const * fp_mode;
      |                  ^~~~~~~
[ 96%] Built target constructions
/root/verify1002/gcc/lean4-src/stage0/src/kernel/instantiate_mvars.cpp: In member function ‘lean::level lean::instantiate_lmvars_fn::visit(const lean::level&)’:
/root/verify1002/gcc/lean4-src/stage0/src/kernel/instantiate_mvars.cpp:88:5: warning: control reaches end of non-void function [-Wreturn-type]
   88 |     }
      |     ^
/root/verify1002/gcc/lean4-src/stage0/src/kernel/instantiate_mvars.cpp: In member function ‘lean::expr lean::instantiate_mvars_fn::visit(const lean::expr&)’:
/root/verify1002/gcc/lean4-src/stage0/src/kernel/instantiate_mvars.cpp:360:5: warning: control reaches end of non-void function [-Wreturn-type]
  360 |     }
      |     ^
[ 97%] Linking CXX static library ../lib/lean/libleanrt.a
In static member function ‘static lean::object* lean::ir::interpreter::stub_m_aux(lean::object**)’,
    inlined from ‘static lean::object* lean::ir::interpreter::stub_1_aux(lean::object*)’ at /root/verify1002/gcc/lean4-src/stage0/src/library/ir_interpreter.cpp:1006:105:
/root/verify1002/gcc/lean4-src/stage0/src/library/ir_interpreter.cpp:999:29: warning: array subscript 1 is outside array bounds of ‘lean::object* [1]’ {aka ‘lean_object* [1]’} [-Warray-bounds=]
  999 |         options opts(args[1]);
      |                             ^
/root/verify1002/gcc/lean4-src/stage0/src/library/ir_interpreter.cpp: In static member function ‘static lean::object* lean::ir::interpreter::stub_1_aux(lean::object*)’:
/root/verify1002/gcc/lean4-src/stage0/src/library/ir_interpreter.cpp:1006:57: note: at offset 8 into object ‘args’ of size 8
 1006 |     static object * stub_1_aux(object * x_1) { object * args[] = { x_1 }; return interpreter::stub_m_aux(args); }
      |                                                         ^~~~
In file included from /root/verify1002/gcc/lean4-src/stage0/src/runtime/string_ref.h:10,
                 from /root/verify1002/gcc/lean4-src/stage0/src/util/name.h:14,
                 from /root/verify1002/gcc/lean4-src/stage0/src/util/name_set.h:9,
                 from /root/verify1002/gcc/lean4-src/stage0/src/kernel/environment.h:15,
                 from /root/verify1002/gcc/lean4-src/stage0/src/library/elab_environment.h:8,
                 from /root/verify1002/gcc/lean4-src/stage0/src/library/ir_interpreter.h:8,
                 from /root/verify1002/gcc/lean4-src/stage0/src/library/ir_interpreter.cpp:38:
In member function ‘lean::object* lean::object_ref::raw() const’,
    inlined from ‘const T& lean::cnstr_get_ref_t(const object_ref&, unsigned int) [with T = name]’ at /root/verify1002/gcc/lean4-src/stage0/src/runtime/object_ref.h:146:48,
    inlined from ‘const lean::ir::fun_id& lean::ir::decl_fun_id(const decl&)’ at /root/verify1002/gcc/lean4-src/stage0/src/library/ir_interpreter.cpp:180:76,
    inlined from ‘static lean::object* lean::ir::interpreter::stub_m_aux(lean::object**)’ at /root/verify1002/gcc/lean4-src/stage0/src/library/ir_interpreter.cpp:1000:65,
    inlined from ‘static lean::object* lean::ir::interpreter::stub_1_aux(lean::object*)’ at /root/verify1002/gcc/lean4-src/stage0/src/library/ir_interpreter.cpp:1006:105:
/root/verify1002/gcc/lean4-src/stage0/src/runtime/object_ref.h:42:35: warning: array subscript 2 is outside array bounds of ‘lean::object* [1]’ {aka ‘lean_object* [1]’} [-Warray-bounds=]
   42 |     object * raw() const { return m_obj; }
      |                                   ^~~~~
/root/verify1002/gcc/lean4-src/stage0/src/library/ir_interpreter.cpp: In static member function ‘static lean::object* lean::ir::interpreter::stub_1_aux(lean::object*)’:
/root/verify1002/gcc/lean4-src/stage0/src/library/ir_interpreter.cpp:1006:57: note: at offset 16 into object ‘args’ of size 8
 1006 |     static object * stub_1_aux(object * x_1) { object * args[] = { x_1 }; return interpreter::stub_m_aux(args); }
      |                                                         ^~~~
In member function ‘lean::object* lean::object_ref::raw() const’,
    inlined from ‘const T& lean::cnstr_get_ref_t(const object_ref&, unsigned int) [with T = name]’ at /root/verify1002/gcc/lean4-src/stage0/src/runtime/object_ref.h:146:48,
    inlined from ‘const lean::ir::fun_id& lean::ir::decl_fun_id(const decl&)’ at /root/verify1002/gcc/lean4-src/stage0/src/library/ir_interpreter.cpp:180:76,
    inlined from ‘static lean::object* lean::ir::interpreter::stub_m_aux(lean::object**)’ at /root/verify1002/gcc/lean4-src/stage0/src/library/ir_interpreter.cpp:1000:65,
    inlined from ‘static lean::object* lean::ir::interpreter::stub_2_aux(lean::object*, lean::object*)’ at /root/verify1002/gcc/lean4-src/stage0/src/library/ir_interpreter.cpp:1007:124:
/root/verify1002/gcc/lean4-src/stage0/src/runtime/object_ref.h:42:35: warning: array subscript 2 is outside array bounds of ‘lean::object* [2]’ {aka ‘lean_object* [2]’} [-Warray-bounds=]
   42 |     object * raw() const { return m_obj; }
      |                                   ^~~~~
/root/verify1002/gcc/lean4-src/stage0/src/library/ir_interpreter.cpp: In static member function ‘static lean::object* lean::ir::interpreter::stub_2_aux(lean::object*, lean::object*)’:
/root/verify1002/gcc/lean4-src/stage0/src/library/ir_interpreter.cpp:1007:71: note: at offset 16 into object ‘args’ of size 16
 1007 |     static object * stub_2_aux(object * x_1, object * x_2) { object * args[] = { x_1, x_2 }; return interpreter::stub_m_aux(args); }
      |                                                                       ^~~~
[ 97%] Built target library
[ 97%] Built target leanrt
[ 98%] Linking CXX static library libleanrt_initial-exec.a
[ 98%] Built target leanrt_initial-exec
[ 98%] Built target kernel
[ 99%] Linking CXX static library lib/temp/libleancpp_1.a
[100%] Linking CXX static library lib/lean/libleancpp.a
[100%] Built target leancpp_1
[100%] Built target leancpp
[    ] Building /root/verify1002/gcc/lean4-src/stage0/src/../stdlib//Std/Data.c
[    ] Building /root/verify1002/gcc/lean4-src/stage0/src/../stdlib//Std/Data/DHashMap/Internal/Defs.c
[    ] Building /root/verify1002/gcc/lean4-src/stage0/src/../stdlib//Std/Data/ByteSlice.c
[    ] Building /root/verify1002/gcc/lean4-src/stage0/src/../stdlib//Std/Data/DHashMap.c
[    ] Building /root/verify1002/gcc/lean4-src/stage0/src/../stdlib//Std/Data/DHashMap/Internal/AssocList/Basic.c
[    ] Building /root/verify1002/gcc/lean4-src/stage0/src/../stdlib//Std/Data/DHashMap/AdditionalOperations.c
[    ] Building /root/verify1002/gcc/lean4-src/stage0/src/../stdlib//Std/Data/DTreeMap/Raw.c
[    ] Building /root/verify1002/gcc/lean4-src/stage0/src/../stdlib//Std/Data/DHashMap/Basic.c
[    ] Building /root/verify1002/gcc/lean4-src/stage0/src/../stdlib//Std/Data/DHashMap/Internal/AssocList/Iterator.c
[    ] Building /root/verify1002/gcc/lean4-src/stage0/src/../stdlib//Std/Data/DHashMap/DecidableEquiv.c
[    ] Building /root/verify1002/gcc/lean4-src/stage0/src/../stdlib//Std/Data/DHashMap/Internal/HashesTo.c
[    ] Building /root/verify1002/gcc/lean4-src/stage0/src/../stdlib//Std/Data/DHashMap/Internal/Model.c
[    ] Building /root/verify1002/gcc/lean4-src/stage0/src/../stdlib//Std/Data/DHashMap/Internal/AssocList/Lemmas.c
[    ] Building /root/verify1002/gcc/lean4-src/stage0/src/../stdlib//Std/Data/DHashMap/Internal/Raw.c
[    ] Building /root/verify1002/gcc/lean4-src/stage0/src/../stdlib//Std/Data/DHashMap/Internal/Index.c
[    ] Building /root/verify1002/gcc/lean4-src/stage0/src/../stdlib//Std/Data/DHashMap/Internal/RawLemmas.c
[    ] Building /root/verify1002/gcc/lean4-src/stage0/src/../stdlib//Std/Data/DHashMap/Internal/WF.c
[    ] Building /root/verify1002/gcc/lean4-src/stage0/src/../stdlib//Std/Data/Iterators/Combinators/Monadic/Drop.c
[    ] Building /root/verify1002/gcc/lean4-src/stage0/src/../stdlib//Std/Data/DHashMap/Lemmas.c
[    ] Building /root/verify1002/gcc/lean4-src/stage0/src/../stdlib//Std/Data/DHashMap/IteratorLemmas.c
[    ] Building /root/verify1002/gcc/lean4-src/stage0/src/../stdlib//Std/Data/DHashMap/Raw.c
[    ] Building /root/verify1002/gcc/lean4-src/stage0/src/../stdlib//Std/Data/DHashMap/RawDef.c
[    ] Building /root/verify1002/gcc/lean4-src/stage0/src/../stdlib//Std/Data/DHashMap/RawDecidableEquiv.c
[    ] Building /root/verify1002/gcc/lean4-src/stage0/src/../stdlib//Std/Data/DTreeMap.c
[    ] Building /root/verify1002/gcc/lean4-src/stage0/src/../stdlib//Std/Data/DTreeMap/AdditionalOperations.c
[    ] Building /root/verify1002/gcc/lean4-src/stage0/src/../stdlib//Std/Data/DTreeMap/Basic.c
[    ] Building /root/verify1002/gcc/lean4-src/stage0/src/../stdlib//Std/Data/DTreeMap/DecidableEquiv.c
[    ] Building /root/verify1002/gcc/lean4-src/stage0/src/../stdlib//Std/Data/Iterators/Producers/Array.c
[    ] Building /root/verify1002/gcc/lean4-src/stage0/src/../stdlib//Std/Data/DTreeMap/Internal/Balanced.c
[    ] Building /root/verify1002/gcc/lean4-src/stage0/src/../stdlib//Std/Data/DTreeMap/Internal/Balancing.c
[    ] Building /root/verify1002/gcc/lean4-src/stage0/src/../stdlib//Std/Data/DTreeMap/Internal/Def.c
[    ] Building /root/verify1002/gcc/lean4-src/stage0/src/../stdlib//Std/Data/TreeMap/Raw/AdditionalOperations.c
[    ] Building /root/verify1002/gcc/lean4-src/stage0/src/../stdlib//Std/Data/DTreeMap/Internal/Cell.c
[    ] Building /root/verify1002/gcc/lean4-src/stage0/src/../stdlib//Std/Data/DHashMap/Iterator.c
[    ] Building /root/verify1002/gcc/lean4-src/stage0/src/../stdlib//Std/Data/DTreeMap/Internal/Lemmas.c
[    ] Building /root/verify1002/gcc/lean4-src/stage0/src/../stdlib//Std/Data/DTreeMap/Internal/Ordered.c
[    ] Building /root/verify1002/gcc/lean4-src/stage0/src/../stdlib//Std/Data/DHashMap/RawLemmas.c
[    ] Building /root/verify1002/gcc/lean4-src/stage0/src/../stdlib//Std/Data/DTreeMap/Internal/Queries.c
[    ] Building /root/verify1002/gcc/lean4-src/stage0/src/../stdlib//Std/Data/DTreeMap/Internal/WF/Defs.c
[    ] Building /root/verify1002/gcc/lean4-src/stage0/src/../stdlib//Std/Data/DTreeMap/Internal/Operations.c
[    ] Building /root/verify1002/gcc/lean4-src/stage0/src/../stdlib//Std/Data/DTreeMap/Internal/Model.c
[    ] Building /root/verify1002/gcc/lean4-src/stage0/src/../stdlib//Std/Data/DTreeMap/Internal/WF/Lemmas.c
[    ] Building /root/verify1002/gcc/lean4-src/stage0/src/../stdlib//Std/Data/DTreeMap/Iterator.c
[    ] Building /root/verify1002/gcc/lean4-src/stage0/src/../stdlib//Std/Data/DTreeMap/Internal/Zipper.c
[    ] Building /root/verify1002/gcc/lean4-src/stage0/src/../stdlib//Std/Data/DTreeMap/Raw/Basic.c
[    ] Building /root/verify1002/gcc/lean4-src/stage0/src/../stdlib//Std/Data/DTreeMap/Lemmas.c
[    ] Building /root/verify1002/gcc/lean4-src/stage0/src/../stdlib//Std/Data/DTreeMap/Raw/AdditionalOperations.c
[    ] Building /root/verify1002/gcc/lean4-src/stage0/src/../stdlib//Std/Data/DTreeMap/Raw/DecidableEquiv.c
[    ] Building /root/verify1002/gcc/lean4-src/stage0/src/../stdlib//Std/Data/DTreeMap/Raw/Iterator.c
[    ] Building /root/verify1002/gcc/lean4-src/stage0/src/../stdlib//Std/Data/DTreeMap/Raw/Slice.c
[    ] Building /root/verify1002/gcc/lean4-src/stage0/src/../stdlib//Std/Data/DTreeMap/Raw/Lemmas.c
[    ] Building /root/verify1002/gcc/lean4-src/stage0/src/../stdlib//Std/Data/DTreeMap/Slice.c
[    ] Building /root/verify1002/gcc/lean4-src/stage0/src/../stdlib//Std/Data/DTreeMap/Raw/WF.c
[    ] Building /root/verify1002/gcc/lean4-src/stage0/src/../stdlib//Std/Data/ExtDHashMap.c
[    ] Building /root/verify1002/gcc/lean4-src/stage0/src/../stdlib//Std/Data/ExtDHashMap/Lemmas.c
[    ] Building /root/verify1002/gcc/lean4-src/stage0/src/../stdlib//Std/Data/ExtDTreeMap.c
[    ] Building /root/verify1002/gcc/lean4-src/stage0/src/../stdlib//Std/Data/ExtDTreeMap/Basic.c
[    ] Building /root/verify1002/gcc/lean4-src/stage0/src/../stdlib//Std/Data/ExtDHashMap/Basic.c
[    ] Building /root/verify1002/gcc/lean4-src/stage0/src/../stdlib//Std/Data/ExtDTreeMap/Lemmas.c
[    ] Building /root/verify1002/gcc/lean4-src/stage0/src/../stdlib//Std/Data/ExtHashMap.c
[    ] Building /root/verify1002/gcc/lean4-src/stage0/src/../stdlib//Std/Data/ExtHashMap/Basic.c
[    ] Building /root/verify1002/gcc/lean4-src/stage0/src/../stdlib//Std/Data/ExtHashMap/Lemmas.c
[    ] Building /root/verify1002/gcc/lean4-src/stage0/src/../stdlib//Std/Data/ExtHashSet.c
[    ] Building /root/verify1002/gcc/lean4-src/stage0/src/../stdlib//Std/Data/ExtHashSet/Basic.c
[    ] Building /root/verify1002/gcc/lean4-src/stage0/src/../stdlib//Std/Data/ExtHashSet/Lemmas.c
[    ] Building /root/verify1002/gcc/lean4-src/stage0/src/../stdlib//Std/Data/ExtTreeMap.c
[    ] Building /root/verify1002/gcc/lean4-src/stage0/src/../stdlib//Std/Data/ExtTreeMap/Basic.c
[    ] Building /root/verify1002/gcc/lean4-src/stage0/src/../stdlib//Std/Data/ExtTreeSet.c
[    ] Building /root/verify1002/gcc/lean4-src/stage0/src/../stdlib//Std/Data/ExtTreeMap/Lemmas.c
[    ] Building /root/verify1002/gcc/lean4-src/stage0/src/../stdlib//Std/Data/ExtTreeSet/Basic.c
[    ] Building /root/verify1002/gcc/lean4-src/stage0/src/../stdlib//Std/Data/HashMap.c
[    ] Building /root/verify1002/gcc/lean4-src/stage0/src/../stdlib//Std/Data/ExtTreeSet/Lemmas.c
[    ] Building /root/verify1002/gcc/lean4-src/stage0/src/../stdlib//Std/Data/HashMap/AdditionalOperations.c
[    ] Building /root/verify1002/gcc/lean4-src/stage0/src/../stdlib//Std/Data/HashMap/Basic.c
[    ] Building /root/verify1002/gcc/lean4-src/stage0/src/../stdlib//Std/Data/HashMap/DecidableEquiv.c
[    ] Building /root/verify1002/gcc/lean4-src/stage0/src/../stdlib//Std/Data/HashMap/Iterator.c
[    ] Building /root/verify1002/gcc/lean4-src/stage0/src/../stdlib//Std/Data/HashMap/IteratorLemmas.c
[    ] Building /root/verify1002/gcc/lean4-src/stage0/src/../stdlib//Std/Data/HashMap/Lemmas.c
[    ] Building /root/verify1002/gcc/lean4-src/stage0/src/../stdlib//Std/Data/HashMap/Raw.c
[    ] Building /root/verify1002/gcc/lean4-src/stage0/src/../stdlib//Std/Data/HashMap/RawDecidableEquiv.c
[    ] Building /root/verify1002/gcc/lean4-src/stage0/src/../stdlib//Std/Data/HashMap/RawLemmas.c
[    ] Building /root/verify1002/gcc/lean4-src/stage0/src/../stdlib//Std/Data/HashSet.c
[    ] Building /root/verify1002/gcc/lean4-src/stage0/src/../stdlib//Std/Data/HashSet/Basic.c
[    ] Building /root/verify1002/gcc/lean4-src/stage0/src/../stdlib//Std/Data/HashSet/DecidableEquiv.c
[    ] Building /root/verify1002/gcc/lean4-src/stage0/src/../stdlib//Std/Data/HashSet/Iterator.c
[    ] Building /root/verify1002/gcc/lean4-src/stage0/src/../stdlib//Std/Data/HashSet/Lemmas.c
[    ] Building /root/verify1002/gcc/lean4-src/stage0/src/../stdlib//Std/Data/HashSet/IteratorLemmas.c
[    ] Building /root/verify1002/gcc/lean4-src/stage0/src/../stdlib//Std/Data/HashSet/RawDecidableEquiv.c
[    ] Building /root/verify1002/gcc/lean4-src/stage0/src/../stdlib//Std/Data/HashSet/RawLemmas.c
[    ] Building /root/verify1002/gcc/lean4-src/stage0/src/../stdlib//Std/Data/HashSet/Raw.c
[    ] Building /root/verify1002/gcc/lean4-src/stage0/src/../stdlib//Std/Data/Internal/Cut.c
[    ] Building /root/verify1002/gcc/lean4-src/stage0/src/../stdlib//Std/Data/Internal/List/Defs.c
[    ] Building /root/verify1002/gcc/lean4-src/stage0/src/../stdlib//Std/Data/Internal/List/Associative.c
[    ] Building /root/verify1002/gcc/lean4-src/stage0/src/../stdlib//Std/Data/Iterators.c
[    ] Building /root/verify1002/gcc/lean4-src/stage0/src/../stdlib//Std/Data/Iterators/Combinators.c
[    ] Building /root/verify1002/gcc/lean4-src/stage0/src/../stdlib//Std/Data/Iterators/Combinators/Drop.c
[    ] Building /root/verify1002/gcc/lean4-src/stage0/src/../stdlib//Std/Data/Iterators/Combinators/DropWhile.c
[    ] Building /root/verify1002/gcc/lean4-src/stage0/src/../stdlib//Std/Data/Iterators/Combinators/Monadic.c
[    ] Building /root/verify1002/gcc/lean4-src/stage0/src/../stdlib//Std/Data/Iterators/Combinators/Monadic/DropWhile.c
[    ] Building /root/verify1002/gcc/lean4-src/stage0/src/../stdlib//Std/Data/Iterators/Combinators/Monadic/StepSize.c
[    ] Building /root/verify1002/gcc/lean4-src/stage0/src/../stdlib//Std/Data/Iterators/Combinators/Monadic/Zip.c
[    ] Building /root/verify1002/gcc/lean4-src/stage0/src/../stdlib//Std/Data/Iterators/Combinators/Monadic/TakeWhile.c
[    ] Building /root/verify1002/gcc/lean4-src/stage0/src/../stdlib//Std/Data/Iterators/Combinators/TakeWhile.c
[    ] Building /root/verify1002/gcc/lean4-src/stage0/src/../stdlib//Std/Data/Iterators/Combinators/StepSize.c
[    ] Building /root/verify1002/gcc/lean4-src/stage0/src/../stdlib//Std/Data/Iterators/Combinators/Zip.c
[    ] Building /root/verify1002/gcc/lean4-src/stage0/src/../stdlib//Std/Data/Iterators/Lemmas.c
[    ] Building /root/verify1002/gcc/lean4-src/stage0/src/../stdlib//Std/Data/Iterators/Lemmas/Combinators.c
[    ] Building /root/verify1002/gcc/lean4-src/stage0/src/../stdlib//Std/Data/Iterators/Lemmas/Combinators/Drop.c
[    ] Building /root/verify1002/gcc/lean4-src/stage0/src/../stdlib//Std/Data/Iterators/Lemmas/Combinators/DropWhile.c
[    ] Building /root/verify1002/gcc/lean4-src/stage0/src/../stdlib//Std/Data/Iterators/Lemmas/Combinators/Monadic.c
[    ] Building /root/verify1002/gcc/lean4-src/stage0/src/../stdlib//Std/Data/Iterators/Lemmas/Combinators/Monadic/Drop.c
[    ] Building /root/verify1002/gcc/lean4-src/stage0/src/../stdlib//Std/Data/Iterators/Lemmas/Combinators/Monadic/DropWhile.c
[    ] Building /root/verify1002/gcc/lean4-src/stage0/src/../stdlib//Std/Data/Iterators/Lemmas/Combinators/Monadic/FilterMap.c
[    ] Building /root/verify1002/gcc/lean4-src/stage0/src/../stdlib//Std/Data/Iterators/Lemmas/Combinators/Monadic/TakeWhile.c
[    ] Building /root/verify1002/gcc/lean4-src/stage0/src/../stdlib//Std/Data/Iterators/Lemmas/Combinators/Monadic/Zip.c
[    ] Building /root/verify1002/gcc/lean4-src/stage0/src/../stdlib//Std/Data/Iterators/Lemmas/Combinators/TakeWhile.c
[    ] Building /root/verify1002/gcc/lean4-src/stage0/src/../stdlib//Std/Data/Iterators/Lemmas/Combinators/Zip.c
[    ] Building /root/verify1002/gcc/lean4-src/stage0/src/../stdlib//Std/Data/Iterators/Lemmas/Consumers.c
[    ] Building /root/verify1002/gcc/lean4-src/stage0/src/../stdlib//Std/Data/Iterators/Lemmas/Consumers/Collect.c
[    ] Building /root/verify1002/gcc/lean4-src/stage0/src/../stdlib//Std/Data/Iterators/Lemmas/Consumers/Loop.c
[    ] Building /root/verify1002/gcc/lean4-src/stage0/src/../stdlib//Std/Data/Iterators/Lemmas/Consumers/Monadic.c
[    ] Building /root/verify1002/gcc/lean4-src/stage0/src/../stdlib//Std/Data/Iterators/Lemmas/Consumers/Monadic/Collect.c
[    ] Building /root/verify1002/gcc/lean4-src/stage0/src/../stdlib//Std/Data/Iterators/Lemmas/Consumers/Monadic/Loop.c
[    ] Building /root/verify1002/gcc/lean4-src/stage0/src/../stdlib//Std/Data/Iterators/Lemmas/Equivalence.c
[    ] Building /root/verify1002/gcc/lean4-src/stage0/src/../stdlib//Std/Data/Iterators/Lemmas/Equivalence/Basic.c
[    ] Building /root/verify1002/gcc/lean4-src/stage0/src/../stdlib//Std/Data/Iterators/Lemmas/Equivalence/HetT.c
[    ] Building /root/verify1002/gcc/lean4-src/stage0/src/../stdlib//Std/Data/Iterators/Lemmas/Equivalence/StepCongr.c
[    ] Building /root/verify1002/gcc/lean4-src/stage0/src/../stdlib//Std/Data/Iterators/Lemmas/Monadic.c
[    ] Building /root/verify1002/gcc/lean4-src/stage0/src/../stdlib//Std/Data/Iterators/Lemmas/Producers.c
[    ] Building /root/verify1002/gcc/lean4-src/stage0/src/../stdlib//Std/Data/Iterators/Lemmas/Producers/Array.c
[    ] Building /root/verify1002/gcc/lean4-src/stage0/src/../stdlib//Std/Data/Iterators/Lemmas/Producers/Empty.c
[    ] Building /root/verify1002/gcc/lean4-src/stage0/src/../stdlib//Std/Data/Iterators/Lemmas/Producers/Monadic.c
[    ] Building /root/verify1002/gcc/lean4-src/stage0/src/../stdlib//Std/Data/Iterators/Lemmas/Producers/Monadic/Array.c
[    ] Building /root/verify1002/gcc/lean4-src/stage0/src/../stdlib//Std/Data/Iterators/Lemmas/Producers/Monadic/Empty.c
[    ] Building /root/verify1002/gcc/lean4-src/stage0/src/../stdlib//Std/Data/Iterators/Lemmas/Producers/Monadic/List.c
[    ] Building /root/verify1002/gcc/lean4-src/stage0/src/../stdlib//Std/Data/Iterators/Lemmas/Producers/Range.c
[    ] Building /root/verify1002/gcc/lean4-src/stage0/src/../stdlib//Std/Data/Iterators/Lemmas/Producers/Repeat.c
[    ] Building /root/verify1002/gcc/lean4-src/stage0/src/../stdlib//Std/Data/Iterators/Lemmas/Producers/Slice.c
[    ] Building /root/verify1002/gcc/lean4-src/stage0/src/../stdlib//Std/Data/Iterators/Producers.c
[    ] Building /root/verify1002/gcc/lean4-src/stage0/src/../stdlib//Std/Data/Iterators/Producers/Empty.c
[    ] Building /root/verify1002/gcc/lean4-src/stage0/src/../stdlib//Std/Data/Iterators/Producers/Monadic.c
[    ] Building /root/verify1002/gcc/lean4-src/stage0/src/../stdlib//Std/Data/Iterators/Producers/Monadic/Array.c
[    ] Building /root/verify1002/gcc/lean4-src/stage0/src/../stdlib//Std/Data/Iterators/Producers/Monadic/Empty.c
[    ] Building /root/verify1002/gcc/lean4-src/stage0/src/../stdlib//Std/Data/Iterators/Producers/Range.c
[    ] Building /root/verify1002/gcc/lean4-src/stage0/src/../stdlib//Std/Data/Iterators/Producers/Repeat.c
[    ] Building /root/verify1002/gcc/lean4-src/stage0/src/../stdlib//Std/Data/Iterators/Producers/Slice.c
[    ] Building /root/verify1002/gcc/lean4-src/stage0/src/../stdlib//Std/Data/TreeMap.c
[    ] Building /root/verify1002/gcc/lean4-src/stage0/src/../stdlib//Std/Data/TreeMap/AdditionalOperations.c
[    ] Building /root/verify1002/gcc/lean4-src/stage0/src/../stdlib//Std/Data/TreeMap/Basic.c
[    ] Building /root/verify1002/gcc/lean4-src/stage0/src/../stdlib//Std/Data/TreeMap/DecidableEquiv.c
[    ] Building /root/verify1002/gcc/lean4-src/stage0/src/../stdlib//Std/Data/TreeMap/Iterator.c
[    ] Building /root/verify1002/gcc/lean4-src/stage0/src/../stdlib//Std/Data/TreeMap/Lemmas.c
[    ] Building /root/verify1002/gcc/lean4-src/stage0/src/../stdlib//Std/Data/TreeMap/Raw.c
[    ] Building /root/verify1002/gcc/lean4-src/stage0/src/../stdlib//Std/Data/TreeMap/Raw/Basic.c
[    ] Building /root/verify1002/gcc/lean4-src/stage0/src/../stdlib//Std/Data/TreeMap/Raw/DecidableEquiv.c
[    ] Building /root/verify1002/gcc/lean4-src/stage0/src/../stdlib//Std/Data/TreeMap/Raw/Iterator.c
[    ] Building /root/verify1002/gcc/lean4-src/stage0/src/../stdlib//Std/Data/TreeMap/Raw/Lemmas.c
[    ] Building /root/verify1002/gcc/lean4-src/stage0/src/../stdlib//Std/Data/TreeMap/Raw/Slice.c
[    ] Building /root/verify1002/gcc/lean4-src/stage0/src/../stdlib//Std/Data/TreeMap/Raw/WF.c
[    ] Building /root/verify1002/gcc/lean4-src/stage0/src/../stdlib//Std/Data/TreeMap/Slice.c
[    ] Building /root/verify1002/gcc/lean4-src/stage0/src/../stdlib//Std/Data/TreeSet.c
[    ] Building /root/verify1002/gcc/lean4-src/stage0/src/../stdlib//Std/Data/TreeSet/AdditionalOperations.c
[    ] Building /root/verify1002/gcc/lean4-src/stage0/src/../stdlib//Std/Data/TreeSet/Basic.c
[    ] Building /root/verify1002/gcc/lean4-src/stage0/src/../stdlib//Std/Data/TreeSet/DecidableEquiv.c
[    ] Building /root/verify1002/gcc/lean4-src/stage0/src/../stdlib//Std/Data/TreeSet/Iterator.c
[    ] Building /root/verify1002/gcc/lean4-src/stage0/src/../stdlib//Std/Data/TreeSet/Lemmas.c
[    ] Building /root/verify1002/gcc/lean4-src/stage0/src/../stdlib//Std/Data/TreeSet/Raw.c
[    ] Building /root/verify1002/gcc/lean4-src/stage0/src/../stdlib//Std/Data/TreeSet/Raw/Basic.c
[    ] Building /root/verify1002/gcc/lean4-src/stage0/src/../stdlib//Std/Data/TreeSet/Raw/DecidableEquiv.c
[    ] Building /root/verify1002/gcc/lean4-src/stage0/src/../stdlib//Std/Data/TreeSet/Raw/Iterator.c
[    ] Building /root/verify1002/gcc/lean4-src/stage0/src/../stdlib//Std/Data/TreeSet/Raw/Lemmas.c
[    ] Building /root/verify1002/gcc/lean4-src/stage0/src/../stdlib//Std/Data/TreeSet/Raw/Slice.c
[    ] Building /root/verify1002/gcc/lean4-src/stage0/src/../stdlib//Std/Data/TreeSet/Raw/WF.c
[    ] Building /root/verify1002/gcc/lean4-src/stage0/src/../stdlib//Std/Data/TreeSet/Slice.c
[    ] Building /root/verify1002/gcc/lean4-src/stage0/src/../stdlib//Std/Do.c
[    ] Building /root/verify1002/gcc/lean4-src/stage0/src/../stdlib//Std/Do/PostCond.c
[    ] Building /root/verify1002/gcc/lean4-src/stage0/src/../stdlib//Std/Do/PredTrans.c
[    ] Building /root/verify1002/gcc/lean4-src/stage0/src/../stdlib//Std/Do/SPred.c
[    ] Building /root/verify1002/gcc/lean4-src/stage0/src/../stdlib//Std/Do/SPred/DerivedLaws.c
[    ] Building /root/verify1002/gcc/lean4-src/stage0/src/../stdlib//Std/Do/SPred/Notation.c
[    ] Building /root/verify1002/gcc/lean4-src/stage0/src/../stdlib//Std/Do/SPred/Laws.c
[    ] Building /root/verify1002/gcc/lean4-src/stage0/src/../stdlib//Std/Do/SPred/Notation/Basic.c
[    ] Building /root/verify1002/gcc/lean4-src/stage0/src/../stdlib//Std/Do/SPred/SPred.c
[    ] Building /root/verify1002/gcc/lean4-src/stage0/src/../stdlib//Std/Do/SPred/SVal.c
[    ] Building /root/verify1002/gcc/lean4-src/stage0/src/../stdlib//Std/Do/Triple.c
[    ] Building /root/verify1002/gcc/lean4-src/stage0/src/../stdlib//Std/Do/Triple/Basic.c
[    ] Building /root/verify1002/gcc/lean4-src/stage0/src/../stdlib//Std/Do/Triple/SpecLemmas.c
[    ] Building /root/verify1002/gcc/lean4-src/stage0/src/../stdlib//Std/Do/WP.c
[    ] Building /root/verify1002/gcc/lean4-src/stage0/src/../stdlib//Std/Do/WP/Basic.c
[    ] Building /root/verify1002/gcc/lean4-src/stage0/src/../stdlib//Std/Do/WP/Monad.c
[    ] Building /root/verify1002/gcc/lean4-src/stage0/src/../stdlib//Std/Do/WP/SimpLemmas.c
[    ] Building /root/verify1002/gcc/lean4-src/stage0/src/../stdlib//Std/Internal.c
[    ] Building /root/verify1002/gcc/lean4-src/stage0/src/../stdlib//Std/Internal/Async.c
[    ] Building /root/verify1002/gcc/lean4-src/stage0/src/../stdlib//Std/Internal/Async/Basic.c
[    ] Building /root/verify1002/gcc/lean4-src/stage0/src/../stdlib//Std/Internal/Async/DNS.c
[    ] Building /root/verify1002/gcc/lean4-src/stage0/src/../stdlib//Std/Internal/Async/IO.c
[    ] Building /root/verify1002/gcc/lean4-src/stage0/src/../stdlib//Std/Internal/Async/Process.c
[    ] Building /root/verify1002/gcc/lean4-src/stage0/src/../stdlib//Std/Internal/Async/Select.c
[    ] Building /root/verify1002/gcc/lean4-src/stage0/src/../stdlib//Std/Internal/Async/System.c
[    ] Building /root/verify1002/gcc/lean4-src/stage0/src/../stdlib//Std/Internal/Async/Signal.c
[    ] Building /root/verify1002/gcc/lean4-src/stage0/src/../stdlib//Std/Internal/Async/TCP.c
[    ] Building /root/verify1002/gcc/lean4-src/stage0/src/../stdlib//Std/Internal/Async/Timer.c
[    ] Building /root/verify1002/gcc/lean4-src/stage0/src/../stdlib//Std/Internal/Parsec.c
[    ] Building /root/verify1002/gcc/lean4-src/stage0/src/../stdlib//Std/Internal/Async/UDP.c
[    ] Building /root/verify1002/gcc/lean4-src/stage0/src/../stdlib//Std/Internal/Parsec/Basic.c
[    ] Building /root/verify1002/gcc/lean4-src/stage0/src/../stdlib//Std/Internal/Parsec/ByteArray.c
[    ] Building /root/verify1002/gcc/lean4-src/stage0/src/../stdlib//Std/Internal/Parsec/String.c
[    ] Building /root/verify1002/gcc/lean4-src/stage0/src/../stdlib//Std/Internal/UV.c
[    ] Building /root/verify1002/gcc/lean4-src/stage0/src/../stdlib//Std/Internal/UV/DNS.c
[    ] Building /root/verify1002/gcc/lean4-src/stage0/src/../stdlib//Std/Internal/UV/Loop.c
[    ] Building /root/verify1002/gcc/lean4-src/stage0/src/../stdlib//Std/Internal/UV/Signal.c
[    ] Building /root/verify1002/gcc/lean4-src/stage0/src/../stdlib//Std/Internal/UV/System.c
[    ] Building /root/verify1002/gcc/lean4-src/stage0/src/../stdlib//Std/Internal/UV/Timer.c
[    ] Building /root/verify1002/gcc/lean4-src/stage0/src/../stdlib//Std/Internal/UV/TCP.c
[    ] Building /root/verify1002/gcc/lean4-src/stage0/src/../stdlib//Std/Internal/UV/UDP.c
[    ] Building /root/verify1002/gcc/lean4-src/stage0/src/../stdlib//Std/Net.c
[    ] Building /root/verify1002/gcc/lean4-src/stage0/src/../stdlib//Std/Net/Addr.c
[    ] Building /root/verify1002/gcc/lean4-src/stage0/src/../stdlib//Std/Sat.c
[    ] Building /root/verify1002/gcc/lean4-src/stage0/src/../stdlib//Std/Sat/AIG.c
[    ] Building /root/verify1002/gcc/lean4-src/stage0/src/../stdlib//Std/Sat/AIG/Basic.c
[    ] Building /root/verify1002/gcc/lean4-src/stage0/src/../stdlib//Std/Sat/AIG/CNF.c
[    ] Building /root/verify1002/gcc/lean4-src/stage0/src/../stdlib//Std/Sat/AIG/Cached.c
[    ] Building /root/verify1002/gcc/lean4-src/stage0/src/../stdlib//Std/Sat/AIG/CachedGates.c
[    ] Building /root/verify1002/gcc/lean4-src/stage0/src/../stdlib//Std/Sat/AIG/CachedGatesLemmas.c
[    ] Building /root/verify1002/gcc/lean4-src/stage0/src/../stdlib//Std/Sat/AIG/CachedLemmas.c
[    ] Building /root/verify1002/gcc/lean4-src/stage0/src/../stdlib//Std/Sat/AIG/If.c
[    ] Building /root/verify1002/gcc/lean4-src/stage0/src/../stdlib//Std/Sat/AIG/LawfulOperator.c
[    ] Building /root/verify1002/gcc/lean4-src/stage0/src/../stdlib//Std/Sat/AIG/LawfulVecOperator.c
[    ] Building /root/verify1002/gcc/lean4-src/stage0/src/../stdlib//Std/Sat/AIG/Lemmas.c
[    ] Building /root/verify1002/gcc/lean4-src/stage0/src/../stdlib//Std/Sat/AIG/RefVec.c
[    ] Building /root/verify1002/gcc/lean4-src/stage0/src/../stdlib//Std/Sat/AIG/RefVecOperator.c
[    ] Building /root/verify1002/gcc/lean4-src/stage0/src/../stdlib//Std/Sat/AIG/RefVecOperator/Fold.c
[    ] Building /root/verify1002/gcc/lean4-src/stage0/src/../stdlib//Std/Sat/AIG/RefVecOperator/Map.c
[    ] Building /root/verify1002/gcc/lean4-src/stage0/src/../stdlib//Std/Sat/AIG/RefVecOperator/Zip.c
[    ] Building /root/verify1002/gcc/lean4-src/stage0/src/../stdlib//Std/Sat/AIG/Relabel.c
[    ] Building /root/verify1002/gcc/lean4-src/stage0/src/../stdlib//Std/Sat/AIG/RelabelNat.c
[    ] Building /root/verify1002/gcc/lean4-src/stage0/src/../stdlib//Std/Sat/CNF.c
[    ] Building /root/verify1002/gcc/lean4-src/stage0/src/../stdlib//Std/Sat/CNF/Basic.c
[    ] Building /root/verify1002/gcc/lean4-src/stage0/src/../stdlib//Std/Sat/CNF/Dimacs.c
[    ] Building /root/verify1002/gcc/lean4-src/stage0/src/../stdlib//Std/Sat/CNF/Relabel.c
[    ] Building /root/verify1002/gcc/lean4-src/stage0/src/../stdlib//Std/Sat/CNF/Literal.c
[    ] Building /root/verify1002/gcc/lean4-src/stage0/src/../stdlib//Std/Sat/CNF/RelabelFin.c
[    ] Building /root/verify1002/gcc/lean4-src/stage0/src/../stdlib//Std/Sync/Barrier.c
[    ] Building /root/verify1002/gcc/lean4-src/stage0/src/../stdlib//Std/Sync.c
[    ] Building /root/verify1002/gcc/lean4-src/stage0/src/../stdlib//Std/Sync/Basic.c
[    ] Building /root/verify1002/gcc/lean4-src/stage0/src/../stdlib//Std/Sync/Broadcast.c
[    ] Building /root/verify1002/gcc/lean4-src/stage0/src/../stdlib//Std/Sync/CancellationToken.c
[    ] Building /root/verify1002/gcc/lean4-src/stage0/src/../stdlib//Std/Sync/Channel.c
[    ] Building /root/verify1002/gcc/lean4-src/stage0/src/../stdlib//Std/Sync/Mutex.c
[    ] Building /root/verify1002/gcc/lean4-src/stage0/src/../stdlib//Std/Sync/RecursiveMutex.c
[    ] Building /root/verify1002/gcc/lean4-src/stage0/src/../stdlib//Std/Sync/SharedMutex.c
[    ] Building /root/verify1002/gcc/lean4-src/stage0/src/../stdlib//Std/Tactic.c
[    ] Building /root/verify1002/gcc/lean4-src/stage0/src/../stdlib//Std/Tactic/BVDecide.c
[    ] Building /root/verify1002/gcc/lean4-src/stage0/src/../stdlib//Std/Tactic/BVDecide/Bitblast.c
[    ] Building /root/verify1002/gcc/lean4-src/stage0/src/../stdlib//Std/Sync/StreamMap.c
[    ] Building /root/verify1002/gcc/lean4-src/stage0/src/../stdlib//Std/Sync/Notify.c
[    ] Building /root/verify1002/gcc/lean4-src/stage0/src/../stdlib//Std/Tactic/BVDecide/Bitblast/BVExpr.c
[    ] Building /root/verify1002/gcc/lean4-src/stage0/src/../stdlib//Std/Tactic/BVDecide/Bitblast/BVExpr/Basic.c
[    ] Building /root/verify1002/gcc/lean4-src/stage0/src/../stdlib//Std/Tactic/BVDecide/Bitblast/BVExpr/Circuit.c
[    ] Building /root/verify1002/gcc/lean4-src/stage0/src/../stdlib//Std/Tactic/BVDecide/Bitblast/BVExpr/Circuit/Impl.c
[    ] Building /root/verify1002/gcc/lean4-src/stage0/src/../stdlib//Std/Tactic/BVDecide/Bitblast/BVExpr/Circuit/Impl/Carry.c
[    ] Building /root/verify1002/gcc/lean4-src/stage0/src/../stdlib//Std/Tactic/BVDecide/Bitblast/BVExpr/Circuit/Impl/Expr.c
[    ] Building /root/verify1002/gcc/lean4-src/stage0/src/../stdlib//Std/Tactic/BVDecide/Bitblast/BVExpr/Circuit/Impl/Const.c
[    ] Building /root/verify1002/gcc/lean4-src/stage0/src/../stdlib//Std/Tactic/BVDecide/Bitblast/BVExpr/Circuit/Impl/Operations/Add.c
[    ] Building /root/verify1002/gcc/lean4-src/stage0/src/../stdlib//Std/Tactic/BVDecide/Bitblast/BVExpr/Circuit/Impl/Operations/Eq.c
[    ] Building /root/verify1002/gcc/lean4-src/stage0/src/../stdlib//Std/Tactic/BVDecide/Bitblast/BVExpr/Circuit/Impl/Operations/Append.c
[    ] Building /root/verify1002/gcc/lean4-src/stage0/src/../stdlib//Std/Tactic/BVDecide/Bitblast/BVExpr/Circuit/Impl/Operations/GetLsbD.c
[    ] Building /root/verify1002/gcc/lean4-src/stage0/src/../stdlib//Std/Tactic/BVDecide/Bitblast/BVExpr/Circuit/Impl/Operations/Clz.c
[    ] Building /root/verify1002/gcc/lean4-src/stage0/src/../stdlib//Std/Tactic/BVDecide/Bitblast/BVExpr/Circuit/Impl/Operations/Extract.c
[    ] Building /root/verify1002/gcc/lean4-src/stage0/src/../stdlib//Std/Tactic/BVDecide/Bitblast/BVExpr/Circuit/Impl/Operations/Mul.c
[    ] Building /root/verify1002/gcc/lean4-src/stage0/src/../stdlib//Std/Tactic/BVDecide/Bitblast/BVExpr/Circuit/Impl/Operations/Neg.c
[    ] Building /root/verify1002/gcc/lean4-src/stage0/src/../stdlib//Std/Tactic/BVDecide/Bitblast/BVExpr/Circuit/Impl/Operations/Replicate.c
[    ] Building /root/verify1002/gcc/lean4-src/stage0/src/../stdlib//Std/Tactic/BVDecide/Bitblast/BVExpr/Circuit/Impl/Operations/Reverse.c
[    ] Building /root/verify1002/gcc/lean4-src/stage0/src/../stdlib//Std/Tactic/BVDecide/Bitblast/BVExpr/Circuit/Impl/Operations/RotateLeft.c
[    ] Building /root/verify1002/gcc/lean4-src/stage0/src/../stdlib//Std/Tactic/BVDecide/Bitblast/BVExpr/Circuit/Impl/Operations/Not.c
[    ] Building /root/verify1002/gcc/lean4-src/stage0/src/../stdlib//Std/Tactic/BVDecide/Bitblast/BVExpr/Circuit/Impl/Operations/RotateRight.c
[    ] Building /root/verify1002/gcc/lean4-src/stage0/src/../stdlib//Std/Tactic/BVDecide/Bitblast/BVExpr/Circuit/Impl/Operations/ShiftLeft.c
[    ] Building /root/verify1002/gcc/lean4-src/stage0/src/../stdlib//Std/Tactic/BVDecide/Bitblast/BVExpr/Circuit/Impl/Operations/ShiftRight.c
[    ] Building /root/verify1002/gcc/lean4-src/stage0/src/../stdlib//Std/Tactic/BVDecide/Bitblast/BVExpr/Circuit/Impl/Operations/Sub.c
[    ] Building /root/verify1002/gcc/lean4-src/stage0/src/../stdlib//Std/Tactic/BVDecide/Bitblast/BVExpr/Circuit/Impl/Operations/Udiv.c
[    ] Building /root/verify1002/gcc/lean4-src/stage0/src/../stdlib//Std/Tactic/BVDecide/Bitblast/BVExpr/Circuit/Impl/Operations/Ult.c
[    ] Building /root/verify1002/gcc/lean4-src/stage0/src/../stdlib//Std/Tactic/BVDecide/Bitblast/BVExpr/Circuit/Impl/Operations/Umod.c
[    ] Building /root/verify1002/gcc/lean4-src/stage0/src/../stdlib//Std/Tactic/BVDecide/Bitblast/BVExpr/Circuit/Impl/Operations/ZeroExtend.c
[    ] Building /root/verify1002/gcc/lean4-src/stage0/src/../stdlib//Std/Tactic/BVDecide/Bitblast/BVExpr/Circuit/Impl/Pred.c
[    ] Building /root/verify1002/gcc/lean4-src/stage0/src/../stdlib//Std/Tactic/BVDecide/Bitblast/BVExpr/Circuit/Impl/Substructure.c
[    ] Building /root/verify1002/gcc/lean4-src/stage0/src/../stdlib//Std/Tactic/BVDecide/Bitblast/BVExpr/Circuit/Lemmas.c
[    ] Building /root/verify1002/gcc/lean4-src/stage0/src/../stdlib//Std/Tactic/BVDecide/Bitblast/BVExpr/Circuit/Impl/Var.c
[    ] Building /root/verify1002/gcc/lean4-src/stage0/src/../stdlib//Std/Tactic/BVDecide/Bitblast/BVExpr/Circuit/Lemmas/Basic.c
[    ] Building /root/verify1002/gcc/lean4-src/stage0/src/../stdlib//Std/Tactic/BVDecide/Bitblast/BVExpr/Circuit/Lemmas/Carry.c
[    ] Building /root/verify1002/gcc/lean4-src/stage0/src/../stdlib//Std/Tactic/BVDecide/Bitblast/BVExpr/Circuit/Lemmas/Const.c
[    ] Building /root/verify1002/gcc/lean4-src/stage0/src/../stdlib//Std/Tactic/BVDecide/Bitblast/BVExpr/Circuit/Lemmas/Expr.c
[    ] Building /root/verify1002/gcc/lean4-src/stage0/src/../stdlib//Std/Tactic/BVDecide/Bitblast/BVExpr/Circuit/Lemmas/Operations/Clz.c
[    ] Building /root/verify1002/gcc/lean4-src/stage0/src/../stdlib//Std/Tactic/BVDecide/Bitblast/BVExpr/Circuit/Lemmas/Operations/Append.c
[    ] Building /root/verify1002/gcc/lean4-src/stage0/src/../stdlib//Std/Tactic/BVDecide/Bitblast/BVExpr/Circuit/Lemmas/Operations/Add.c
[    ] Building /root/verify1002/gcc/lean4-src/stage0/src/../stdlib//Std/Tactic/BVDecide/Bitblast/BVExpr/Circuit/Lemmas/Operations/Extract.c
[    ] Building /root/verify1002/gcc/lean4-src/stage0/src/../stdlib//Std/Tactic/BVDecide/Bitblast/BVExpr/Circuit/Lemmas/Operations/Eq.c
[    ] Building /root/verify1002/gcc/lean4-src/stage0/src/../stdlib//Std/Tactic/BVDecide/Bitblast/BVExpr/Circuit/Lemmas/Operations/Mul.c
[    ] Building /root/verify1002/gcc/lean4-src/stage0/src/../stdlib//Std/Tactic/BVDecide/Bitblast/BVExpr/Circuit/Lemmas/Operations/GetLsbD.c
[    ] Building /root/verify1002/gcc/lean4-src/stage0/src/../stdlib//Std/Tactic/BVDecide/Bitblast/BVExpr/Circuit/Lemmas/Operations/Neg.c
[    ] Building /root/verify1002/gcc/lean4-src/stage0/src/../stdlib//Std/Tactic/BVDecide/Bitblast/BVExpr/Circuit/Lemmas/Operations/Not.c
[    ] Building /root/verify1002/gcc/lean4-src/stage0/src/../stdlib//Std/Tactic/BVDecide/Bitblast/BVExpr/Circuit/Lemmas/Operations/Replicate.c
[    ] Building /root/verify1002/gcc/lean4-src/stage0/src/../stdlib//Std/Tactic/BVDecide/Bitblast/BVExpr/Circuit/Lemmas/Operations/Reverse.c
[    ] Building /root/verify1002/gcc/lean4-src/stage0/src/../stdlib//Std/Tactic/BVDecide/Bitblast/BVExpr/Circuit/Lemmas/Operations/RotateLeft.c
[    ] Building /root/verify1002/gcc/lean4-src/stage0/src/../stdlib//Std/Tactic/BVDecide/Bitblast/BVExpr/Circuit/Lemmas/Operations/RotateRight.c
[    ] Building /root/verify1002/gcc/lean4-src/stage0/src/../stdlib//Std/Tactic/BVDecide/Bitblast/BVExpr/Circuit/Lemmas/Operations/ShiftLeft.c
[    ] Building /root/verify1002/gcc/lean4-src/stage0/src/../stdlib//Std/Tactic/BVDecide/Bitblast/BVExpr/Circuit/Lemmas/Operations/ShiftRight.c
[    ] Building /root/verify1002/gcc/lean4-src/stage0/src/../stdlib//Std/Tactic/BVDecide/Bitblast/BVExpr/Circuit/Lemmas/Operations/Udiv.c
[    ] Building /root/verify1002/gcc/lean4-src/stage0/src/../stdlib//Std/Tactic/BVDecide/Bitblast/BVExpr/Circuit/Lemmas/Operations/Sub.c
[    ] Building /root/verify1002/gcc/lean4-src/stage0/src/../stdlib//Std/Tactic/BVDecide/Bitblast/BVExpr/Circuit/Lemmas/Operations/Ult.c
[    ] Building /root/verify1002/gcc/lean4-src/stage0/src/../stdlib//Std/Tactic/BVDecide/Bitblast/BVExpr/Circuit/Lemmas/Operations/Umod.c
[    ] Building /root/verify1002/gcc/lean4-src/stage0/src/../stdlib//Std/Tactic/BVDecide/Bitblast/BVExpr/Circuit/Lemmas/Operations/ZeroExtend.c
[    ] Building /root/verify1002/gcc/lean4-src/stage0/src/../stdlib//Std/Tactic/BVDecide/Bitblast/BVExpr/Circuit/Lemmas/Pred.c
[    ] Building /root/verify1002/gcc/lean4-src/stage0/src/../stdlib//Std/Tactic/BVDecide/Bitblast/BVExpr/Circuit/Lemmas/Var.c
[    ] Building /root/verify1002/gcc/lean4-src/stage0/src/../stdlib//Std/Tactic/BVDecide/Bitblast/BoolExpr.c
[    ] Building /root/verify1002/gcc/lean4-src/stage0/src/../stdlib//Std/Tactic/BVDecide/Bitblast/BoolExpr/Basic.c
[    ] Building /root/verify1002/gcc/lean4-src/stage0/src/../stdlib//Std/Tactic/BVDecide/LRAT.c
[    ] Building /root/verify1002/gcc/lean4-src/stage0/src/../stdlib//Std/Tactic/BVDecide/LRAT/Checker.c
[    ] Building /root/verify1002/gcc/lean4-src/stage0/src/../stdlib//Std/Tactic/BVDecide/LRAT/Actions.c
[    ] Building /root/verify1002/gcc/lean4-src/stage0/src/../stdlib//Std/Tactic/BVDecide/LRAT/Internal/Actions.c
[    ] Building /root/verify1002/gcc/lean4-src/stage0/src/../stdlib//Std/Tactic/BVDecide/LRAT/Internal/Assignment.c
[    ] Building /root/verify1002/gcc/lean4-src/stage0/src/../stdlib//Std/Tactic/BVDecide/LRAT/Internal/CNF.c
[    ] Building /root/verify1002/gcc/lean4-src/stage0/src/../stdlib//Std/Tactic/BVDecide/LRAT/Internal/Clause.c
[    ] Building /root/verify1002/gcc/lean4-src/stage0/src/../stdlib//Std/Tactic/BVDecide/LRAT/Internal/Convert.c
[    ] Building /root/verify1002/gcc/lean4-src/stage0/src/../stdlib//Std/Tactic/BVDecide/LRAT/Internal/Formula.c
[    ] Building /root/verify1002/gcc/lean4-src/stage0/src/../stdlib//Std/Tactic/BVDecide/LRAT/Internal/Entails.c
[    ] Building /root/verify1002/gcc/lean4-src/stage0/src/../stdlib//Std/Tactic/BVDecide/LRAT/Internal/Formula/Class.c
[    ] Building /root/verify1002/gcc/lean4-src/stage0/src/../stdlib//Std/Tactic/BVDecide/LRAT/Internal/Formula/Implementation.c
[    ] Building /root/verify1002/gcc/lean4-src/stage0/src/../stdlib//Std/Tactic/BVDecide/LRAT/Internal/Formula/Instance.c
[    ] Building /root/verify1002/gcc/lean4-src/stage0/src/../stdlib//Std/Tactic/BVDecide/LRAT/Internal/Formula/Lemmas.c
[    ] Building /root/verify1002/gcc/lean4-src/stage0/src/../stdlib//Std/Tactic/BVDecide/LRAT/Internal/Formula/RatAddResult.c
[    ] Building /root/verify1002/gcc/lean4-src/stage0/src/../stdlib//Std/Tactic/BVDecide/LRAT/Internal/Formula/RatAddSound.c
[    ] Building /root/verify1002/gcc/lean4-src/stage0/src/../stdlib//Std/Tactic/BVDecide/LRAT/Internal/Formula/RupAddResult.c
[    ] Building /root/verify1002/gcc/lean4-src/stage0/src/../stdlib//Std/Tactic/BVDecide/LRAT/Internal/Formula/RupAddSound.c
[    ] Building /root/verify1002/gcc/lean4-src/stage0/src/../stdlib//Std/Tactic/BVDecide/LRAT/Internal/LRATChecker.c
[    ] Building /root/verify1002/gcc/lean4-src/stage0/src/../stdlib//Std/Tactic/BVDecide/LRAT/Internal/LRATCheckerSound.c
[    ] Building /root/verify1002/gcc/lean4-src/stage0/src/../stdlib//Std/Tactic/BVDecide/LRAT/Internal/PosFin.c
[    ] Building /root/verify1002/gcc/lean4-src/stage0/src/../stdlib//Std/Tactic/BVDecide/LRAT/Parser.c
[    ] Building /root/verify1002/gcc/lean4-src/stage0/src/../stdlib//Std/Tactic/BVDecide/Normalize.c
[    ] Building /root/verify1002/gcc/lean4-src/stage0/src/../stdlib//Std/Tactic/BVDecide/Normalize/BitVec.c
[    ] Building /root/verify1002/gcc/lean4-src/stage0/src/../stdlib//Std/Tactic/BVDecide/Normalize/Bool.c
[    ] Building /root/verify1002/gcc/lean4-src/stage0/src/../stdlib//Std/Tactic/BVDecide/Normalize/Canonicalize.c
[    ] Building /root/verify1002/gcc/lean4-src/stage0/src/../stdlib//Std/Tactic/BVDecide/Normalize/Equal.c
[    ] Building /root/verify1002/gcc/lean4-src/stage0/src/../stdlib//Std/Tactic/BVDecide/Normalize/Prop.c
[    ] Building /root/verify1002/gcc/lean4-src/stage0/src/../stdlib//Std/Tactic/BVDecide/Reflect.c
[    ] Building /root/verify1002/gcc/lean4-src/stage0/src/../stdlib//Std/Tactic/BVDecide/Syntax.c
[    ] Building /root/verify1002/gcc/lean4-src/stage0/src/../stdlib//Std/Tactic/Do.c
[    ] Building /root/verify1002/gcc/lean4-src/stage0/src/../stdlib//Std/Tactic/Do/ProofMode.c
[    ] Building /root/verify1002/gcc/lean4-src/stage0/src/../stdlib//Std/Time.c
[    ] Building /root/verify1002/gcc/lean4-src/stage0/src/../stdlib//Std/Tactic/Do/Syntax.c
[    ] Building /root/verify1002/gcc/lean4-src/stage0/src/../stdlib//Std/Time/Date/Basic.c
[    ] Building /root/verify1002/gcc/lean4-src/stage0/src/../stdlib//Std/Time/Date.c
[    ] Building /root/verify1002/gcc/lean4-src/stage0/src/../stdlib//Std/Time/Date/PlainDate.c
[    ] Building /root/verify1002/gcc/lean4-src/stage0/src/../stdlib//Std/Time/Format.c
[    ] Building /root/verify1002/gcc/lean4-src/stage0/src/../stdlib//Std/Time/Date/Unit/Basic.c
[    ] Building /root/verify1002/gcc/lean4-src/stage0/src/../stdlib//Std/Time/Date/Unit/Day.c
[    ] Building /root/verify1002/gcc/lean4-src/stage0/src/../stdlib//Std/Time/Date/Unit/Month.c
[    ] Building /root/verify1002/gcc/lean4-src/stage0/src/../stdlib//Std/Time/Date/Unit/Weekday.c
[    ] Building /root/verify1002/gcc/lean4-src/stage0/src/../stdlib//Std/Time/Date/Unit/Year.c
[    ] Building /root/verify1002/gcc/lean4-src/stage0/src/../stdlib//Std/Time/Date/Unit/Week.c
[    ] Building /root/verify1002/gcc/lean4-src/stage0/src/../stdlib//Std/Time/Date/ValidDate.c
[    ] Building /root/verify1002/gcc/lean4-src/stage0/src/../stdlib//Std/Time/DateTime.c
[    ] Building /root/verify1002/gcc/lean4-src/stage0/src/../stdlib//Std/Time/DateTime/PlainDateTime.c
[    ] Building /root/verify1002/gcc/lean4-src/stage0/src/../stdlib//Std/Time/DateTime/Timestamp.c
[    ] Building /root/verify1002/gcc/lean4-src/stage0/src/../stdlib//Std/Time/Duration.c
[    ] Building /root/verify1002/gcc/lean4-src/stage0/src/../stdlib//Std/Time/Format/Basic.c
[    ] Building /root/verify1002/gcc/lean4-src/stage0/src/../stdlib//Std/Time/Internal.c
[    ] Building /root/verify1002/gcc/lean4-src/stage0/src/../stdlib//Std/Time/Internal/Bounded.c
[    ] Building /root/verify1002/gcc/lean4-src/stage0/src/../stdlib//Std/Time/Internal/UnitVal.c
[    ] Building /root/verify1002/gcc/lean4-src/stage0/src/../stdlib//Std/Time/Notation.c
[    ] Building /root/verify1002/gcc/lean4-src/stage0/src/../stdlib//Std/Time/Notation/Spec.c
[    ] Building /root/verify1002/gcc/lean4-src/stage0/src/../stdlib//Std/Time/Time.c
[    ] Building /root/verify1002/gcc/lean4-src/stage0/src/../stdlib//Std/Time/Time/Basic.c
[    ] Building /root/verify1002/gcc/lean4-src/stage0/src/../stdlib//Std/Time/Time/HourMarker.c
[    ] Building /root/verify1002/gcc/lean4-src/stage0/src/../stdlib//Std/Time/Time/PlainTime.c
[    ] Building /root/verify1002/gcc/lean4-src/stage0/src/../stdlib//Std/Time/Time/Unit/Basic.c
[    ] Building /root/verify1002/gcc/lean4-src/stage0/src/../stdlib//Std/Time/Time/Unit/Hour.c
[    ] Building /root/verify1002/gcc/lean4-src/stage0/src/../stdlib//Std/Time/Time/Unit/Millisecond.c
[    ] Building /root/verify1002/gcc/lean4-src/stage0/src/../stdlib//Std/Time/Time/Unit/Minute.c
[    ] Building /root/verify1002/gcc/lean4-src/stage0/src/../stdlib//Std/Time/Time/Unit/Second.c
[    ] Building /root/verify1002/gcc/lean4-src/stage0/src/../stdlib//Std/Time/Zoned.c
[    ] Building /root/verify1002/gcc/lean4-src/stage0/src/../stdlib//Std/Time/Zoned/Database/Basic.c
[    ] Building /root/verify1002/gcc/lean4-src/stage0/src/../stdlib//Std/Time/Time/Unit/Nanosecond.c
[    ] Building /root/verify1002/gcc/lean4-src/stage0/src/../stdlib//Std/Time/Zoned/Database/TZdb.c
[    ] Building /root/verify1002/gcc/lean4-src/stage0/src/../stdlib//Std/Time/Zoned/Database.c
[    ] Building /root/verify1002/gcc/lean4-src/stage0/src/../stdlib//Std/Time/Zoned/Database/TzIf.c
[    ] Building /root/verify1002/gcc/lean4-src/stage0/src/../stdlib//Std/Time/Zoned/Database/Windows.c
[    ] Building /root/verify1002/gcc/lean4-src/stage0/src/../stdlib//Std/Time/Zoned/Offset.c
[    ] Building /root/verify1002/gcc/lean4-src/stage0/src/../stdlib//Std/Time/Zoned/DateTime.c
[    ] Building /root/verify1002/gcc/lean4-src/stage0/src/../stdlib//Std/Time/Zoned/TimeZone.c
[    ] Building /root/verify1002/gcc/lean4-src/stage0/src/../stdlib//Std/Time/Zoned/ZoneRules.c
[    ] Building /root/verify1002/gcc/lean4-src/stage0/src/../stdlib//Std/Time/Zoned/ZonedDateTime.c
[    ] Building /root/verify1002/gcc/lean4-src/stage0/src/../stdlib//Std.c
[    ] Building /root/verify1002/gcc/lean4-src/stage0/src/../stdlib//Lean/AddDecl.c
[    ] Building /root/verify1002/gcc/lean4-src/stage0/src/../stdlib//Lean/Attributes.c
[    ] Building /root/verify1002/gcc/lean4-src/stage0/src/../stdlib//Lean/AuxRecursor.c
[    ] Building /root/verify1002/gcc/lean4-src/stage0/src/../stdlib//Lean/Class.c
[    ] Building /root/verify1002/gcc/lean4-src/stage0/src/../stdlib//Lean/BuiltinDocAttr.c
[    ] Building /root/verify1002/gcc/lean4-src/stage0/src/../stdlib//Lean/Compiler/CSimpAttr.c
[    ] Building /root/verify1002/gcc/lean4-src/stage0/src/../stdlib//Lean/Compiler/BorrowedAnnotation.c
[    ] Building /root/verify1002/gcc/lean4-src/stage0/src/../stdlib//Lean/Compiler.c
[    ] Building /root/verify1002/gcc/lean4-src/stage0/src/../stdlib//Lean/Compiler/IR/LLVMBindings.c
[    ] Building /root/verify1002/gcc/lean4-src/stage0/src/../stdlib//Lean/Compiler/ClosedTermCache.c
[    ] Building /root/verify1002/gcc/lean4-src/stage0/src/../stdlib//Lean/Compiler/ExportAttr.c
[    ] Building /root/verify1002/gcc/lean4-src/stage0/src/../stdlib//Lean/Compiler/IR.c
[    ] Building /root/verify1002/gcc/lean4-src/stage0/src/../stdlib//Lean/Compiler/FFI.c
[    ] Building /root/verify1002/gcc/lean4-src/stage0/src/../stdlib//Lean/Compiler/ExternAttr.c
[    ] Building /root/verify1002/gcc/lean4-src/stage0/src/../stdlib//Lean/Compiler/IR/AddExtern.c
[    ] Building /root/verify1002/gcc/lean4-src/stage0/src/../stdlib//Lean/Compiler/IR/Basic.c
[    ] Building /root/verify1002/gcc/lean4-src/stage0/src/../stdlib//Lean/Compiler/IR/Borrow.c
[    ] Building /root/verify1002/gcc/lean4-src/stage0/src/../stdlib//Lean/Compiler/IR/Boxing.c
[    ] Building /root/verify1002/gcc/lean4-src/stage0/src/../stdlib//Lean/Compiler/IR/Checker.c
[    ] Building /root/verify1002/gcc/lean4-src/stage0/src/../stdlib//Lean/Compiler/IR/CompilerM.c
[    ] Building /root/verify1002/gcc/lean4-src/stage0/src/../stdlib//Lean/Compiler/IR/ElimDeadVars.c
[    ] Building /root/verify1002/gcc/lean4-src/stage0/src/../stdlib//Lean/Compiler/IR/EmitC.c
[    ] Building /root/verify1002/gcc/lean4-src/stage0/src/../stdlib//Lean/Compiler/IR/EmitLLVM.c
[    ] Building /root/verify1002/gcc/lean4-src/stage0/src/../stdlib//Lean/Compiler/IR/EmitUtil.c
[    ] Building /root/verify1002/gcc/lean4-src/stage0/src/../stdlib//Lean/Compiler/IR/ExpandResetReuse.c
[    ] Building /root/verify1002/gcc/lean4-src/stage0/src/../stdlib//Lean/Compiler/LCNF/Simp.c
[    ] Building /root/verify1002/gcc/lean4-src/stage0/src/../stdlib//Lean/Compiler/IR/FreeVars.c
[    ] Building /root/verify1002/gcc/lean4-src/stage0/src/../stdlib//Lean/Compiler/IR/Format.c
[    ] Building /root/verify1002/gcc/lean4-src/stage0/src/../stdlib//Lean/Compiler/IR/LiveVars.c
[    ] Building /root/verify1002/gcc/lean4-src/stage0/src/../stdlib//Lean/Compiler/IR/Meta.c
[    ] Building /root/verify1002/gcc/lean4-src/stage0/src/../stdlib//Lean/Compiler/IR/NormIds.c
[    ] Building /root/verify1002/gcc/lean4-src/stage0/src/../stdlib//Lean/Compiler/IR/PushProj.c
[    ] Building /root/verify1002/gcc/lean4-src/stage0/src/../stdlib//Lean/Compiler/LCNF/ToMono.c
[    ] Building /root/verify1002/gcc/lean4-src/stage0/src/../stdlib//Lean/Compiler/IR/RC.c
[    ] Building /root/verify1002/gcc/lean4-src/stage0/src/../stdlib//Lean/Compiler/IR/ResetReuse.c
[    ] Building /root/verify1002/gcc/lean4-src/stage0/src/../stdlib//Lean/Compiler/IR/SimpCase.c
[    ] Building /root/verify1002/gcc/lean4-src/stage0/src/../stdlib//Lean/Compiler/IR/Sorry.c
[    ] Building /root/verify1002/gcc/lean4-src/stage0/src/../stdlib//Lean/Compiler/IR/ToIRType.c
[    ] Building /root/verify1002/gcc/lean4-src/stage0/src/../stdlib//Lean/Compiler/IR/ToIR.c
[    ] Building /root/verify1002/gcc/lean4-src/stage0/src/../stdlib//Lean/Compiler/IR/Toposort.c
[    ] Building /root/verify1002/gcc/lean4-src/stage0/src/../stdlib//Lean/Compiler/IR/UnboxResult.c
[    ] Building /root/verify1002/gcc/lean4-src/stage0/src/../stdlib//Lean/Compiler/ImplementedByAttr.c
[    ] Building /root/verify1002/gcc/lean4-src/stage0/src/../stdlib//Lean/Compiler/InitAttr.c
[    ] Building /root/verify1002/gcc/lean4-src/stage0/src/../stdlib//Lean/Compiler/InlineAttrs.c
[    ] Building /root/verify1002/gcc/lean4-src/stage0/src/../stdlib//Lean/Compiler/LCNF.c
[    ] Building /root/verify1002/gcc/lean4-src/stage0/src/../stdlib//Lean/Compiler/LCNF/AlphaEqv.c
[    ] Building /root/verify1002/gcc/lean4-src/stage0/src/../stdlib//Lean/Compiler/LCNF/AuxDeclCache.c
[    ] Building /root/verify1002/gcc/lean4-src/stage0/src/../stdlib//Lean/Compiler/LCNF/BaseTypes.c
[    ] Building /root/verify1002/gcc/lean4-src/stage0/src/../stdlib//Lean/Data/NameTrie.c
[    ] Building /root/verify1002/gcc/lean4-src/stage0/src/../stdlib//Lean/Compiler/LCNF/Basic.c
[    ] Building /root/verify1002/gcc/lean4-src/stage0/src/../stdlib//Lean/Compiler/LCNF/CSE.c
[    ] Building /root/verify1002/gcc/lean4-src/stage0/src/../stdlib//Lean/Compiler/LCNF/Check.c
[    ] Building /root/verify1002/gcc/lean4-src/stage0/src/../stdlib//Lean/Compiler/LCNF/Bind.c
[    ] Building /root/verify1002/gcc/lean4-src/stage0/src/../stdlib//Lean/Compiler/LCNF/Closure.c
[    ] Building /root/verify1002/gcc/lean4-src/stage0/src/../stdlib//Lean/Compiler/LCNF/CompatibleTypes.c
[    ] Building /root/verify1002/gcc/lean4-src/stage0/src/../stdlib//Lean/Compiler/LCNF/CompilerM.c
[    ] Building /root/verify1002/gcc/lean4-src/stage0/src/../stdlib//Lean/Compiler/LCNF/ConfigOptions.c
[    ] Building /root/verify1002/gcc/lean4-src/stage0/src/../stdlib//Lean/Compiler/LCNF/DeclHash.c
[    ] Building /root/verify1002/gcc/lean4-src/stage0/src/../stdlib//Lean/Compiler/LCNF/DependsOn.c
[    ] Building /root/verify1002/gcc/lean4-src/stage0/src/../stdlib//Lean/Compiler/LCNF/ElimDead.c
[    ] Building /root/verify1002/gcc/lean4-src/stage0/src/../stdlib//Lean/Compiler/LCNF/ElimDeadBranches.c
[    ] Building /root/verify1002/gcc/lean4-src/stage0/src/../stdlib//Lean/Compiler/LCNF/ExtractClosed.c
[    ] Building /root/verify1002/gcc/lean4-src/stage0/src/../stdlib//Lean/Compiler/LCNF/FVarUtil.c
[    ] Building /root/verify1002/gcc/lean4-src/stage0/src/../stdlib//Lean/Compiler/LCNF/FixedParams.c
[    ] Building /root/verify1002/gcc/lean4-src/stage0/src/../stdlib//Lean/Compiler/LCNF/FloatLetIn.c
[    ] Building /root/verify1002/gcc/lean4-src/stage0/src/../stdlib//Lean/Compiler/LCNF/InferType.c
[    ] Building /root/verify1002/gcc/lean4-src/stage0/src/../stdlib//Lean/Compiler/LCNF/Internalize.c
[    ] Building /root/verify1002/gcc/lean4-src/stage0/src/../stdlib//Lean/Compiler/LCNF/Irrelevant.c
[    ] Building /root/verify1002/gcc/lean4-src/stage0/src/../stdlib//Lean/Compiler/LCNF/JoinPoints.c
[    ] Building /root/verify1002/gcc/lean4-src/stage0/src/../stdlib//Lean/Compiler/LCNF/LCtx.c
[    ] Building /root/verify1002/gcc/lean4-src/stage0/src/../stdlib//Lean/Compiler/LCNF/LambdaLifting.c
[    ] Building /root/verify1002/gcc/lean4-src/stage0/src/../stdlib//Lean/Elab/Deriving/Util.c
[    ] Building /root/verify1002/gcc/lean4-src/stage0/src/../stdlib//Lean/Compiler/LCNF/Level.c
[    ] Building /root/verify1002/gcc/lean4-src/stage0/src/../stdlib//Lean/Compiler/LCNF/Main.c
[    ] Building /root/verify1002/gcc/lean4-src/stage0/src/../stdlib//Lean/Compiler/LCNF/MonadScope.c
[    ] Building /root/verify1002/gcc/lean4-src/stage0/src/../stdlib//Lean/Compiler/LCNF/MonoTypes.c
[    ] Building /root/verify1002/gcc/lean4-src/stage0/src/../stdlib//Lean/Compiler/LCNF/OtherDecl.c
[    ] Building /root/verify1002/gcc/lean4-src/stage0/src/../stdlib//Lean/Compiler/LCNF/PassManager.c
[    ] Building /root/verify1002/gcc/lean4-src/stage0/src/../stdlib//Lean/Compiler/LCNF/Passes.c
[    ] Building /root/verify1002/gcc/lean4-src/stage0/src/../stdlib//Lean/Compiler/LCNF/PhaseExt.c
[    ] Building /root/verify1002/gcc/lean4-src/stage0/src/../stdlib//Lean/Compiler/LCNF/PrettyPrinter.c
[    ] Building /root/verify1002/gcc/lean4-src/stage0/src/../stdlib//Lean/Compiler/LCNF/Probing.c
[    ] Building /root/verify1002/gcc/lean4-src/stage0/src/../stdlib//Lean/Compiler/LCNF/PullFunDecls.c
[    ] Building /root/verify1002/gcc/lean4-src/stage0/src/../stdlib//Lean/Compiler/LCNF/PullLetDecls.c
[    ] Building /root/verify1002/gcc/lean4-src/stage0/src/../stdlib//Lean/Compiler/LCNF/ReduceArity.c
[    ] Building /root/verify1002/gcc/lean4-src/stage0/src/../stdlib//Lean/Compiler/LCNF/ReduceJpArity.c
[    ] Building /root/verify1002/gcc/lean4-src/stage0/src/../stdlib//Lean/Compiler/LCNF/Renaming.c
[    ] Building /root/verify1002/gcc/lean4-src/stage0/src/../stdlib//Lean/Compiler/LCNF/ScopeM.c
[    ] Building /root/verify1002/gcc/lean4-src/stage0/src/../stdlib//Lean/Compiler/LCNF/Simp/Basic.c
[    ] Building /root/verify1002/gcc/lean4-src/stage0/src/../stdlib//Lean/Compiler/LCNF/Simp/Config.c
[    ] Building /root/verify1002/gcc/lean4-src/stage0/src/../stdlib//Lean/Compiler/LCNF/Simp/ConstantFold.c
[    ] Building /root/verify1002/gcc/lean4-src/stage0/src/../stdlib//Lean/Compiler/LCNF/Simp/DefaultAlt.c
[    ] Building /root/verify1002/gcc/lean4-src/stage0/src/../stdlib//Lean/Compiler/LCNF/Simp/DiscrM.c
[    ] Building /root/verify1002/gcc/lean4-src/stage0/src/../stdlib//Lean/Compiler/LCNF/Simp/FunDeclInfo.c
[    ] Building /root/verify1002/gcc/lean4-src/stage0/src/../stdlib//Lean/Compiler/LCNF/Simp/InlineCandidate.c
[    ] Building /root/verify1002/gcc/lean4-src/stage0/src/../stdlib//Lean/Compiler/LCNF/Simp/InlineProj.c
[    ] Building /root/verify1002/gcc/lean4-src/stage0/src/../stdlib//Lean/Compiler/LCNF/Simp/JpCases.c
[    ] Building /root/verify1002/gcc/lean4-src/stage0/src/../stdlib//Lean/Compiler/LCNF/Simp/Main.c
[    ] Building /root/verify1002/gcc/lean4-src/stage0/src/../stdlib//Lean/Compiler/LCNF/Simp/SimpM.c
[    ] Building /root/verify1002/gcc/lean4-src/stage0/src/../stdlib//Lean/Compiler/LCNF/Simp/SimpValue.c
[    ] Building /root/verify1002/gcc/lean4-src/stage0/src/../stdlib//Lean/Compiler/LCNF/Simp/Used.c
[    ] Building /root/verify1002/gcc/lean4-src/stage0/src/../stdlib//Lean/Compiler/LCNF/SpecInfo.c
[    ] Building /root/verify1002/gcc/lean4-src/stage0/src/../stdlib//Lean/Compiler/LCNF/Specialize.c
[    ] Building /root/verify1002/gcc/lean4-src/stage0/src/../stdlib//Lean/Compiler/LCNF/StructProjCases.c
[    ] Building /root/verify1002/gcc/lean4-src/stage0/src/../stdlib//Lean/Compiler/LCNF/Testing.c
[    ] Building /root/verify1002/gcc/lean4-src/stage0/src/../stdlib//Lean/Compiler/LCNF/ToDecl.c
[    ] Building /root/verify1002/gcc/lean4-src/stage0/src/../stdlib//Lean/Compiler/LCNF/ToExpr.c
[    ] Building /root/verify1002/gcc/lean4-src/stage0/src/../stdlib//Lean/Compiler/LCNF/ToLCNF.c
[    ] Building /root/verify1002/gcc/lean4-src/stage0/src/../stdlib//Lean/Compiler/LCNF/Types.c
[    ] Building /root/verify1002/gcc/lean4-src/stage0/src/../stdlib//Lean/Compiler/LCNF/Util.c
[    ] Building /root/verify1002/gcc/lean4-src/stage0/src/../stdlib//Lean/Compiler/Main.c
[    ] Building /root/verify1002/gcc/lean4-src/stage0/src/../stdlib//Lean/Compiler/LCNF/Visibility.c
[    ] Building /root/verify1002/gcc/lean4-src/stage0/src/../stdlib//Lean/Compiler/ModPkgExt.c
[    ] Building /root/verify1002/gcc/lean4-src/stage0/src/../stdlib//Lean/Compiler/MetaAttr.c
[    ] Building /root/verify1002/gcc/lean4-src/stage0/src/../stdlib//Lean/Compiler/NameMangling.c
[    ] Building /root/verify1002/gcc/lean4-src/stage0/src/../stdlib//Lean/Compiler/NeverExtractAttr.c
[    ] Building /root/verify1002/gcc/lean4-src/stage0/src/../stdlib//Lean/Compiler/NoncomputableAttr.c
[    ] Building /root/verify1002/gcc/lean4-src/stage0/src/../stdlib//Lean/Compiler/Old.c
[    ] Building /root/verify1002/gcc/lean4-src/stage0/src/../stdlib//Lean/Compiler/Options.c
[    ] Building /root/verify1002/gcc/lean4-src/stage0/src/../stdlib//Lean/Compiler/Specialize.c
[    ] Building /root/verify1002/gcc/lean4-src/stage0/src/../stdlib//Lean/CoreM.c
[    ] Building /root/verify1002/gcc/lean4-src/stage0/src/../stdlib//Lean/Data.c
[    ] Building /root/verify1002/gcc/lean4-src/stage0/src/../stdlib//Lean/Data/Array.c
[    ] Building /root/verify1002/gcc/lean4-src/stage0/src/../stdlib//Lean/Data/AssocList.c
[    ] Building /root/verify1002/gcc/lean4-src/stage0/src/../stdlib//Lean/Data/DeclarationRange.c
[    ] Building /root/verify1002/gcc/lean4-src/stage0/src/../stdlib//Lean/Data/Format.c
[    ] Building /root/verify1002/gcc/lean4-src/stage0/src/../stdlib//Lean/Data/EditDistance.c
[    ] Building /root/verify1002/gcc/lean4-src/stage0/src/../stdlib//Lean/Data/FuzzyMatching.c
[    ] Building /root/verify1002/gcc/lean4-src/stage0/src/../stdlib//Lean/Data/Json.c
[    ] Building /root/verify1002/gcc/lean4-src/stage0/src/../stdlib//Lean/Data/Json/Basic.c
[    ] Building /root/verify1002/gcc/lean4-src/stage0/src/../stdlib//Lean/Data/Json/Elab.c
[    ] Building /root/verify1002/gcc/lean4-src/stage0/src/../stdlib//Lean/Data/Json/FromToJson.c
[    ] Building /root/verify1002/gcc/lean4-src/stage0/src/../stdlib//Lean/Data/Json/FromToJson/Basic.c
[    ] Building /root/verify1002/gcc/lean4-src/stage0/src/../stdlib//Lean/Data/Json/FromToJson/Extra.c
[    ] Building /root/verify1002/gcc/lean4-src/stage0/src/../stdlib//Lean/Data/Json/Parser.c
[    ] Building /root/verify1002/gcc/lean4-src/stage0/src/../stdlib//Lean/Data/Json/Printer.c
[    ] Building /root/verify1002/gcc/lean4-src/stage0/src/../stdlib//Lean/Data/Json/Stream.c
[    ] Building /root/verify1002/gcc/lean4-src/stage0/src/../stdlib//Lean/Data/JsonRpc.c
[    ] Building /root/verify1002/gcc/lean4-src/stage0/src/../stdlib//Lean/Data/KVMap.c
[    ] Building /root/verify1002/gcc/lean4-src/stage0/src/../stdlib//Lean/Data/LBool.c
[    ] Building /root/verify1002/gcc/lean4-src/stage0/src/../stdlib//Lean/Data/LOption.c
[    ] Building /root/verify1002/gcc/lean4-src/stage0/src/../stdlib//Lean/Data/Lsp.c
[    ] Building /root/verify1002/gcc/lean4-src/stage0/src/../stdlib//Lean/Data/Lsp/Basic.c
[    ] Building /root/verify1002/gcc/lean4-src/stage0/src/../stdlib//Lean/Data/Lsp/BasicAux.c
[    ] Building /root/verify1002/gcc/lean4-src/stage0/src/../stdlib//Lean/Data/Lsp/CancelParams.c
[    ] Building /root/verify1002/gcc/lean4-src/stage0/src/../stdlib//Lean/Data/Lsp/Client.c
[    ] Building /root/verify1002/gcc/lean4-src/stage0/src/../stdlib//Lean/Data/Lsp/Capabilities.c
[    ] Building /root/verify1002/gcc/lean4-src/stage0/src/../stdlib//Lean/Data/Lsp/CodeActions.c
[    ] Building /root/verify1002/gcc/lean4-src/stage0/src/../stdlib//Lean/Data/Lsp/Communication.c
[    ] Building /root/verify1002/gcc/lean4-src/stage0/src/../stdlib//Lean/Data/Lsp/Diagnostics.c
[    ] Building /root/verify1002/gcc/lean4-src/stage0/src/../stdlib//Lean/Data/Lsp/Extra.c
[    ] Building /root/verify1002/gcc/lean4-src/stage0/src/../stdlib//Lean/Data/Lsp/InitShutdown.c
[    ] Building /root/verify1002/gcc/lean4-src/stage0/src/../stdlib//Lean/Data/Lsp/Internal.c
[    ] Building /root/verify1002/gcc/lean4-src/stage0/src/../stdlib//Lean/Data/Lsp/Ipc.c
[    ] Building /root/verify1002/gcc/lean4-src/stage0/src/../stdlib//Lean/Data/Lsp/LanguageFeatures.c
[    ] Building /root/verify1002/gcc/lean4-src/stage0/src/../stdlib//Lean/Data/Lsp/TextSync.c
[    ] Building /root/verify1002/gcc/lean4-src/stage0/src/../stdlib//Lean/Data/Lsp/Utf16.c
[    ] Building /root/verify1002/gcc/lean4-src/stage0/src/../stdlib//Lean/Data/Lsp/Window.c
[    ] Building /root/verify1002/gcc/lean4-src/stage0/src/../stdlib//Lean/Data/Lsp/Workspace.c
[    ] Building /root/verify1002/gcc/lean4-src/stage0/src/../stdlib//Lean/Data/Name.c
[    ] Building /root/verify1002/gcc/lean4-src/stage0/src/../stdlib//Lean/Data/NameMap.c
[    ] Building /root/verify1002/gcc/lean4-src/stage0/src/../stdlib//Lean/Data/NameMap/AdditionalOperations.c
[    ] Building /root/verify1002/gcc/lean4-src/stage0/src/../stdlib//Lean/Data/NameMap/Basic.c
[    ] Building /root/verify1002/gcc/lean4-src/stage0/src/../stdlib//Lean/Data/OpenDecl.c
[    ] Building /root/verify1002/gcc/lean4-src/stage0/src/../stdlib//Lean/Data/Options.c
[    ] Building /root/verify1002/gcc/lean4-src/stage0/src/../stdlib//Lean/Data/PersistentArray.c
[    ] Building /root/verify1002/gcc/lean4-src/stage0/src/../stdlib//Lean/Data/PersistentHashMap.c
[    ] Building /root/verify1002/gcc/lean4-src/stage0/src/../stdlib//Lean/Data/PersistentHashSet.c
[    ] Building /root/verify1002/gcc/lean4-src/stage0/src/../stdlib//Lean/Data/Position.c
[    ] Building /root/verify1002/gcc/lean4-src/stage0/src/../stdlib//Lean/Data/PrefixTree.c
[    ] Building /root/verify1002/gcc/lean4-src/stage0/src/../stdlib//Lean/Data/RArray.c
[    ] Building /root/verify1002/gcc/lean4-src/stage0/src/../stdlib//Lean/Data/RBMap.c
[    ] Building /root/verify1002/gcc/lean4-src/stage0/src/../stdlib//Lean/Data/RBTree.c
[    ] Building /root/verify1002/gcc/lean4-src/stage0/src/../stdlib//Lean/Data/SMap.c
[    ] Building /root/verify1002/gcc/lean4-src/stage0/src/../stdlib//Lean/Data/SSet.c
[    ] Building /root/verify1002/gcc/lean4-src/stage0/src/../stdlib//Lean/Data/Trie.c
[    ] Building /root/verify1002/gcc/lean4-src/stage0/src/../stdlib//Lean/Data/Xml/Basic.c
[    ] Building /root/verify1002/gcc/lean4-src/stage0/src/../stdlib//Lean/Data/Xml.c
[    ] Building /root/verify1002/gcc/lean4-src/stage0/src/../stdlib//Lean/Data/Xml/Parser.c
[    ] Building /root/verify1002/gcc/lean4-src/stage0/src/../stdlib//Lean/Declaration.c
[    ] Building /root/verify1002/gcc/lean4-src/stage0/src/../stdlib//Lean/DeclarationRange.c
[    ] Building /root/verify1002/gcc/lean4-src/stage0/src/../stdlib//Lean/DefEqAttrib.c
[    ] Building /root/verify1002/gcc/lean4-src/stage0/src/../stdlib//Lean/DocString.c
[    ] Building /root/verify1002/gcc/lean4-src/stage0/src/../stdlib//Lean/DocString/Add.c
[    ] Building /root/verify1002/gcc/lean4-src/stage0/src/../stdlib//Lean/DocString/Extension.c
[    ] Building /root/verify1002/gcc/lean4-src/stage0/src/../stdlib//Lean/DocString/Formatter.c
[    ] Building /root/verify1002/gcc/lean4-src/stage0/src/../stdlib//Lean/DocString/Links.c
[    ] Building /root/verify1002/gcc/lean4-src/stage0/src/../stdlib//Lean/DocString/Markdown.c
[    ] Building /root/verify1002/gcc/lean4-src/stage0/src/../stdlib//Lean/DocString/Parser.c
[    ] Building /root/verify1002/gcc/lean4-src/stage0/src/../stdlib//Lean/DocString/Syntax.c
[    ] Building /root/verify1002/gcc/lean4-src/stage0/src/../stdlib//Lean/DocString/Types.c
[    ] Building /root/verify1002/gcc/lean4-src/stage0/src/../stdlib//Lean/Elab.c
[    ] Building /root/verify1002/gcc/lean4-src/stage0/src/../stdlib//Lean/Elab/App.c
[    ] Building /root/verify1002/gcc/lean4-src/stage0/src/../stdlib//Lean/Elab/Arg.c
[    ] Building /root/verify1002/gcc/lean4-src/stage0/src/../stdlib//Lean/Elab/Attributes.c
[    ] Building /root/verify1002/gcc/lean4-src/stage0/src/../stdlib//Lean/Elab/AutoBound.c
[    ] Building /root/verify1002/gcc/lean4-src/stage0/src/../stdlib//Lean/Elab/AuxDef.c
[    ] Building /root/verify1002/gcc/lean4-src/stage0/src/../stdlib//Lean/Elab/BinderPredicates.c
[    ] Building /root/verify1002/gcc/lean4-src/stage0/src/../stdlib//Lean/Elab/Binders.c
[    ] Building /root/verify1002/gcc/lean4-src/stage0/src/../stdlib//Lean/Elab/BindersUtil.c
[    ] Building /root/verify1002/gcc/lean4-src/stage0/src/../stdlib//Lean/Elab/BuiltinCommand.c
[    ] Building /root/verify1002/gcc/lean4-src/stage0/src/../stdlib//Lean/Elab/BuiltinEvalCommand.c
[    ] Building /root/verify1002/gcc/lean4-src/stage0/src/../stdlib//Lean/Elab/BuiltinNotation.c
[    ] Building /root/verify1002/gcc/lean4-src/stage0/src/../stdlib//Lean/Elab/BuiltinTerm.c
[    ] Building /root/verify1002/gcc/lean4-src/stage0/src/../stdlib//Lean/Elab/Calc.c
[    ] Building /root/verify1002/gcc/lean4-src/stage0/src/../stdlib//Lean/Elab/CheckTactic.c
[    ] Building /root/verify1002/gcc/lean4-src/stage0/src/../stdlib//Lean/Elab/Coinductive.c
[    ] Building /root/verify1002/gcc/lean4-src/stage0/src/../stdlib//Lean/Elab/Command.c
[    ] Building /root/verify1002/gcc/lean4-src/stage0/src/../stdlib//Lean/Elab/Command/Scope.c
[    ] Building /root/verify1002/gcc/lean4-src/stage0/src/../stdlib//Lean/Elab/Command/WithWeakNamespace.c
[    ] Building /root/verify1002/gcc/lean4-src/stage0/src/../stdlib//Lean/Elab/ComputedFields.c
[    ] Building /root/verify1002/gcc/lean4-src/stage0/src/../stdlib//Lean/Elab/Config.c
[    ] Building /root/verify1002/gcc/lean4-src/stage0/src/../stdlib//Lean/Elab/DeclModifiers.c
[    ] Building /root/verify1002/gcc/lean4-src/stage0/src/../stdlib//Lean/Elab/DeclNameGen.c
[    ] Building /root/verify1002/gcc/lean4-src/stage0/src/../stdlib//Lean/Elab/DeclUtil.c
[    ] Building /root/verify1002/gcc/lean4-src/stage0/src/../stdlib//Lean/Elab/Declaration.c
[    ] Building /root/verify1002/gcc/lean4-src/stage0/src/../stdlib//Lean/Elab/DeclarationRange.c
[    ] Building /root/verify1002/gcc/lean4-src/stage0/src/../stdlib//Lean/Elab/DefView.c
[    ] Building /root/verify1002/gcc/lean4-src/stage0/src/../stdlib//Lean/Elab/Deriving.c
[    ] Building /root/verify1002/gcc/lean4-src/stage0/src/../stdlib//Lean/Elab/Deriving/BEq.c
[    ] Building /root/verify1002/gcc/lean4-src/stage0/src/../stdlib//Lean/Elab/Deriving/Basic.c
[    ] Building /root/verify1002/gcc/lean4-src/stage0/src/../stdlib//Lean/Elab/Deriving/DecEq.c
[    ] Building /root/verify1002/gcc/lean4-src/stage0/src/../stdlib//Lean/Elab/Deriving/FromToJson.c
[    ] Building /root/verify1002/gcc/lean4-src/stage0/src/../stdlib//Lean/Elab/Deriving/Hashable.c
[    ] Building /root/verify1002/gcc/lean4-src/stage0/src/../stdlib//Lean/Elab/Deriving/Inhabited.c
[    ] Building /root/verify1002/gcc/lean4-src/stage0/src/../stdlib//Lean/Elab/Deriving/LawfulBEq.c
[    ] Building /root/verify1002/gcc/lean4-src/stage0/src/../stdlib//Lean/Elab/Deriving/Nonempty.c
[    ] Building /root/verify1002/gcc/lean4-src/stage0/src/../stdlib//Lean/Elab/Deriving/Ord.c
[    ] Building /root/verify1002/gcc/lean4-src/stage0/src/../stdlib//Lean/Elab/Deriving/ReflBEq.c
[    ] Building /root/verify1002/gcc/lean4-src/stage0/src/../stdlib//Lean/Elab/Deriving/Repr.c
[    ] Building /root/verify1002/gcc/lean4-src/stage0/src/../stdlib//Lean/Elab/Deriving/SizeOf.c
[    ] Building /root/verify1002/gcc/lean4-src/stage0/src/../stdlib//Lean/Elab/Deriving/ToExpr.c
[    ] Building /root/verify1002/gcc/lean4-src/stage0/src/../stdlib//Lean/Elab/Deriving/TypeName.c
[    ] Building /root/verify1002/gcc/lean4-src/stage0/src/../stdlib//Lean/Elab/Do.c
[    ] Building /root/verify1002/gcc/lean4-src/stage0/src/../stdlib//Lean/Elab/Do/Basic.c
[    ] Building /root/verify1002/gcc/lean4-src/stage0/src/../stdlib//Lean/Elab/Do/Legacy.c
[    ] Building /root/verify1002/gcc/lean4-src/stage0/src/../stdlib//Lean/Elab/Do/Switch.c
[    ] Building /root/verify1002/gcc/lean4-src/stage0/src/../stdlib//Lean/Elab/DocString.c
[    ] Building /root/verify1002/gcc/lean4-src/stage0/src/../stdlib//Lean/Elab/DocString/Builtin.c
[    ] Building /root/verify1002/gcc/lean4-src/stage0/src/../stdlib//Lean/Elab/DocString/Builtin/Keywords.c
[    ] Building /root/verify1002/gcc/lean4-src/stage0/src/../stdlib//Lean/Elab/DocString/Builtin/Parsing.c
[    ] Building /root/verify1002/gcc/lean4-src/stage0/src/../stdlib//Lean/Elab/DocString/Builtin/Scopes.c
[    ] Building /root/verify1002/gcc/lean4-src/stage0/src/../stdlib//Lean/Elab/DocString/Builtin/Postponed.c
[    ] Building /root/verify1002/gcc/lean4-src/stage0/src/../stdlib//Lean/Elab/ElabRules.c
[    ] Building /root/verify1002/gcc/lean4-src/stage0/src/../stdlib//Lean/Elab/ErrorExplanation.c
[    ] Building /root/verify1002/gcc/lean4-src/stage0/src/../stdlib//Lean/Elab/ErrorUtils.c
[    ] Building /root/verify1002/gcc/lean4-src/stage0/src/../stdlib//Lean/Elab/Eval.c
[    ] Building /root/verify1002/gcc/lean4-src/stage0/src/../stdlib//Lean/Elab/Exception.c
[    ] Building /root/verify1002/gcc/lean4-src/stage0/src/../stdlib//Lean/Elab/Extra.c
[    ] Building /root/verify1002/gcc/lean4-src/stage0/src/../stdlib//Lean/Elab/Frontend.c
[    ] Building /root/verify1002/gcc/lean4-src/stage0/src/../stdlib//Lean/Elab/GenInjective.c
[    ] Building /root/verify1002/gcc/lean4-src/stage0/src/../stdlib//Lean/Elab/GuardMsgs.c
[    ] Building /root/verify1002/gcc/lean4-src/stage0/src/../stdlib//Lean/Elab/Import.c
[    ] Building /root/verify1002/gcc/lean4-src/stage0/src/../stdlib//Lean/Elab/Inductive.c
[    ] Building /root/verify1002/gcc/lean4-src/stage0/src/../stdlib//Lean/Elab/InfoTree.c
[    ] Building /root/verify1002/gcc/lean4-src/stage0/src/../stdlib//Lean/Elab/InfoTree/InlayHints.c
[    ] Building /root/verify1002/gcc/lean4-src/stage0/src/../stdlib//Lean/Elab/InfoTree/Main.c
[    ] Building /root/verify1002/gcc/lean4-src/stage0/src/../stdlib//Lean/Elab/InfoTree/Types.c
[    ] Building /root/verify1002/gcc/lean4-src/stage0/src/../stdlib//Lean/Elab/InfoTrees.c
[    ] Building /root/verify1002/gcc/lean4-src/stage0/src/../stdlib//Lean/Elab/InheritDoc.c
[    ] Building /root/verify1002/gcc/lean4-src/stage0/src/../stdlib//Lean/Elab/LetRec.c
[    ] Building /root/verify1002/gcc/lean4-src/stage0/src/../stdlib//Lean/Elab/Level.c
[    ] Building /root/verify1002/gcc/lean4-src/stage0/src/../stdlib//Lean/Elab/Macro.c
[    ] Building /root/verify1002/gcc/lean4-src/stage0/src/../stdlib//Lean/Elab/MacroArgUtil.c
[    ] Building /root/verify1002/gcc/lean4-src/stage0/src/../stdlib//Lean/Elab/MacroRules.c
[    ] Building /root/verify1002/gcc/lean4-src/stage0/src/../stdlib//Lean/Elab/Match.c
[    ] Building /root/verify1002/gcc/lean4-src/stage0/src/../stdlib//Lean/Elab/MatchAltView.c
[    ] Building /root/verify1002/gcc/lean4-src/stage0/src/../stdlib//Lean/Elab/MatchExpr.c
[    ] Building /root/verify1002/gcc/lean4-src/stage0/src/../stdlib//Lean/Elab/Mixfix.c
[    ] Building /root/verify1002/gcc/lean4-src/stage0/src/../stdlib//Lean/Elab/MutualDef.c
[    ] Building /root/verify1002/gcc/lean4-src/stage0/src/../stdlib//Lean/Elab/MutualInductive.c
[    ] Building /root/verify1002/gcc/lean4-src/stage0/src/../stdlib//Lean/Elab/Open.c
[    ] Building /root/verify1002/gcc/lean4-src/stage0/src/../stdlib//Lean/Elab/Notation.c
[    ] Building /root/verify1002/gcc/lean4-src/stage0/src/../stdlib//Lean/Elab/Parallel.c
[    ] Building /root/verify1002/gcc/lean4-src/stage0/src/../stdlib//Lean/Elab/ParseImportsFast.c
[    ] Building /root/verify1002/gcc/lean4-src/stage0/src/../stdlib//Lean/Elab/PreDefinition/Basic.c
[    ] Building /root/verify1002/gcc/lean4-src/stage0/src/../stdlib//Lean/Elab/PreDefinition/EqUnfold.c
[    ] Building /root/verify1002/gcc/lean4-src/stage0/src/../stdlib//Lean/Elab/PatternVar.c
[    ] Building /root/verify1002/gcc/lean4-src/stage0/src/../stdlib//Lean/Elab/PreDefinition.c
[    ] Building /root/verify1002/gcc/lean4-src/stage0/src/../stdlib//Lean/Elab/PreDefinition/Eqns.c
[    ] Building /root/verify1002/gcc/lean4-src/stage0/src/../stdlib//Lean/Elab/PreDefinition/EqnsUtils.c
[    ] Building /root/verify1002/gcc/lean4-src/stage0/src/../stdlib//Lean/Elab/PreDefinition/Main.c
[    ] Building /root/verify1002/gcc/lean4-src/stage0/src/../stdlib//Lean/Elab/PreDefinition/PartialFixpoint.c
[    ] Building /root/verify1002/gcc/lean4-src/stage0/src/../stdlib//Lean/Elab/PreDefinition/Mutual.c
[    ] Building /root/verify1002/gcc/lean4-src/stage0/src/../stdlib//Lean/Elab/PreDefinition/FixedParams.c
[    ] Building /root/verify1002/gcc/lean4-src/stage0/src/../stdlib//Lean/Elab/PreDefinition/PartialFixpoint/Induction.c
[    ] Building /root/verify1002/gcc/lean4-src/stage0/src/../stdlib//Lean/Elab/PreDefinition/PartialFixpoint/Eqns.c
[    ] Building /root/verify1002/gcc/lean4-src/stage0/src/../stdlib//Lean/Elab/PreDefinition/PartialFixpoint/Main.c
[    ] Building /root/verify1002/gcc/lean4-src/stage0/src/../stdlib//Lean/Elab/PreDefinition/MkInhabitant.c
[    ] Building /root/verify1002/gcc/lean4-src/stage0/src/../stdlib//Lean/Elab/PreDefinition/Structural.c
[    ] Building /root/verify1002/gcc/lean4-src/stage0/src/../stdlib//Lean/Elab/PreDefinition/Structural/BRecOn.c
[    ] Building /root/verify1002/gcc/lean4-src/stage0/src/../stdlib//Lean/Elab/PreDefinition/Structural/Basic.c
[    ] Building /root/verify1002/gcc/lean4-src/stage0/src/../stdlib//Lean/Elab/PreDefinition/Structural/Eqns.c
[    ] Building /root/verify1002/gcc/lean4-src/stage0/src/../stdlib//Lean/Elab/PreDefinition/Structural/FindRecArg.c
[    ] Building /root/verify1002/gcc/lean4-src/stage0/src/../stdlib//Lean/Elab/PreDefinition/Structural/IndGroupInfo.c
[    ] Building /root/verify1002/gcc/lean4-src/stage0/src/../stdlib//Lean/Elab/PreDefinition/Structural/Main.c
[    ] Building /root/verify1002/gcc/lean4-src/stage0/src/../stdlib//Lean/Elab/PreDefinition/Structural/IndPred.c
[    ] Building /root/verify1002/gcc/lean4-src/stage0/src/../stdlib//Lean/Elab/PreDefinition/Structural/Preprocess.c
[    ] Building /root/verify1002/gcc/lean4-src/stage0/src/../stdlib//Lean/Elab/PreDefinition/Structural/RecArgInfo.c
[    ] Building /root/verify1002/gcc/lean4-src/stage0/src/../stdlib//Lean/Elab/PreDefinition/Structural/SmartUnfolding.c
[    ] Building /root/verify1002/gcc/lean4-src/stage0/src/../stdlib//Lean/Elab/PreDefinition/WF.c
[    ] Building /root/verify1002/gcc/lean4-src/stage0/src/../stdlib//Lean/Elab/PreDefinition/TerminationHint.c
[    ] Building /root/verify1002/gcc/lean4-src/stage0/src/../stdlib//Lean/Elab/PreDefinition/TerminationMeasure.c
[    ] Building /root/verify1002/gcc/lean4-src/stage0/src/../stdlib//Lean/Elab/PreDefinition/WF/Basic.c
[    ] Building /root/verify1002/gcc/lean4-src/stage0/src/../stdlib//Lean/Elab/PreDefinition/WF/FloatRecApp.c
[    ] Building /root/verify1002/gcc/lean4-src/stage0/src/../stdlib//Lean/Elab/PreDefinition/WF/Eqns.c
[    ] Building /root/verify1002/gcc/lean4-src/stage0/src/../stdlib//Lean/Elab/PreDefinition/WF/Fix.c
[    ] Building /root/verify1002/gcc/lean4-src/stage0/src/../stdlib//Lean/Elab/PreDefinition/WF/Main.c
[    ] Building /root/verify1002/gcc/lean4-src/stage0/src/../stdlib//Lean/Elab/PreDefinition/WF/GuessLex.c
[    ] Building /root/verify1002/gcc/lean4-src/stage0/src/../stdlib//Lean/Elab/PreDefinition/WF/PackMutual.c
[    ] Building /root/verify1002/gcc/lean4-src/stage0/src/../stdlib//Lean/Elab/PreDefinition/WF/Preprocess.c
[    ] Building /root/verify1002/gcc/lean4-src/stage0/src/../stdlib//Lean/Elab/PreDefinition/WF/Rel.c
[    ] Building /root/verify1002/gcc/lean4-src/stage0/src/../stdlib//Lean/Elab/Print.c
[    ] Building /root/verify1002/gcc/lean4-src/stage0/src/../stdlib//Lean/Elab/PreDefinition/WF/Unfold.c
[    ] Building /root/verify1002/gcc/lean4-src/stage0/src/../stdlib//Lean/Elab/Quotation.c
[    ] Building /root/verify1002/gcc/lean4-src/stage0/src/../stdlib//Lean/Elab/Quotation/Precheck.c
[    ] Building /root/verify1002/gcc/lean4-src/stage0/src/../stdlib//Lean/Elab/RecAppSyntax.c
[    ] Building /root/verify1002/gcc/lean4-src/stage0/src/../stdlib//Lean/Elab/Quotation/Util.c
[    ] Building /root/verify1002/gcc/lean4-src/stage0/src/../stdlib//Lean/Elab/RecommendedSpelling.c
[    ] Building /root/verify1002/gcc/lean4-src/stage0/src/../stdlib//Lean/Elab/StructInstHint.c
[    ] Building /root/verify1002/gcc/lean4-src/stage0/src/../stdlib//Lean/Elab/Structure.c
[    ] Building /root/verify1002/gcc/lean4-src/stage0/src/../stdlib//Lean/Elab/StructInst.c
[    ] Building /root/verify1002/gcc/lean4-src/stage0/src/../stdlib//Lean/Elab/Syntax.c
[    ] Building /root/verify1002/gcc/lean4-src/stage0/src/../stdlib//Lean/Elab/SetOption.c
[    ] Building /root/verify1002/gcc/lean4-src/stage0/src/../stdlib//Lean/Elab/SyntheticMVars.c
[    ] Building /root/verify1002/gcc/lean4-src/stage0/src/../stdlib//Lean/Elab/Tactic.c
[    ] Building /root/verify1002/gcc/lean4-src/stage0/src/../stdlib//Lean/Elab/Tactic/AsAuxLemma.c
[    ] Building /root/verify1002/gcc/lean4-src/stage0/src/../stdlib//Lean/Elab/Tactic/BVDecide/External.c
[    ] Building /root/verify1002/gcc/lean4-src/stage0/src/../stdlib//Lean/Elab/Tactic/BVDecide.c
[    ] Building /root/verify1002/gcc/lean4-src/stage0/src/../stdlib//Lean/Elab/Tactic/BVDecide/Frontend.c
[    ] Building /root/verify1002/gcc/lean4-src/stage0/src/../stdlib//Lean/Elab/Tactic/BVDecide/Frontend/Attr.c
[    ] Building /root/verify1002/gcc/lean4-src/stage0/src/../stdlib//Lean/Elab/Tactic/BVDecide/Frontend/BVCheck.c
[    ] Building /root/verify1002/gcc/lean4-src/stage0/src/../stdlib//Lean/Elab/Tactic/BVDecide/Frontend/BVDecide.c
[    ] Building /root/verify1002/gcc/lean4-src/stage0/src/../stdlib//Lean/Elab/Tactic/BVDecide/Frontend/BVDecide/Reflect.c
[    ] Building /root/verify1002/gcc/lean4-src/stage0/src/../stdlib//Lean/Elab/Tactic/BVDecide/Frontend/BVDecide/ReifiedBVExpr.c
[    ] Building /root/verify1002/gcc/lean4-src/stage0/src/../stdlib//Lean/Elab/Tactic/BVDecide/Frontend/BVDecide/ReifiedBVLogical.c
[    ] Building /root/verify1002/gcc/lean4-src/stage0/src/../stdlib//Lean/Elab/Tactic/BVDecide/Frontend/BVDecide/ReifiedBVPred.c
[    ] Building /root/verify1002/gcc/lean4-src/stage0/src/../stdlib//Lean/Elab/Tactic/BVDecide/Frontend/BVDecide/ReifiedLemmas.c
[    ] Building /root/verify1002/gcc/lean4-src/stage0/src/../stdlib//Lean/Elab/Tactic/BVDecide/Frontend/BVDecide/Reify.c
[    ] Building /root/verify1002/gcc/lean4-src/stage0/src/../stdlib//Lean/Elab/Tactic/BVDecide/Frontend/BVDecide/SatAtBVLogical.c
[    ] Building /root/verify1002/gcc/lean4-src/stage0/src/../stdlib//Lean/Elab/Tactic/BVDecide/Frontend/BVTrace.c
[    ] Building /root/verify1002/gcc/lean4-src/stage0/src/../stdlib//Lean/Elab/Tactic/BVDecide/Frontend/LRAT.c
[    ] Building /root/verify1002/gcc/lean4-src/stage0/src/../stdlib//Lean/Elab/Tactic/BVDecide/Frontend/Normalize.c
[    ] Building /root/verify1002/gcc/lean4-src/stage0/src/../stdlib//Lean/Elab/Tactic/BVDecide/Frontend/Normalize/AC.c
[    ] Building /root/verify1002/gcc/lean4-src/stage0/src/../stdlib//Lean/Elab/Tactic/BVDecide/Frontend/Normalize/AndFlatten.c
[    ] Building /root/verify1002/gcc/lean4-src/stage0/src/../stdlib//Lean/Elab/Tactic/BVDecide/Frontend/Normalize/ApplyControlFlow.c
[    ] Building /root/verify1002/gcc/lean4-src/stage0/src/../stdlib//Lean/Elab/Tactic/BVDecide/Frontend/Normalize/Basic.c
[    ] Building /root/verify1002/gcc/lean4-src/stage0/src/../stdlib//Lean/Elab/Tactic/BVDecide/Frontend/Normalize/EmbeddedConstraint.c
[    ] Building /root/verify1002/gcc/lean4-src/stage0/src/../stdlib//Lean/Elab/Tactic/BVDecide/Frontend/Normalize/Enums.c
[    ] Building /root/verify1002/gcc/lean4-src/stage0/src/../stdlib//Lean/Elab/Tactic/BVDecide/Frontend/Normalize/IntToBitVec.c
[    ] Building /root/verify1002/gcc/lean4-src/stage0/src/../stdlib//Lean/Elab/Tactic/BVDecide/Frontend/Normalize/Rewrite.c
[    ] Building /root/verify1002/gcc/lean4-src/stage0/src/../stdlib//Lean/Elab/Tactic/BVDecide/Frontend/Normalize/ShortCircuit.c
[    ] Building /root/verify1002/gcc/lean4-src/stage0/src/../stdlib//Lean/Elab/Tactic/BVDecide/Frontend/Normalize/Simproc.c
[    ] Building /root/verify1002/gcc/lean4-src/stage0/src/../stdlib//Lean/Elab/Tactic/BVDecide/Frontend/Normalize/Structures.c
[    ] Building /root/verify1002/gcc/lean4-src/stage0/src/../stdlib//Lean/Elab/Tactic/BVDecide/Frontend/Normalize/TypeAnalysis.c
[    ] Building /root/verify1002/gcc/lean4-src/stage0/src/../stdlib//Lean/Elab/Tactic/BVDecide/LRAT/Trim.c
[    ] Building /root/verify1002/gcc/lean4-src/stage0/src/../stdlib//Lean/Elab/Tactic/BVDecide/LRAT.c
[    ] Building /root/verify1002/gcc/lean4-src/stage0/src/../stdlib//Lean/Elab/Tactic/Basic.c
[    ] Building /root/verify1002/gcc/lean4-src/stage0/src/../stdlib//Lean/Elab/Tactic/BoolToPropSimps.c
[    ] Building /root/verify1002/gcc/lean4-src/stage0/src/../stdlib//Lean/Elab/Tactic/BuiltinTactic.c
[    ] Building /root/verify1002/gcc/lean4-src/stage0/src/../stdlib//Lean/Elab/Tactic/Calc.c
[    ] Building /root/verify1002/gcc/lean4-src/stage0/src/../stdlib//Lean/Elab/Tactic/Change.c
[    ] Building /root/verify1002/gcc/lean4-src/stage0/src/../stdlib//Lean/Elab/Tactic/Classical.c
[    ] Building /root/verify1002/gcc/lean4-src/stage0/src/../stdlib//Lean/Elab/Tactic/Config.c
[    ] Building /root/verify1002/gcc/lean4-src/stage0/src/../stdlib//Lean/Elab/Tactic/ConfigSetter.c
[    ] Building /root/verify1002/gcc/lean4-src/stage0/src/../stdlib//Lean/Elab/Tactic/Congr.c
[    ] Building /root/verify1002/gcc/lean4-src/stage0/src/../stdlib//Lean/Elab/Tactic/Conv.c
[    ] Building /root/verify1002/gcc/lean4-src/stage0/src/../stdlib//Lean/Elab/Tactic/Conv/Basic.c
[    ] Building /root/verify1002/gcc/lean4-src/stage0/src/../stdlib//Lean/Elab/Tactic/Conv/Change.c
[    ] Building /root/verify1002/gcc/lean4-src/stage0/src/../stdlib//Lean/Elab/Tactic/Conv/Congr.c
[    ] Building /root/verify1002/gcc/lean4-src/stage0/src/../stdlib//Lean/Elab/Tactic/Conv/Delta.c
[    ] Building /root/verify1002/gcc/lean4-src/stage0/src/../stdlib//Lean/Elab/Tactic/Conv/Lets.c
[    ] Building /root/verify1002/gcc/lean4-src/stage0/src/../stdlib//Lean/Elab/Tactic/Conv/Pattern.c
[    ] Building /root/verify1002/gcc/lean4-src/stage0/src/../stdlib//Lean/Elab/Tactic/Conv/Rewrite.c
[    ] Building /root/verify1002/gcc/lean4-src/stage0/src/../stdlib//Lean/Elab/Tactic/Conv/Unfold.c
[    ] Building /root/verify1002/gcc/lean4-src/stage0/src/../stdlib//Lean/Elab/Tactic/Conv/Simp.c
[    ] Building /root/verify1002/gcc/lean4-src/stage0/src/../stdlib//Lean/Elab/Tactic/Delta.c
[    ] Building /root/verify1002/gcc/lean4-src/stage0/src/../stdlib//Lean/Elab/Tactic/DiscrTreeKey.c
[    ] Building /root/verify1002/gcc/lean4-src/stage0/src/../stdlib//Lean/Elab/Tactic/Do.c
[    ] Building /root/verify1002/gcc/lean4-src/stage0/src/../stdlib//Lean/Elab/Tactic/Do/Attr.c
[    ] Building /root/verify1002/gcc/lean4-src/stage0/src/../stdlib//Lean/Elab/Tactic/Do/LetElim.c
[    ] Building /root/verify1002/gcc/lean4-src/stage0/src/../stdlib//Lean/Elab/Tactic/Do/ProofMode.c
[    ] Building /root/verify1002/gcc/lean4-src/stage0/src/../stdlib//Lean/Elab/Tactic/Do/ProofMode/Assumption.c
[    ] Building /root/verify1002/gcc/lean4-src/stage0/src/../stdlib//Lean/Elab/Tactic/Do/ProofMode/Basic.c
[    ] Building /root/verify1002/gcc/lean4-src/stage0/src/../stdlib//Lean/Elab/Tactic/Do/ProofMode/Cases.c
[    ] Building /root/verify1002/gcc/lean4-src/stage0/src/../stdlib//Lean/Elab/Tactic/Do/ProofMode/Clear.c
[    ] Building /root/verify1002/gcc/lean4-src/stage0/src/../stdlib//Lean/Elab/Tactic/Do/ProofMode/Constructor.c
[    ] Building /root/verify1002/gcc/lean4-src/stage0/src/../stdlib//Lean/Elab/Tactic/Do/ProofMode/Delab.c
[    ] Building /root/verify1002/gcc/lean4-src/stage0/src/../stdlib//Lean/Elab/Tactic/Do/ProofMode/Exact.c
[    ] Building /root/verify1002/gcc/lean4-src/stage0/src/../stdlib//Lean/Elab/Tactic/Do/ProofMode/Exfalso.c
[    ] Building /root/verify1002/gcc/lean4-src/stage0/src/../stdlib//Lean/Elab/Tactic/Do/ProofMode/Focus.c
[    ] Building /root/verify1002/gcc/lean4-src/stage0/src/../stdlib//Lean/Elab/Tactic/Do/ProofMode/Frame.c
[    ] Building /root/verify1002/gcc/lean4-src/stage0/src/../stdlib//Lean/Elab/Tactic/Do/ProofMode/Have.c
[    ] Building /root/verify1002/gcc/lean4-src/stage0/src/../stdlib//Lean/Elab/Tactic/Do/ProofMode/Intro.c
[    ] Building /root/verify1002/gcc/lean4-src/stage0/src/../stdlib//Lean/Elab/Tactic/Do/ProofMode/LeftRight.c
[    ] Building /root/verify1002/gcc/lean4-src/stage0/src/../stdlib//Lean/Elab/Tactic/Do/ProofMode/MGoal.c
[    ] Building /root/verify1002/gcc/lean4-src/stage0/src/../stdlib//Lean/Elab/Tactic/Do/ProofMode/Pure.c
[    ] Building /root/verify1002/gcc/lean4-src/stage0/src/../stdlib//Lean/Elab/Tactic/Do/ProofMode/Refine.c
[    ] Building /root/verify1002/gcc/lean4-src/stage0/src/../stdlib//Lean/Elab/Tactic/Do/ProofMode/RenameI.c
[    ] Building /root/verify1002/gcc/lean4-src/stage0/src/../stdlib//Lean/Elab/Tactic/Do/ProofMode/Revert.c
[    ] Building /root/verify1002/gcc/lean4-src/stage0/src/../stdlib//Lean/Elab/Tactic/Do/ProofMode/Specialize.c
[    ] Building /root/verify1002/gcc/lean4-src/stage0/src/../stdlib//Lean/Elab/Tactic/Do/Spec.c
[    ] Building /root/verify1002/gcc/lean4-src/stage0/src/../stdlib//Lean/Elab/Tactic/Do/Syntax.c
[    ] Building /root/verify1002/gcc/lean4-src/stage0/src/../stdlib//Lean/Elab/Tactic/Do/VCGen.c
[    ] Building /root/verify1002/gcc/lean4-src/stage0/src/../stdlib//Lean/Elab/Tactic/Do/VCGen/Basic.c
[    ] Building /root/verify1002/gcc/lean4-src/stage0/src/../stdlib//Lean/Elab/Tactic/Do/VCGen/Split.c
[    ] Building /root/verify1002/gcc/lean4-src/stage0/src/../stdlib//Lean/Elab/Tactic/Do/VCGen/SuggestInvariant.c
[    ] Building /root/verify1002/gcc/lean4-src/stage0/src/../stdlib//Lean/Elab/Tactic/Doc.c
[    ] Building /root/verify1002/gcc/lean4-src/stage0/src/../stdlib//Lean/Elab/Tactic/ElabTerm.c
[    ] Building /root/verify1002/gcc/lean4-src/stage0/src/../stdlib//Lean/Elab/Tactic/ExposeNames.c
[    ] Building /root/verify1002/gcc/lean4-src/stage0/src/../stdlib//Lean/Elab/Tactic/Ext.c
[    ] Building /root/verify1002/gcc/lean4-src/stage0/src/../stdlib//Lean/Elab/Tactic/FalseOrByContra.c
[    ] Building /root/verify1002/gcc/lean4-src/stage0/src/../stdlib//Lean/Elab/Tactic/Generalize.c
[    ] Building /root/verify1002/gcc/lean4-src/stage0/src/../stdlib//Lean/Elab/Tactic/Grind.c
[    ] Building /root/verify1002/gcc/lean4-src/stage0/src/../stdlib//Lean/Elab/Tactic/Grind/Anchor.c
[    ] Building /root/verify1002/gcc/lean4-src/stage0/src/../stdlib//Lean/Elab/Tactic/Grind/Annotated.c
[    ] Building /root/verify1002/gcc/lean4-src/stage0/src/../stdlib//Lean/Elab/Tactic/Grind/Basic.c
[    ] Building /root/verify1002/gcc/lean4-src/stage0/src/../stdlib//Lean/Elab/Tactic/Grind/BuiltinTactic.c
[    ] Building /root/verify1002/gcc/lean4-src/stage0/src/../stdlib//Lean/Elab/Tactic/Grind/Config.c
[    ] Building /root/verify1002/gcc/lean4-src/stage0/src/../stdlib//Lean/Elab/Tactic/Grind/Filter.c
[    ] Building /root/verify1002/gcc/lean4-src/stage0/src/../stdlib//Lean/Elab/Tactic/Grind/Have.c
[    ] Building /root/verify1002/gcc/lean4-src/stage0/src/../stdlib//Lean/Elab/Tactic/Grind/Lint.c
[    ] Building /root/verify1002/gcc/lean4-src/stage0/src/../stdlib//Lean/Elab/Tactic/Grind/LintExceptions.c
[    ] Building /root/verify1002/gcc/lean4-src/stage0/src/../stdlib//Lean/Elab/Tactic/Grind/Main.c
[    ] Building /root/verify1002/gcc/lean4-src/stage0/src/../stdlib//Lean/Elab/Tactic/Grind/Param.c
[    ] Building /root/verify1002/gcc/lean4-src/stage0/src/../stdlib//Lean/Elab/Tactic/Grind/ShowState.c
[    ] Building /root/verify1002/gcc/lean4-src/stage0/src/../stdlib//Lean/Elab/Tactic/Grind/Trace.c
[    ] Building /root/verify1002/gcc/lean4-src/stage0/src/../stdlib//Lean/Elab/Tactic/Guard.c
[    ] Building /root/verify1002/gcc/lean4-src/stage0/src/../stdlib//Lean/Elab/Tactic/Induction.c
[    ] Building /root/verify1002/gcc/lean4-src/stage0/src/../stdlib//Lean/Elab/Tactic/Injection.c
[    ] Building /root/verify1002/gcc/lean4-src/stage0/src/../stdlib//Lean/Elab/Tactic/Lets.c
[    ] Building /root/verify1002/gcc/lean4-src/stage0/src/../stdlib//Lean/Elab/Tactic/LibrarySearch.c
[    ] Building /root/verify1002/gcc/lean4-src/stage0/src/../stdlib//Lean/Elab/Tactic/Location.c
[    ] Building /root/verify1002/gcc/lean4-src/stage0/src/../stdlib//Lean/Elab/Tactic/Match.c
[    ] Building /root/verify1002/gcc/lean4-src/stage0/src/../stdlib//Lean/Elab/Tactic/Meta.c
[    ] Building /root/verify1002/gcc/lean4-src/stage0/src/../stdlib//Lean/Elab/Tactic/Monotonicity.c
[    ] Building /root/verify1002/gcc/lean4-src/stage0/src/../stdlib//Lean/Elab/Tactic/NormCast.c
[    ] Building /root/verify1002/gcc/lean4-src/stage0/src/../stdlib//Lean/Elab/Tactic/Omega.c
[    ] Building /root/verify1002/gcc/lean4-src/stage0/src/../stdlib//Lean/Elab/Tactic/Omega/Core.c
[    ] Building /root/verify1002/gcc/lean4-src/stage0/src/../stdlib//Lean/Elab/Tactic/Omega/MinNatAbs.c
[    ] Building /root/verify1002/gcc/lean4-src/stage0/src/../stdlib//Lean/Elab/Tactic/Omega/Frontend.c
[    ] Building /root/verify1002/gcc/lean4-src/stage0/src/../stdlib//Lean/Elab/Tactic/Omega/OmegaM.c
[    ] Building /root/verify1002/gcc/lean4-src/stage0/src/../stdlib//Lean/Elab/Tactic/RCases.c
[    ] Building /root/verify1002/gcc/lean4-src/stage0/src/../stdlib//Lean/Elab/Tactic/RenameInaccessibles.c
[    ] Building /root/verify1002/gcc/lean4-src/stage0/src/../stdlib//Lean/Elab/Tactic/Repeat.c
[    ] Building /root/verify1002/gcc/lean4-src/stage0/src/../stdlib//Lean/Elab/Tactic/Rewrite.c
[    ] Building /root/verify1002/gcc/lean4-src/stage0/src/../stdlib//Lean/Elab/Tactic/Rewrites.c
[    ] Building /root/verify1002/gcc/lean4-src/stage0/src/../stdlib//Lean/Elab/Tactic/Rfl.c
[    ] Building /root/verify1002/gcc/lean4-src/stage0/src/../stdlib//Lean/Elab/Tactic/Show.c
[    ] Building /root/verify1002/gcc/lean4-src/stage0/src/../stdlib//Lean/Elab/Tactic/ShowTerm.c
[    ] Building /root/verify1002/gcc/lean4-src/stage0/src/../stdlib//Lean/Elab/Tactic/Simp.c
[    ] Building /root/verify1002/gcc/lean4-src/stage0/src/../stdlib//Lean/Elab/Tactic/SimpArith.c
[    ] Building /root/verify1002/gcc/lean4-src/stage0/src/../stdlib//Lean/Elab/Tactic/Simpa.c
[    ] Building /root/verify1002/gcc/lean4-src/stage0/src/../stdlib//Lean/Elab/Tactic/SimpTrace.c
[    ] Building /root/verify1002/gcc/lean4-src/stage0/src/../stdlib//Lean/Elab/Tactic/Simproc.c
[    ] Building /root/verify1002/gcc/lean4-src/stage0/src/../stdlib//Lean/Elab/Tactic/SolveByElim.c
[    ] Building /root/verify1002/gcc/lean4-src/stage0/src/../stdlib//Lean/Elab/Tactic/Split.c
[    ] Building /root/verify1002/gcc/lean4-src/stage0/src/../stdlib//Lean/Elab/Tactic/Symm.c
[    ] Building /root/verify1002/gcc/lean4-src/stage0/src/../stdlib//Lean/Elab/Tactic/TreeTacAttr.c
[    ] Building /root/verify1002/gcc/lean4-src/stage0/src/../stdlib//Lean/Elab/Tactic/Try.c
[    ] Building /root/verify1002/gcc/lean4-src/stage0/src/../stdlib//Lean/Elab/Tactic/Unfold.c
[    ] Building /root/verify1002/gcc/lean4-src/stage0/src/../stdlib//Lean/Elab/Task.c
[    ] Building /root/verify1002/gcc/lean4-src/stage0/src/../stdlib//Lean/Elab/Term.c
[    ] Building /root/verify1002/gcc/lean4-src/stage0/src/../stdlib//Lean/Elab/Term/TermElabM.c
[    ] Building /root/verify1002/gcc/lean4-src/stage0/src/../stdlib//Lean/Elab/Time.c
[    ] Building /root/verify1002/gcc/lean4-src/stage0/src/../stdlib//Lean/Elab/WhereFinally.c
[    ] Building /root/verify1002/gcc/lean4-src/stage0/src/../stdlib//Lean/Elab/Util.c
[    ] Building /root/verify1002/gcc/lean4-src/stage0/src/../stdlib//Lean/EnvExtension.c
[    ] Building /root/verify1002/gcc/lean4-src/stage0/src/../stdlib//Lean/Environment.c
[    ] Building /root/verify1002/gcc/lean4-src/stage0/src/../stdlib//Lean/ErrorExplanation.c
[    ] Building /root/verify1002/gcc/lean4-src/stage0/src/../stdlib//Lean/ErrorExplanations.c
[    ] Building /root/verify1002/gcc/lean4-src/stage0/src/../stdlib//Lean/ErrorExplanations/CtorResultingTypeMismatch.c
[    ] Building /root/verify1002/gcc/lean4-src/stage0/src/../stdlib//Lean/ErrorExplanations/DependsOnNoncomputable.c
[    ] Building /root/verify1002/gcc/lean4-src/stage0/src/../stdlib//Lean/ErrorExplanations/InductionWithNoAlts.c
[    ] Building /root/verify1002/gcc/lean4-src/stage0/src/../stdlib//Lean/ErrorExplanations/InductiveParamMismatch.c
[    ] Building /root/verify1002/gcc/lean4-src/stage0/src/../stdlib//Lean/ErrorExplanations/InductiveParamMissing.c
[    ] Building /root/verify1002/gcc/lean4-src/stage0/src/../stdlib//Lean/ErrorExplanations/InferBinderTypeFailed.c
[    ] Building /root/verify1002/gcc/lean4-src/stage0/src/../stdlib//Lean/ErrorExplanations/InferDefTypeFailed.c
[    ] Building /root/verify1002/gcc/lean4-src/stage0/src/../stdlib//Lean/ErrorExplanations/InvalidDottedIdent.c
[    ] Building /root/verify1002/gcc/lean4-src/stage0/src/../stdlib//Lean/ErrorExplanations/InvalidField.c
[    ] Building /root/verify1002/gcc/lean4-src/stage0/src/../stdlib//Lean/ErrorExplanations/ProjNonPropFromProp.c
[    ] Building /root/verify1002/gcc/lean4-src/stage0/src/../stdlib//Lean/ErrorExplanations/PropRecLargeElim.c
[    ] Building /root/verify1002/gcc/lean4-src/stage0/src/../stdlib//Lean/ErrorExplanations/RedundantMatchAlt.c
[    ] Building /root/verify1002/gcc/lean4-src/stage0/src/../stdlib//Lean/ErrorExplanations/UnknownIdentifier.c
[    ] Building /root/verify1002/gcc/lean4-src/stage0/src/../stdlib//Lean/ErrorExplanations/SynthInstanceFailed.c
[    ] Building /root/verify1002/gcc/lean4-src/stage0/src/../stdlib//Lean/Exception.c
[    ] Building /root/verify1002/gcc/lean4-src/stage0/src/../stdlib//Lean/Expr.c
[    ] Building /root/verify1002/gcc/lean4-src/stage0/src/../stdlib//Lean/ExtraModUses.c
[    ] Building /root/verify1002/gcc/lean4-src/stage0/src/../stdlib//Lean/HeadIndex.c
[    ] Building /root/verify1002/gcc/lean4-src/stage0/src/../stdlib//Lean/Hygiene.c
[    ] Building /root/verify1002/gcc/lean4-src/stage0/src/../stdlib//Lean/IdentifierSuggestion.c
[    ] Building /root/verify1002/gcc/lean4-src/stage0/src/../stdlib//Lean/ImportingFlag.c
[    ] Building /root/verify1002/gcc/lean4-src/stage0/src/../stdlib//Lean/InternalExceptionId.c
[    ] Building /root/verify1002/gcc/lean4-src/stage0/src/../stdlib//Lean/KeyedDeclsAttribute.c
[    ] Building /root/verify1002/gcc/lean4-src/stage0/src/../stdlib//Lean/LabelAttribute.c
[    ] Building /root/verify1002/gcc/lean4-src/stage0/src/../stdlib//Lean/Language/Basic.c
[    ] Building /root/verify1002/gcc/lean4-src/stage0/src/../stdlib//Lean/Language/Lean/Types.c
[    ] Building /root/verify1002/gcc/lean4-src/stage0/src/../stdlib//Lean/Language/Lean.c
[    ] Building /root/verify1002/gcc/lean4-src/stage0/src/../stdlib//Lean/Language/Util.c
[    ] Building /root/verify1002/gcc/lean4-src/stage0/src/../stdlib//Lean/Level.c
[    ] Building /root/verify1002/gcc/lean4-src/stage0/src/../stdlib//Lean/LibrarySuggestions.c
[    ] Building /root/verify1002/gcc/lean4-src/stage0/src/../stdlib//Lean/LibrarySuggestions/Basic.c
[    ] Building /root/verify1002/gcc/lean4-src/stage0/src/../stdlib//Lean/LibrarySuggestions/Default.c
[    ] Building /root/verify1002/gcc/lean4-src/stage0/src/../stdlib//Lean/LibrarySuggestions/MePo.c
[    ] Building /root/verify1002/gcc/lean4-src/stage0/src/../stdlib//Lean/LibrarySuggestions/SineQuaNon.c
[    ] Building /root/verify1002/gcc/lean4-src/stage0/src/../stdlib//Lean/Linter/Basic.c
[    ] Building /root/verify1002/gcc/lean4-src/stage0/src/../stdlib//Lean/Linter/Builtin.c
[    ] Building /root/verify1002/gcc/lean4-src/stage0/src/../stdlib//Lean/LibrarySuggestions/SymbolFrequency.c
[    ] Building /root/verify1002/gcc/lean4-src/stage0/src/../stdlib//Lean/Linter.c
[    ] Building /root/verify1002/gcc/lean4-src/stage0/src/../stdlib//Lean/Linter/Coe.c
[    ] Building /root/verify1002/gcc/lean4-src/stage0/src/../stdlib//Lean/Linter/ConstructorAsVariable.c
[    ] Building /root/verify1002/gcc/lean4-src/stage0/src/../stdlib//Lean/Linter/Deprecated.c
[    ] Building /root/verify1002/gcc/lean4-src/stage0/src/../stdlib//Lean/Linter/DocsOnAlt.c
[    ] Building /root/verify1002/gcc/lean4-src/stage0/src/../stdlib//Lean/Linter/MissingDocs.c
[    ] Building /root/verify1002/gcc/lean4-src/stage0/src/../stdlib//Lean/Linter/Sets.c
[    ] Building /root/verify1002/gcc/lean4-src/stage0/src/../stdlib//Lean/Linter/Omit.c
[    ] Building /root/verify1002/gcc/lean4-src/stage0/src/../stdlib//Lean/Linter/List.c
[    ] Building /root/verify1002/gcc/lean4-src/stage0/src/../stdlib//Lean/Linter/UnusedSimpArgs.c
[    ] Building /root/verify1002/gcc/lean4-src/stage0/src/../stdlib//Lean/Linter/UnusedVariables.c
[    ] Building /root/verify1002/gcc/lean4-src/stage0/src/../stdlib//Lean/Linter/Util.c
[    ] Building /root/verify1002/gcc/lean4-src/stage0/src/../stdlib//Lean/LoadDynlib.c
[    ] Building /root/verify1002/gcc/lean4-src/stage0/src/../stdlib//Lean/Log.c
[    ] Building /root/verify1002/gcc/lean4-src/stage0/src/../stdlib//Lean/LocalContext.c
[    ] Building /root/verify1002/gcc/lean4-src/stage0/src/../stdlib//Lean/Meta.c
[    ] Building /root/verify1002/gcc/lean4-src/stage0/src/../stdlib//Lean/Meta/ACLt.c
[    ] Building /root/verify1002/gcc/lean4-src/stage0/src/../stdlib//Lean/Message.c
[    ] Building /root/verify1002/gcc/lean4-src/stage0/src/../stdlib//Lean/Meta/AbstractMVars.c
[    ] Building /root/verify1002/gcc/lean4-src/stage0/src/../stdlib//Lean/Meta/AbstractNestedProofs.c
[    ] Building /root/verify1002/gcc/lean4-src/stage0/src/../stdlib//Lean/Meta/AppBuilder.c
[    ] Building /root/verify1002/gcc/lean4-src/stage0/src/../stdlib//Lean/Meta/ArgsPacker.c
[    ] Building /root/verify1002/gcc/lean4-src/stage0/src/../stdlib//Lean/Meta/ArgsPacker/Basic.c
[    ] Building /root/verify1002/gcc/lean4-src/stage0/src/../stdlib//Lean/Meta/Basic.c
[    ] Building /root/verify1002/gcc/lean4-src/stage0/src/../stdlib//Lean/Meta/Canonicalizer.c
[    ] Building /root/verify1002/gcc/lean4-src/stage0/src/../stdlib//Lean/Meta/BinderNameHint.c
[    ] Building /root/verify1002/gcc/lean4-src/stage0/src/../stdlib//Lean/Meta/CasesInfo.c
[    ] Building /root/verify1002/gcc/lean4-src/stage0/src/../stdlib//Lean/Meta/Check.c
[    ] Building /root/verify1002/gcc/lean4-src/stage0/src/../stdlib//Lean/Meta/CheckTactic.c
[    ] Building /root/verify1002/gcc/lean4-src/stage0/src/../stdlib//Lean/Meta/Closure.c
[    ] Building /root/verify1002/gcc/lean4-src/stage0/src/../stdlib//Lean/Meta/Coe.c
[    ] Building /root/verify1002/gcc/lean4-src/stage0/src/../stdlib//Lean/Meta/CoeAttr.c
[    ] Building /root/verify1002/gcc/lean4-src/stage0/src/../stdlib//Lean/Meta/CollectFVars.c
[    ] Building /root/verify1002/gcc/lean4-src/stage0/src/../stdlib//Lean/Meta/CollectMVars.c
[    ] Building /root/verify1002/gcc/lean4-src/stage0/src/../stdlib//Lean/Meta/CompletionName.c
[    ] Building /root/verify1002/gcc/lean4-src/stage0/src/../stdlib//Lean/Meta/CongrTheorems.c
[    ] Building /root/verify1002/gcc/lean4-src/stage0/src/../stdlib//Lean/Meta/Constructions.c
[    ] Building /root/verify1002/gcc/lean4-src/stage0/src/../stdlib//Lean/Meta/Constructions/BRecOn.c
[    ] Building /root/verify1002/gcc/lean4-src/stage0/src/../stdlib//Lean/Meta/Constructions/CasesOn.c
[    ] Building /root/verify1002/gcc/lean4-src/stage0/src/../stdlib//Lean/Meta/Constructions/CasesOnSameCtor.c
[    ] Building /root/verify1002/gcc/lean4-src/stage0/src/../stdlib//Lean/Meta/Constructions/CtorElim.c
[    ] Building /root/verify1002/gcc/lean4-src/stage0/src/../stdlib//Lean/Meta/Constructions/CtorIdx.c
[    ] Building /root/verify1002/gcc/lean4-src/stage0/src/../stdlib//Lean/Meta/Constructions/NoConfusion.c
[    ] Building /root/verify1002/gcc/lean4-src/stage0/src/../stdlib//Lean/Meta/Constructions/RecOn.c
[    ] Building /root/verify1002/gcc/lean4-src/stage0/src/../stdlib//Lean/Meta/Constructions/SparseCasesOn.c
[    ] Building /root/verify1002/gcc/lean4-src/stage0/src/../stdlib//Lean/Meta/CtorRecognizer.c
[    ] Building /root/verify1002/gcc/lean4-src/stage0/src/../stdlib//Lean/Meta/Diagnostics.c
[    ] Building /root/verify1002/gcc/lean4-src/stage0/src/../stdlib//Lean/Meta/DecLevel.c
[    ] Building /root/verify1002/gcc/lean4-src/stage0/src/../stdlib//Lean/Meta/DiscrTree.c
[    ] Building /root/verify1002/gcc/lean4-src/stage0/src/../stdlib//Lean/Meta/DiscrTreeTypes.c
[    ] Building /root/verify1002/gcc/lean4-src/stage0/src/../stdlib//Lean/Meta/Eqns.c
[    ] Building /root/verify1002/gcc/lean4-src/stage0/src/../stdlib//Lean/Meta/Eval.c
[    ] Building /root/verify1002/gcc/lean4-src/stage0/src/../stdlib//Lean/Meta/ExprDefEq.c
[    ] Building /root/verify1002/gcc/lean4-src/stage0/src/../stdlib//Lean/Meta/ExprLens.c
[    ] Building /root/verify1002/gcc/lean4-src/stage0/src/../stdlib//Lean/Meta/ExprTraverse.c
[    ] Building /root/verify1002/gcc/lean4-src/stage0/src/../stdlib//Lean/Meta/ForEachExpr.c
[    ] Building /root/verify1002/gcc/lean4-src/stage0/src/../stdlib//Lean/Meta/FunInfo.c
[    ] Building /root/verify1002/gcc/lean4-src/stage0/src/../stdlib//Lean/Meta/GeneralizeTelescope.c
[    ] Building /root/verify1002/gcc/lean4-src/stage0/src/../stdlib//Lean/Meta/GeneralizeVars.c
[    ] Building /root/verify1002/gcc/lean4-src/stage0/src/../stdlib//Lean/Meta/GetUnfoldableConst.c
[    ] Building /root/verify1002/gcc/lean4-src/stage0/src/../stdlib//Lean/Meta/GlobalInstances.c
[    ] Building /root/verify1002/gcc/lean4-src/stage0/src/../stdlib//Lean/Meta/HasNotBit.c
[    ] Building /root/verify1002/gcc/lean4-src/stage0/src/../stdlib//Lean/Meta/Hint.c
[    ] Building /root/verify1002/gcc/lean4-src/stage0/src/../stdlib//Lean/Meta/IndPredBelow.c
[    ] Building /root/verify1002/gcc/lean4-src/stage0/src/../stdlib//Lean/Meta/Inductive.c
[    ] Building /root/verify1002/gcc/lean4-src/stage0/src/../stdlib//Lean/Meta/InferType.c
[    ] Building /root/verify1002/gcc/lean4-src/stage0/src/../stdlib//Lean/Meta/Injective.c
[    ] Building /root/verify1002/gcc/lean4-src/stage0/src/../stdlib//Lean/Meta/Instances.c
[    ] Building /root/verify1002/gcc/lean4-src/stage0/src/../stdlib//Lean/Meta/IntInstTesters.c
[    ] Building /root/verify1002/gcc/lean4-src/stage0/src/../stdlib//Lean/Meta/Iterator.c
[    ] Building /root/verify1002/gcc/lean4-src/stage0/src/../stdlib//Lean/Meta/KAbstract.c
[    ] Building /root/verify1002/gcc/lean4-src/stage0/src/../stdlib//Lean/Meta/KExprMap.c
[    ] Building /root/verify1002/gcc/lean4-src/stage0/src/../stdlib//Lean/Meta/LazyDiscrTree.c
[    ] Building /root/verify1002/gcc/lean4-src/stage0/src/../stdlib//Lean/Meta/LetToHave.c
[    ] Building /root/verify1002/gcc/lean4-src/stage0/src/../stdlib//Lean/Meta/LevelDefEq.c
[    ] Building /root/verify1002/gcc/lean4-src/stage0/src/../stdlib//Lean/Meta/LitValues.c
[    ] Building /root/verify1002/gcc/lean4-src/stage0/src/../stdlib//Lean/Meta/Match/AltTelescopes.c
[    ] Building /root/verify1002/gcc/lean4-src/stage0/src/../stdlib//Lean/Meta/Match.c
[    ] Building /root/verify1002/gcc/lean4-src/stage0/src/../stdlib//Lean/Meta/Match/Basic.c
[    ] Building /root/verify1002/gcc/lean4-src/stage0/src/../stdlib//Lean/Meta/Match/CaseArraySizes.c
[    ] Building /root/verify1002/gcc/lean4-src/stage0/src/../stdlib//Lean/Meta/Match/CaseValues.c
[    ] Building /root/verify1002/gcc/lean4-src/stage0/src/../stdlib//Lean/Meta/Match/MVarRenaming.c
[    ] Building /root/verify1002/gcc/lean4-src/stage0/src/../stdlib//Lean/Meta/Match/Match.c
[    ] Building /root/verify1002/gcc/lean4-src/stage0/src/../stdlib//Lean/Meta/Match/MatchEqsExt.c
[    ] Building /root/verify1002/gcc/lean4-src/stage0/src/../stdlib//Lean/Meta/Match/MatchEqs.c
[    ] Building /root/verify1002/gcc/lean4-src/stage0/src/../stdlib//Lean/Meta/Match/MatchPatternAttr.c
[    ] Building /root/verify1002/gcc/lean4-src/stage0/src/../stdlib//Lean/Meta/Match/MatcherApp.c
[    ] Building /root/verify1002/gcc/lean4-src/stage0/src/../stdlib//Lean/Meta/Match/MatcherApp/Basic.c
[    ] Building /root/verify1002/gcc/lean4-src/stage0/src/../stdlib//Lean/Meta/Match/MatcherApp/Transform.c
[    ] Building /root/verify1002/gcc/lean4-src/stage0/src/../stdlib//Lean/Meta/Match/MatcherInfo.c
[    ] Building /root/verify1002/gcc/lean4-src/stage0/src/../stdlib//Lean/Meta/Match/NamedPatterns.c
[    ] Building /root/verify1002/gcc/lean4-src/stage0/src/../stdlib//Lean/Meta/Match/SimpH.c
[    ] Building /root/verify1002/gcc/lean4-src/stage0/src/../stdlib//Lean/Meta/Match/SolveOverlap.c
[    ] Building /root/verify1002/gcc/lean4-src/stage0/src/../stdlib//Lean/Meta/Match/Value.c
[    ] Building /root/verify1002/gcc/lean4-src/stage0/src/../stdlib//Lean/Meta/MatchUtil.c
[    ] Building /root/verify1002/gcc/lean4-src/stage0/src/../stdlib//Lean/Meta/MethodSpecs.c
[    ] Building /root/verify1002/gcc/lean4-src/stage0/src/../stdlib//Lean/Meta/MkIffOfInductiveProp.c
[    ] Building /root/verify1002/gcc/lean4-src/stage0/src/../stdlib//Lean/Meta/NatInstTesters.c
[    ] Building /root/verify1002/gcc/lean4-src/stage0/src/../stdlib//Lean/Meta/NatTable.c
[    ] Building /root/verify1002/gcc/lean4-src/stage0/src/../stdlib//Lean/Meta/Offset.c
[    ] Building /root/verify1002/gcc/lean4-src/stage0/src/../stdlib//Lean/Meta/Order.c
[    ] Building /root/verify1002/gcc/lean4-src/stage0/src/../stdlib//Lean/Meta/PPGoal.c
[    ] Building /root/verify1002/gcc/lean4-src/stage0/src/../stdlib//Lean/Meta/PProdN.c
[    ] Building /root/verify1002/gcc/lean4-src/stage0/src/../stdlib//Lean/Meta/ProdN.c
[    ] Building /root/verify1002/gcc/lean4-src/stage0/src/../stdlib//Lean/Meta/RecursorInfo.c
[    ] Building /root/verify1002/gcc/lean4-src/stage0/src/../stdlib//Lean/Meta/Reduce.c
[    ] Building /root/verify1002/gcc/lean4-src/stage0/src/../stdlib//Lean/Meta/ReduceEval.c
[    ] Building /root/verify1002/gcc/lean4-src/stage0/src/../stdlib//Lean/Meta/SameCtorUtils.c
[    ] Building /root/verify1002/gcc/lean4-src/stage0/src/../stdlib//Lean/Meta/SizeOf.c
[    ] Building /root/verify1002/gcc/lean4-src/stage0/src/../stdlib//Lean/Meta/Sorry.c
[    ] Building /root/verify1002/gcc/lean4-src/stage0/src/../stdlib//Lean/Meta/Structure.c
[    ] Building /root/verify1002/gcc/lean4-src/stage0/src/../stdlib//Lean/Meta/SynthInstance.c
[    ] Building /root/verify1002/gcc/lean4-src/stage0/src/../stdlib//Lean/Meta/Tactic.c
[    ] Building /root/verify1002/gcc/lean4-src/stage0/src/../stdlib//Lean/Meta/Tactic/AC.c
[    ] Building /root/verify1002/gcc/lean4-src/stage0/src/../stdlib//Lean/Meta/Tactic/AC/Main.c
[    ] Building /root/verify1002/gcc/lean4-src/stage0/src/../stdlib//Lean/Meta/Tactic/Acyclic.c
[    ] Building /root/verify1002/gcc/lean4-src/stage0/src/../stdlib//Lean/Meta/Tactic/Assert.c
[    ] Building /root/verify1002/gcc/lean4-src/stage0/src/../stdlib//Lean/Meta/Tactic/Apply.c
[    ] Building /root/verify1002/gcc/lean4-src/stage0/src/../stdlib//Lean/Meta/Tactic/Assumption.c
[    ] Building /root/verify1002/gcc/lean4-src/stage0/src/../stdlib//Lean/Meta/Tactic/AuxLemma.c
[    ] Building /root/verify1002/gcc/lean4-src/stage0/src/../stdlib//Lean/Meta/Tactic/Cases.c
[    ] Building /root/verify1002/gcc/lean4-src/stage0/src/../stdlib//Lean/Meta/Tactic/Backtrack.c
[    ] Building /root/verify1002/gcc/lean4-src/stage0/src/../stdlib//Lean/Meta/Tactic/CasesOnStuckLHS.c
[    ] Building /root/verify1002/gcc/lean4-src/stage0/src/../stdlib//Lean/Meta/Tactic/Cleanup.c
[    ] Building /root/verify1002/gcc/lean4-src/stage0/src/../stdlib//Lean/Meta/Tactic/Clear.c
[    ] Building /root/verify1002/gcc/lean4-src/stage0/src/../stdlib//Lean/Meta/Tactic/Congr.c
[    ] Building /root/verify1002/gcc/lean4-src/stage0/src/../stdlib//Lean/Meta/Tactic/Constructor.c
[    ] Building /root/verify1002/gcc/lean4-src/stage0/src/../stdlib//Lean/Meta/Tactic/Delta.c
[    ] Building /root/verify1002/gcc/lean4-src/stage0/src/../stdlib//Lean/Meta/Tactic/Contradiction.c
[    ] Building /root/verify1002/gcc/lean4-src/stage0/src/../stdlib//Lean/Meta/Tactic/ExposeNames.c
[    ] Building /root/verify1002/gcc/lean4-src/stage0/src/../stdlib//Lean/Meta/Tactic/ElimInfo.c
[    ] Building /root/verify1002/gcc/lean4-src/stage0/src/../stdlib//Lean/Meta/Tactic/Ext.c
[    ] Building /root/verify1002/gcc/lean4-src/stage0/src/../stdlib//Lean/Meta/Tactic/FVarSubst.c
[    ] Building /root/verify1002/gcc/lean4-src/stage0/src/../stdlib//Lean/Meta/Tactic/FunInd.c
[    ] Building /root/verify1002/gcc/lean4-src/stage0/src/../stdlib//Lean/Meta/Tactic/FunIndCollect.c
[    ] Building /root/verify1002/gcc/lean4-src/stage0/src/../stdlib//Lean/Meta/Tactic/Generalize.c
[    ] Building /root/verify1002/gcc/lean4-src/stage0/src/../stdlib//Lean/Meta/Tactic/FunIndInfo.c
[    ] Building /root/verify1002/gcc/lean4-src/stage0/src/../stdlib//Lean/Meta/Tactic/Grind.c
[    ] Building /root/verify1002/gcc/lean4-src/stage0/src/../stdlib//Lean/Meta/Tactic/Grind/AC.c
[    ] Building /root/verify1002/gcc/lean4-src/stage0/src/../stdlib//Lean/Meta/Tactic/Grind/AC/Action.c
[    ] Building /root/verify1002/gcc/lean4-src/stage0/src/../stdlib//Lean/Meta/Tactic/Grind/AC/DenoteExpr.c
[    ] Building /root/verify1002/gcc/lean4-src/stage0/src/../stdlib//Lean/Meta/Tactic/Grind/AC/Eq.c
[    ] Building /root/verify1002/gcc/lean4-src/stage0/src/../stdlib//Lean/Meta/Tactic/Grind/AC/Internalize.c
[    ] Building /root/verify1002/gcc/lean4-src/stage0/src/../stdlib//Lean/Meta/Tactic/Grind/AC/Inv.c
[    ] Building /root/verify1002/gcc/lean4-src/stage0/src/../stdlib//Lean/Meta/Tactic/Grind/AC/PP.c
[    ] Building /root/verify1002/gcc/lean4-src/stage0/src/../stdlib//Lean/Meta/Tactic/Grind/AC/Proof.c
[    ] Building /root/verify1002/gcc/lean4-src/stage0/src/../stdlib//Lean/Meta/Tactic/Grind/AC/Seq.c
[    ] Building /root/verify1002/gcc/lean4-src/stage0/src/../stdlib//Lean/Meta/Tactic/Grind/AC/ToExpr.c
[    ] Building /root/verify1002/gcc/lean4-src/stage0/src/../stdlib//Lean/Meta/Tactic/Grind/AC/Types.c
[    ] Building /root/verify1002/gcc/lean4-src/stage0/src/../stdlib//Lean/Meta/Tactic/Grind/AC/Util.c
[    ] Building /root/verify1002/gcc/lean4-src/stage0/src/../stdlib//Lean/Meta/Tactic/Grind/AC/Var.c
[    ] Building /root/verify1002/gcc/lean4-src/stage0/src/../stdlib//Lean/Meta/Tactic/Grind/AC/VarRename.c
[    ] Building /root/verify1002/gcc/lean4-src/stage0/src/../stdlib//Lean/Meta/Tactic/Grind/Action.c
[    ] Building /root/verify1002/gcc/lean4-src/stage0/src/../stdlib//Lean/Meta/Tactic/Grind/AlphaShareCommon.c
[    ] Building /root/verify1002/gcc/lean4-src/stage0/src/../stdlib//Lean/Meta/Tactic/Grind/Anchor.c
[    ] Building /root/verify1002/gcc/lean4-src/stage0/src/../stdlib//Lean/Meta/Tactic/Grind/Arith.c
[    ] Building /root/verify1002/gcc/lean4-src/stage0/src/../stdlib//Lean/Meta/Tactic/Grind/Arith/CommRing.c
[    ] Building /root/verify1002/gcc/lean4-src/stage0/src/../stdlib//Lean/Meta/Tactic/Grind/Arith/CommRing/Action.c
[    ] Building /root/verify1002/gcc/lean4-src/stage0/src/../stdlib//Lean/Meta/Tactic/Grind/Arith/CommRing/DenoteExpr.c
[    ] Building /root/verify1002/gcc/lean4-src/stage0/src/../stdlib//Lean/Meta/Tactic/Grind/Arith/CommRing/EqCnstr.c
[    ] Building /root/verify1002/gcc/lean4-src/stage0/src/../stdlib//Lean/Meta/Tactic/Grind/Arith/CommRing/Functions.c
[    ] Building /root/verify1002/gcc/lean4-src/stage0/src/../stdlib//Lean/Meta/Tactic/Grind/Arith/CommRing/Inv.c
[    ] Building /root/verify1002/gcc/lean4-src/stage0/src/../stdlib//Lean/Meta/Tactic/Grind/Arith/CommRing/Internalize.c
[    ] Building /root/verify1002/gcc/lean4-src/stage0/src/../stdlib//Lean/Meta/Tactic/Grind/Arith/CommRing/MonadCanon.c
[    ] Building /root/verify1002/gcc/lean4-src/stage0/src/../stdlib//Lean/Meta/Tactic/Grind/Arith/CommRing/MonadRing.c
[    ] Building /root/verify1002/gcc/lean4-src/stage0/src/../stdlib//Lean/Meta/Tactic/Grind/Arith/CommRing/MonadSemiring.c
[    ] Building /root/verify1002/gcc/lean4-src/stage0/src/../stdlib//Lean/Meta/Tactic/Grind/Arith/CommRing/NonCommRingM.c
[    ] Building /root/verify1002/gcc/lean4-src/stage0/src/../stdlib//Lean/Meta/Tactic/Grind/Arith/CommRing/NonCommSemiringM.c
[    ] Building /root/verify1002/gcc/lean4-src/stage0/src/../stdlib//Lean/Meta/Tactic/Grind/Arith/CommRing/PP.c
[    ] Building /root/verify1002/gcc/lean4-src/stage0/src/../stdlib//Lean/Meta/Tactic/Grind/Arith/CommRing/Poly.c
[    ] Building /root/verify1002/gcc/lean4-src/stage0/src/../stdlib//Lean/Meta/Tactic/Grind/Arith/CommRing/Power.c
[    ] Building /root/verify1002/gcc/lean4-src/stage0/src/../stdlib//Lean/Meta/Tactic/Grind/Arith/CommRing/Proof.c
[    ] Building /root/verify1002/gcc/lean4-src/stage0/src/../stdlib//Lean/Meta/Tactic/Grind/Arith/CommRing/Reify.c
[    ] Building /root/verify1002/gcc/lean4-src/stage0/src/../stdlib//Lean/Meta/Tactic/Grind/Arith/CommRing/RingId.c
[    ] Building /root/verify1002/gcc/lean4-src/stage0/src/../stdlib//Lean/Meta/Tactic/Grind/Arith/CommRing/RingM.c
[    ] Building /root/verify1002/gcc/lean4-src/stage0/src/../stdlib//Lean/Meta/Tactic/Grind/Arith/CommRing/SafePoly.c
[    ] Building /root/verify1002/gcc/lean4-src/stage0/src/../stdlib//Lean/Meta/Tactic/Grind/Arith/CommRing/SemiringM.c
[    ] Building /root/verify1002/gcc/lean4-src/stage0/src/../stdlib//Lean/Meta/Tactic/Grind/Arith/CommRing/ToExpr.c
[    ] Building /root/verify1002/gcc/lean4-src/stage0/src/../stdlib//Lean/Meta/Tactic/Grind/Arith/CommRing/VarRename.c
[    ] Building /root/verify1002/gcc/lean4-src/stage0/src/../stdlib//Lean/Meta/Tactic/Grind/Arith/CommRing/Types.c
[    ] Building /root/verify1002/gcc/lean4-src/stage0/src/../stdlib//Lean/Meta/Tactic/Grind/Arith/Cutsat.c
[    ] Building /root/verify1002/gcc/lean4-src/stage0/src/../stdlib//Lean/Meta/Tactic/Grind/Arith/Cutsat/Action.c
[    ] Building /root/verify1002/gcc/lean4-src/stage0/src/../stdlib//Lean/Meta/Tactic/Grind/Arith/Cutsat/CommRing.c
[    ] Building /root/verify1002/gcc/lean4-src/stage0/src/../stdlib//Lean/Meta/Tactic/Grind/Arith/Cutsat/DvdCnstr.c
[    ] Building /root/verify1002/gcc/lean4-src/stage0/src/../stdlib//Lean/Meta/Tactic/Grind/Arith/Cutsat/EqCnstr.c
[    ] Building /root/verify1002/gcc/lean4-src/stage0/src/../stdlib//Lean/Meta/Tactic/Grind/Arith/Cutsat/Inv.c
[    ] Building /root/verify1002/gcc/lean4-src/stage0/src/../stdlib//Lean/Meta/Tactic/Grind/Arith/Cutsat/MBTC.c
[    ] Building /root/verify1002/gcc/lean4-src/stage0/src/../stdlib//Lean/Meta/Tactic/Grind/Arith/Cutsat/LeCnstr.c
[    ] Building /root/verify1002/gcc/lean4-src/stage0/src/../stdlib//Lean/Meta/Tactic/Grind/Arith/Cutsat/Model.c
[    ] Building /root/verify1002/gcc/lean4-src/stage0/src/../stdlib//Lean/Meta/Tactic/Grind/Arith/Cutsat/Nat.c
[    ] Building /root/verify1002/gcc/lean4-src/stage0/src/../stdlib//Lean/Meta/Tactic/Grind/Arith/Cutsat/Norm.c
[    ] Building /root/verify1002/gcc/lean4-src/stage0/src/../stdlib//Lean/Meta/Tactic/Grind/Arith/Cutsat/Proof.c
[    ] Building /root/verify1002/gcc/lean4-src/stage0/src/../stdlib//Lean/Meta/Tactic/Grind/Arith/Cutsat/ReorderVars.c
[    ] Building /root/verify1002/gcc/lean4-src/stage0/src/../stdlib//Lean/Meta/Tactic/Grind/Arith/Cutsat/Search.c
[    ] Building /root/verify1002/gcc/lean4-src/stage0/src/../stdlib//Lean/Meta/Tactic/Grind/Arith/Cutsat/SearchM.c
[    ] Building /root/verify1002/gcc/lean4-src/stage0/src/../stdlib//Lean/Meta/Tactic/Grind/Arith/Cutsat/ToInt.c
[    ] Building /root/verify1002/gcc/lean4-src/stage0/src/../stdlib//Lean/Meta/Tactic/Grind/Arith/Cutsat/ToIntInfo.c
[    ] Building /root/verify1002/gcc/lean4-src/stage0/src/../stdlib//Lean/Meta/Tactic/Grind/Arith/Cutsat/Util.c
[    ] Building /root/verify1002/gcc/lean4-src/stage0/src/../stdlib//Lean/Meta/Tactic/Grind/Arith/Cutsat/Types.c
[    ] Building /root/verify1002/gcc/lean4-src/stage0/src/../stdlib//Lean/Meta/Tactic/Grind/Arith/Cutsat/Var.c
[    ] Building /root/verify1002/gcc/lean4-src/stage0/src/../stdlib//Lean/Meta/Tactic/Grind/Arith/Cutsat/VarRename.c
[    ] Building /root/verify1002/gcc/lean4-src/stage0/src/../stdlib//Lean/Meta/Tactic/Grind/Arith/EvalNum.c
[    ] Building /root/verify1002/gcc/lean4-src/stage0/src/../stdlib//Lean/Meta/Tactic/Grind/Arith/Insts.c
[    ] Building /root/verify1002/gcc/lean4-src/stage0/src/../stdlib//Lean/Meta/Tactic/Grind/Arith/FieldNormNum.c
[    ] Building /root/verify1002/gcc/lean4-src/stage0/src/../stdlib//Lean/Meta/Tactic/Grind/Arith/IsRelevant.c
[    ] Building /root/verify1002/gcc/lean4-src/stage0/src/../stdlib//Lean/Meta/Tactic/Grind/Arith/Linear.c
[    ] Building /root/verify1002/gcc/lean4-src/stage0/src/../stdlib//Lean/Meta/Tactic/Grind/Arith/Linear/Action.c
[    ] Building /root/verify1002/gcc/lean4-src/stage0/src/../stdlib//Lean/Meta/Tactic/Grind/Arith/Linear/Den.c
[    ] Building /root/verify1002/gcc/lean4-src/stage0/src/../stdlib//Lean/Meta/Tactic/Grind/Arith/Linear/DenoteExpr.c
[    ] Building /root/verify1002/gcc/lean4-src/stage0/src/../stdlib//Lean/Meta/Tactic/Grind/Arith/Linear/IneqCnstr.c
[    ] Building /root/verify1002/gcc/lean4-src/stage0/src/../stdlib//Lean/Meta/Tactic/Grind/Arith/Linear/Internalize.c
[    ] Building /root/verify1002/gcc/lean4-src/stage0/src/../stdlib//Lean/Meta/Tactic/Grind/Arith/Linear/Inv.c
[    ] Building /root/verify1002/gcc/lean4-src/stage0/src/../stdlib//Lean/Meta/Tactic/Grind/Arith/Linear/LinearM.c
[    ] Building /root/verify1002/gcc/lean4-src/stage0/src/../stdlib//Lean/Meta/Tactic/Grind/Arith/Linear/MBTC.c
[    ] Building /root/verify1002/gcc/lean4-src/stage0/src/../stdlib//Lean/Meta/Tactic/Grind/Arith/Linear/Model.c
[    ] Building /root/verify1002/gcc/lean4-src/stage0/src/../stdlib//Lean/Meta/Tactic/Grind/Arith/Linear/OfNatModule.c
[    ] Building /root/verify1002/gcc/lean4-src/stage0/src/../stdlib//Lean/Meta/Tactic/Grind/Arith/Linear/PP.c
[    ] Building /root/verify1002/gcc/lean4-src/stage0/src/../stdlib//Lean/Meta/Tactic/Grind/Arith/Linear/Proof.c
[    ] Building /root/verify1002/gcc/lean4-src/stage0/src/../stdlib//Lean/Meta/Tactic/Grind/Arith/Linear/PropagateEq.c
[    ] Building /root/verify1002/gcc/lean4-src/stage0/src/../stdlib//Lean/Meta/Tactic/Grind/Arith/Linear/Reify.c
[    ] Building /root/verify1002/gcc/lean4-src/stage0/src/../stdlib//Lean/Meta/Tactic/Grind/Arith/Linear/Search.c
[    ] Building /root/verify1002/gcc/lean4-src/stage0/src/../stdlib//Lean/Meta/Tactic/Grind/Arith/Linear/SearchM.c
[    ] Building /root/verify1002/gcc/lean4-src/stage0/src/../stdlib//Lean/Meta/Tactic/Grind/Arith/Linear/StructId.c
[    ] Building /root/verify1002/gcc/lean4-src/stage0/src/../stdlib//Lean/Meta/Tactic/Grind/Arith/Linear/ToExpr.c
[    ] Building /root/verify1002/gcc/lean4-src/stage0/src/../stdlib//Lean/Meta/Tactic/Grind/Arith/Linear/Types.c
[    ] Building /root/verify1002/gcc/lean4-src/stage0/src/../stdlib//Lean/Meta/Tactic/Grind/Arith/Linear/Util.c
[    ] Building /root/verify1002/gcc/lean4-src/stage0/src/../stdlib//Lean/Meta/Tactic/Grind/Arith/Linear/Var.c
[    ] Building /root/verify1002/gcc/lean4-src/stage0/src/../stdlib//Lean/Meta/Tactic/Grind/Arith/Linear/VarRename.c
[    ] Building /root/verify1002/gcc/lean4-src/stage0/src/../stdlib//Lean/Meta/Tactic/Grind/Arith/Main.c
[    ] Building /root/verify1002/gcc/lean4-src/stage0/src/../stdlib//Lean/Meta/Tactic/Grind/Arith/ModelUtil.c
[    ] Building /root/verify1002/gcc/lean4-src/stage0/src/../stdlib//Lean/Meta/Tactic/Grind/Arith/Model.c
[    ] Building /root/verify1002/gcc/lean4-src/stage0/src/../stdlib//Lean/Meta/Tactic/Grind/Arith/Propagate.c
[    ] Building /root/verify1002/gcc/lean4-src/stage0/src/../stdlib//Lean/Meta/Tactic/Grind/Arith/Simproc.c
[    ] Building /root/verify1002/gcc/lean4-src/stage0/src/../stdlib//Lean/Meta/Tactic/Grind/Arith/Types.c
[    ] Building /root/verify1002/gcc/lean4-src/stage0/src/../stdlib//Lean/Meta/Tactic/Grind/Arith/Util.c
[    ] Building /root/verify1002/gcc/lean4-src/stage0/src/../stdlib//Lean/Meta/Tactic/Grind/Attr.c
[    ] Building /root/verify1002/gcc/lean4-src/stage0/src/../stdlib//Lean/Meta/Tactic/Grind/Beta.c
[    ] Building /root/verify1002/gcc/lean4-src/stage0/src/../stdlib//Lean/Meta/Tactic/Grind/Canon.c
[    ] Building /root/verify1002/gcc/lean4-src/stage0/src/../stdlib//Lean/Meta/Tactic/Grind/Cases.c
[    ] Building /root/verify1002/gcc/lean4-src/stage0/src/../stdlib//Lean/Meta/Tactic/Grind/CasesMatch.c
[    ] Building /root/verify1002/gcc/lean4-src/stage0/src/../stdlib//Lean/Meta/Tactic/Grind/CastLike.c
[    ] Building /root/verify1002/gcc/lean4-src/stage0/src/../stdlib//Lean/Meta/Tactic/Grind/CheckResult.c
[    ] Building /root/verify1002/gcc/lean4-src/stage0/src/../stdlib//Lean/Meta/Tactic/Grind/CollectParams.c
[    ] Building /root/verify1002/gcc/lean4-src/stage0/src/../stdlib//Lean/Meta/Tactic/Grind/Core.c
[    ] Building /root/verify1002/gcc/lean4-src/stage0/src/../stdlib//Lean/Meta/Tactic/Grind/Ctor.c
[    ] Building /root/verify1002/gcc/lean4-src/stage0/src/../stdlib//Lean/Meta/Tactic/Grind/EMatch.c
[    ] Building /root/verify1002/gcc/lean4-src/stage0/src/../stdlib//Lean/Meta/Tactic/Grind/Diseq.c
[    ] Building /root/verify1002/gcc/lean4-src/stage0/src/../stdlib//Lean/Meta/Tactic/Grind/EMatchAction.c
[    ] Building /root/verify1002/gcc/lean4-src/stage0/src/../stdlib//Lean/Meta/Tactic/Grind/EMatchTheorem.c
[    ] Building /root/verify1002/gcc/lean4-src/stage0/src/../stdlib//Lean/Meta/Tactic/Grind/EMatchTheoremParam.c
[    ] Building /root/verify1002/gcc/lean4-src/stage0/src/../stdlib//Lean/Meta/Tactic/Grind/EMatchTheoremPtr.c
[    ] Building /root/verify1002/gcc/lean4-src/stage0/src/../stdlib//Lean/Meta/Tactic/Grind/EqResolution.c
[    ] Building /root/verify1002/gcc/lean4-src/stage0/src/../stdlib//Lean/Meta/Tactic/Grind/ExprPtr.c
[    ] Building /root/verify1002/gcc/lean4-src/stage0/src/../stdlib//Lean/Meta/Tactic/Grind/Ext.c
[    ] Building /root/verify1002/gcc/lean4-src/stage0/src/../stdlib//Lean/Meta/Tactic/Grind/ExtAttr.c
[    ] Building /root/verify1002/gcc/lean4-src/stage0/src/../stdlib//Lean/Meta/Tactic/Grind/Filter.c
[    ] Building /root/verify1002/gcc/lean4-src/stage0/src/../stdlib//Lean/Meta/Tactic/Grind/Finish.c
[    ] Building /root/verify1002/gcc/lean4-src/stage0/src/../stdlib//Lean/Meta/Tactic/Grind/ForallProp.c
[    ] Building /root/verify1002/gcc/lean4-src/stage0/src/../stdlib//Lean/Meta/Tactic/Grind/FunCC.c
[    ] Building /root/verify1002/gcc/lean4-src/stage0/src/../stdlib//Lean/Meta/Tactic/Grind/Injection.c
[    ] Building /root/verify1002/gcc/lean4-src/stage0/src/../stdlib//Lean/Meta/Tactic/Grind/Injective.c
[    ] Building /root/verify1002/gcc/lean4-src/stage0/src/../stdlib//Lean/Meta/Tactic/Grind/Intro.c
[    ] Building /root/verify1002/gcc/lean4-src/stage0/src/../stdlib//Lean/Meta/Tactic/Grind/Internalize.c
[    ] Building /root/verify1002/gcc/lean4-src/stage0/src/../stdlib//Lean/Meta/Tactic/Grind/Inv.c
[    ] Building /root/verify1002/gcc/lean4-src/stage0/src/../stdlib//Lean/Meta/Tactic/Grind/LawfulEqCmp.c
[    ] Building /root/verify1002/gcc/lean4-src/stage0/src/../stdlib//Lean/Meta/Tactic/Grind/Lookahead.c
[    ] Building /root/verify1002/gcc/lean4-src/stage0/src/../stdlib//Lean/Meta/Tactic/Grind/MBTC.c
[    ] Building /root/verify1002/gcc/lean4-src/stage0/src/../stdlib//Lean/Meta/Tactic/Grind/MarkNestedSubsingletons.c
[    ] Building /root/verify1002/gcc/lean4-src/stage0/src/../stdlib//Lean/Meta/Tactic/Grind/Main.c
[    ] Building /root/verify1002/gcc/lean4-src/stage0/src/../stdlib//Lean/Meta/Tactic/Grind/MatchCond.c
[    ] Building /root/verify1002/gcc/lean4-src/stage0/src/../stdlib//Lean/Meta/Tactic/Grind/MatchDiscrOnly.c
[    ] Building /root/verify1002/gcc/lean4-src/stage0/src/../stdlib//Lean/Meta/Tactic/Grind/Order.c
[    ] Building /root/verify1002/gcc/lean4-src/stage0/src/../stdlib//Lean/Meta/Tactic/Grind/Order/Assert.c
[    ] Building /root/verify1002/gcc/lean4-src/stage0/src/../stdlib//Lean/Meta/Tactic/Grind/Order/Internalize.c
[    ] Building /root/verify1002/gcc/lean4-src/stage0/src/../stdlib//Lean/Meta/Tactic/Grind/Order/OrderM.c
[    ] Building /root/verify1002/gcc/lean4-src/stage0/src/../stdlib//Lean/Meta/Tactic/Grind/Order/Proof.c
[    ] Building /root/verify1002/gcc/lean4-src/stage0/src/../stdlib//Lean/Meta/Tactic/Grind/Order/StructId.c
[    ] Building /root/verify1002/gcc/lean4-src/stage0/src/../stdlib//Lean/Meta/Tactic/Grind/Order/Types.c
[    ] Building /root/verify1002/gcc/lean4-src/stage0/src/../stdlib//Lean/Meta/Tactic/Grind/Order/Util.c
[    ] Building /root/verify1002/gcc/lean4-src/stage0/src/../stdlib//Lean/Meta/Tactic/Grind/OrderInsts.c
[    ] Building /root/verify1002/gcc/lean4-src/stage0/src/../stdlib//Lean/Meta/Tactic/Grind/PP.c
[    ] Building /root/verify1002/gcc/lean4-src/stage0/src/../stdlib//Lean/Meta/Tactic/Grind/Parser.c
[    ] Building /root/verify1002/gcc/lean4-src/stage0/src/../stdlib//Lean/Meta/Tactic/Grind/Proj.c
[    ] Building /root/verify1002/gcc/lean4-src/stage0/src/../stdlib//Lean/Meta/Tactic/Grind/Proof.c
[    ] Building /root/verify1002/gcc/lean4-src/stage0/src/../stdlib//Lean/Meta/Tactic/Grind/ProofUtil.c
[    ] Building /root/verify1002/gcc/lean4-src/stage0/src/../stdlib//Lean/Meta/Tactic/Grind/Propagate.c
[    ] Building /root/verify1002/gcc/lean4-src/stage0/src/../stdlib//Lean/Meta/Tactic/Grind/PropagateInj.c
[    ] Building /root/verify1002/gcc/lean4-src/stage0/src/../stdlib//Lean/Meta/Tactic/Grind/PropagatorAttr.c
[    ] Building /root/verify1002/gcc/lean4-src/stage0/src/../stdlib//Lean/Meta/Tactic/Grind/ProveEq.c
[    ] Building /root/verify1002/gcc/lean4-src/stage0/src/../stdlib//Lean/Meta/Tactic/Grind/ReflCmp.c
[    ] Building /root/verify1002/gcc/lean4-src/stage0/src/../stdlib//Lean/Meta/Tactic/Grind/RevertAll.c
[    ] Building /root/verify1002/gcc/lean4-src/stage0/src/../stdlib//Lean/Meta/Tactic/Grind/Simp.c
[    ] Building /root/verify1002/gcc/lean4-src/stage0/src/../stdlib//Lean/Meta/Tactic/Grind/Solve.c
[    ] Building /root/verify1002/gcc/lean4-src/stage0/src/../stdlib//Lean/Meta/Tactic/Grind/SimpUtil.c
[    ] Building /root/verify1002/gcc/lean4-src/stage0/src/../stdlib//Lean/Meta/Tactic/Grind/Split.c
[    ] Building /root/verify1002/gcc/lean4-src/stage0/src/../stdlib//Lean/Meta/Tactic/Grind/SynthInstance.c
[    ] Building /root/verify1002/gcc/lean4-src/stage0/src/../stdlib//Lean/Meta/Tactic/Grind/Theorems.c
[    ] Building /root/verify1002/gcc/lean4-src/stage0/src/../stdlib//Lean/Meta/Tactic/Grind/Util.c
[    ] Building /root/verify1002/gcc/lean4-src/stage0/src/../stdlib//Lean/Meta/Tactic/Grind/Types.c
[    ] Building /root/verify1002/gcc/lean4-src/stage0/src/../stdlib//Lean/Meta/Tactic/Grind/VarRename.c
[    ] Building /root/verify1002/gcc/lean4-src/stage0/src/../stdlib//Lean/Meta/Tactic/IndependentOf.c
[    ] Building /root/verify1002/gcc/lean4-src/stage0/src/../stdlib//Lean/Meta/Tactic/Induction.c
[    ] Building /root/verify1002/gcc/lean4-src/stage0/src/../stdlib//Lean/Meta/Tactic/Injection.c
[    ] Building /root/verify1002/gcc/lean4-src/stage0/src/../stdlib//Lean/Meta/Tactic/Intro.c
[    ] Building /root/verify1002/gcc/lean4-src/stage0/src/../stdlib//Lean/Meta/Tactic/Lets.c
[    ] Building /root/verify1002/gcc/lean4-src/stage0/src/../stdlib//Lean/Meta/Tactic/LibrarySearch.c
[    ] Building /root/verify1002/gcc/lean4-src/stage0/src/../stdlib//Lean/Meta/Tactic/NormCast.c
[    ] Building /root/verify1002/gcc/lean4-src/stage0/src/../stdlib//Lean/Meta/Tactic/Refl.c
[    ] Building /root/verify1002/gcc/lean4-src/stage0/src/../stdlib//Lean/Meta/Tactic/Rename.c
[    ] Building /root/verify1002/gcc/lean4-src/stage0/src/../stdlib//Lean/Meta/Tactic/Repeat.c
[    ] Building /root/verify1002/gcc/lean4-src/stage0/src/../stdlib//Lean/Meta/Tactic/Replace.c
[    ] Building /root/verify1002/gcc/lean4-src/stage0/src/../stdlib//Lean/Meta/Tactic/Revert.c
[    ] Building /root/verify1002/gcc/lean4-src/stage0/src/../stdlib//Lean/Meta/Tactic/Rewrite.c
[    ] Building /root/verify1002/gcc/lean4-src/stage0/src/../stdlib//Lean/Meta/Tactic/Rewrites.c
[    ] Building /root/verify1002/gcc/lean4-src/stage0/src/../stdlib//Lean/Meta/Tactic/Rfl.c
[    ] Building /root/verify1002/gcc/lean4-src/stage0/src/../stdlib//Lean/Meta/Tactic/Simp.c
[    ] Building /root/verify1002/gcc/lean4-src/stage0/src/../stdlib//Lean/Meta/Tactic/Simp/Arith.c
[    ] Building /root/verify1002/gcc/lean4-src/stage0/src/../stdlib//Lean/Meta/Tactic/Simp/Arith/Int.c
[    ] Building /root/verify1002/gcc/lean4-src/stage0/src/../stdlib//Lean/Meta/Tactic/Simp/Arith/Int/Simp.c
[    ] Building /root/verify1002/gcc/lean4-src/stage0/src/../stdlib//Lean/Meta/Tactic/Simp/Arith/Int/Basic.c
[    ] Building /root/verify1002/gcc/lean4-src/stage0/src/../stdlib//Lean/Meta/Tactic/Simp/Arith/Nat.c
[    ] Building /root/verify1002/gcc/lean4-src/stage0/src/../stdlib//Lean/Meta/Tactic/Simp/Arith/Nat/Basic.c
[    ] Building /root/verify1002/gcc/lean4-src/stage0/src/../stdlib//Lean/Meta/Tactic/Simp/Arith/Nat/Simp.c
[    ] Building /root/verify1002/gcc/lean4-src/stage0/src/../stdlib//Lean/Meta/Tactic/Simp/Arith/Util.c
[    ] Building /root/verify1002/gcc/lean4-src/stage0/src/../stdlib//Lean/Meta/Tactic/Simp/Attr.c
[    ] Building /root/verify1002/gcc/lean4-src/stage0/src/../stdlib//Lean/Meta/Tactic/Simp/BuiltinSimprocs.c
[    ] Building /root/verify1002/gcc/lean4-src/stage0/src/../stdlib//Lean/Meta/Tactic/Simp/BuiltinSimprocs/Array.c
[    ] Building /root/verify1002/gcc/lean4-src/stage0/src/../stdlib//Lean/Meta/Tactic/Simp/BuiltinSimprocs/BitVec.c
[    ] Building /root/verify1002/gcc/lean4-src/stage0/src/../stdlib//Lean/Meta/Tactic/Simp/BuiltinSimprocs/Char.c
[    ] Building /root/verify1002/gcc/lean4-src/stage0/src/../stdlib//Lean/Meta/Tactic/Simp/BuiltinSimprocs/Core.c
[    ] Building /root/verify1002/gcc/lean4-src/stage0/src/../stdlib//Lean/Meta/Tactic/Simp/BuiltinSimprocs/CtorIdx.c
[    ] Building /root/verify1002/gcc/lean4-src/stage0/src/../stdlib//Lean/Meta/Tactic/Simp/BuiltinSimprocs/Fin.c
[    ] Building /root/verify1002/gcc/lean4-src/stage0/src/../stdlib//Lean/Meta/Tactic/Simp/BuiltinSimprocs/Int.c
[    ] Building /root/verify1002/gcc/lean4-src/stage0/src/../stdlib//Lean/Meta/Tactic/Simp/BuiltinSimprocs/List.c
[    ] Building /root/verify1002/gcc/lean4-src/stage0/src/../stdlib//Lean/Meta/Tactic/Simp/BuiltinSimprocs/MethodSpecs.c
[    ] Building /root/verify1002/gcc/lean4-src/stage0/src/../stdlib//Lean/Meta/Tactic/Simp/BuiltinSimprocs/Nat.c
[    ] Building /root/verify1002/gcc/lean4-src/stage0/src/../stdlib//Lean/Meta/Tactic/Simp/BuiltinSimprocs/SInt.c
[    ] Building /root/verify1002/gcc/lean4-src/stage0/src/../stdlib//Lean/Meta/Tactic/Simp/BuiltinSimprocs/String.c
[    ] Building /root/verify1002/gcc/lean4-src/stage0/src/../stdlib//Lean/Meta/Tactic/Simp/BuiltinSimprocs/UInt.c
[    ] Building /root/verify1002/gcc/lean4-src/stage0/src/../stdlib//Lean/Meta/Tactic/Simp/BuiltinSimprocs/Util.c
[    ] Building /root/verify1002/gcc/lean4-src/stage0/src/../stdlib//Lean/Meta/Tactic/Simp/Diagnostics.c
[    ] Building /root/verify1002/gcc/lean4-src/stage0/src/../stdlib//Lean/Meta/Tactic/Simp/LoopProtection.c
[    ] Building /root/verify1002/gcc/lean4-src/stage0/src/../stdlib//Lean/Meta/Tactic/Simp/Main.c
[    ] Building /root/verify1002/gcc/lean4-src/stage0/src/../stdlib//Lean/Meta/Tactic/Simp/RegisterCommand.c
[    ] Building /root/verify1002/gcc/lean4-src/stage0/src/../stdlib//Lean/Meta/Tactic/Simp/Rewrite.c
[    ] Building /root/verify1002/gcc/lean4-src/stage0/src/../stdlib//Lean/Meta/Tactic/Simp/SimpAll.c
[    ] Building /root/verify1002/gcc/lean4-src/stage0/src/../stdlib//Lean/Meta/Tactic/Simp/SimpCongrTheorems.c
[    ] Building /root/verify1002/gcc/lean4-src/stage0/src/../stdlib//Lean/Meta/Tactic/Simp/Simproc.c
[    ] Building /root/verify1002/gcc/lean4-src/stage0/src/../stdlib//Lean/Meta/Tactic/Simp/SimpTheorems.c
[    ] Building /root/verify1002/gcc/lean4-src/stage0/src/../stdlib//Lean/Meta/Tactic/Simp/Types.c
[    ] Building /root/verify1002/gcc/lean4-src/stage0/src/../stdlib//Lean/Meta/Tactic/SolveByElim.c
[    ] Building /root/verify1002/gcc/lean4-src/stage0/src/../stdlib//Lean/Meta/Tactic/Split.c
[    ] Building /root/verify1002/gcc/lean4-src/stage0/src/../stdlib//Lean/Meta/Tactic/SplitIf.c
[    ] Building /root/verify1002/gcc/lean4-src/stage0/src/../stdlib//Lean/Meta/Tactic/Subst.c
[    ] Building /root/verify1002/gcc/lean4-src/stage0/src/../stdlib//Lean/Meta/Tactic/Symm.c
[    ] Building /root/verify1002/gcc/lean4-src/stage0/src/../stdlib//Lean/Meta/Tactic/Try.c
[    ] Building /root/verify1002/gcc/lean4-src/stage0/src/../stdlib//Lean/Meta/Tactic/Try/Collect.c
[    ] Building /root/verify1002/gcc/lean4-src/stage0/src/../stdlib//Lean/Meta/Tactic/TryThis.c
[    ] Building /root/verify1002/gcc/lean4-src/stage0/src/../stdlib//Lean/Meta/Tactic/Unfold.c
[    ] Building /root/verify1002/gcc/lean4-src/stage0/src/../stdlib//Lean/Meta/Tactic/UnifyEq.c
[    ] Building /root/verify1002/gcc/lean4-src/stage0/src/../stdlib//Lean/Meta/Tactic/Util.c
[    ] Building /root/verify1002/gcc/lean4-src/stage0/src/../stdlib//Lean/Meta/Transform.c
[    ] Building /root/verify1002/gcc/lean4-src/stage0/src/../stdlib//Lean/Meta/TransparencyMode.c
[    ] Building /root/verify1002/gcc/lean4-src/stage0/src/../stdlib//Lean/Meta/TryThis.c
[    ] Building /root/verify1002/gcc/lean4-src/stage0/src/../stdlib//Lean/Meta/UnificationHint.c
[    ] Building /root/verify1002/gcc/lean4-src/stage0/src/../stdlib//Lean/Meta/WHNF.c
[    ] Building /root/verify1002/gcc/lean4-src/stage0/src/../stdlib//Lean/MetavarContext.c
[    ] Building /root/verify1002/gcc/lean4-src/stage0/src/../stdlib//Lean/Modifiers.c
[    ] Building /root/verify1002/gcc/lean4-src/stage0/src/../stdlib//Lean/MonadEnv.c
[    ] Building /root/verify1002/gcc/lean4-src/stage0/src/../stdlib//Lean/Namespace.c
[    ] Building /root/verify1002/gcc/lean4-src/stage0/src/../stdlib//Lean/Parser.c
[    ] Building /root/verify1002/gcc/lean4-src/stage0/src/../stdlib//Lean/Parser/Attr.c
[    ] Building /root/verify1002/gcc/lean4-src/stage0/src/../stdlib//Lean/Parser/Basic.c
[    ] Building /root/verify1002/gcc/lean4-src/stage0/src/../stdlib//Lean/Parser/Command.c
[    ] Building /root/verify1002/gcc/lean4-src/stage0/src/../stdlib//Lean/Parser/Do.c
[    ] Building /root/verify1002/gcc/lean4-src/stage0/src/../stdlib//Lean/Parser/Extension.c
[    ] Building /root/verify1002/gcc/lean4-src/stage0/src/../stdlib//Lean/Parser/Extra.c
[    ] Building /root/verify1002/gcc/lean4-src/stage0/src/../stdlib//Lean/Parser/Level.c
[    ] Building /root/verify1002/gcc/lean4-src/stage0/src/../stdlib//Lean/Parser/Module.c
[    ] Building /root/verify1002/gcc/lean4-src/stage0/src/../stdlib//Lean/Parser/StrInterpolation.c
[    ] Building /root/verify1002/gcc/lean4-src/stage0/src/../stdlib//Lean/Parser/Syntax.c
[    ] Building /root/verify1002/gcc/lean4-src/stage0/src/../stdlib//Lean/Parser/Tactic.c
[    ] Building /root/verify1002/gcc/lean4-src/stage0/src/../stdlib//Lean/Parser/Tactic/Doc.c
[    ] Building /root/verify1002/gcc/lean4-src/stage0/src/../stdlib//Lean/Parser/Term.c
[    ] Building /root/verify1002/gcc/lean4-src/stage0/src/../stdlib//Lean/Parser/Term/Basic.c
[    ] Building /root/verify1002/gcc/lean4-src/stage0/src/../stdlib//Lean/Parser/Term/Doc.c
[    ] Building /root/verify1002/gcc/lean4-src/stage0/src/../stdlib//Lean/Parser/Types.c
[    ] Building /root/verify1002/gcc/lean4-src/stage0/src/../stdlib//Lean/ParserCompiler.c
[    ] Building /root/verify1002/gcc/lean4-src/stage0/src/../stdlib//Lean/ParserCompiler/Attribute.c
[    ] Building /root/verify1002/gcc/lean4-src/stage0/src/../stdlib//Lean/PrettyPrinter.c
[    ] Building /root/verify1002/gcc/lean4-src/stage0/src/../stdlib//Lean/PrettyPrinter/Basic.c
[    ] Building /root/verify1002/gcc/lean4-src/stage0/src/../stdlib//Lean/PrettyPrinter/Delaborator.c
[    ] Building /root/verify1002/gcc/lean4-src/stage0/src/../stdlib//Lean/PrettyPrinter/Delaborator/Basic.c
[    ] Building /root/verify1002/gcc/lean4-src/stage0/src/../stdlib//Lean/PrettyPrinter/Delaborator/Attributes.c
[    ] Building /root/verify1002/gcc/lean4-src/stage0/src/../stdlib//Lean/PrettyPrinter/Delaborator/Builtins.c
[    ] Building /root/verify1002/gcc/lean4-src/stage0/src/../stdlib//Lean/PrettyPrinter/Delaborator/FieldNotation.c
[    ] Building /root/verify1002/gcc/lean4-src/stage0/src/../stdlib//Lean/PrettyPrinter/Delaborator/Options.c
[    ] Building /root/verify1002/gcc/lean4-src/stage0/src/../stdlib//Lean/PrettyPrinter/Delaborator/SubExpr.c
[    ] Building /root/verify1002/gcc/lean4-src/stage0/src/../stdlib//Lean/PrettyPrinter/Delaborator/TopDownAnalyze.c
[    ] Building /root/verify1002/gcc/lean4-src/stage0/src/../stdlib//Lean/PrettyPrinter/Formatter.c
[    ] Building /root/verify1002/gcc/lean4-src/stage0/src/../stdlib//Lean/PrettyPrinter/Parenthesizer.c
[    ] Building /root/verify1002/gcc/lean4-src/stage0/src/../stdlib//Lean/PrivateName.c
[    ] Building /root/verify1002/gcc/lean4-src/stage0/src/../stdlib//Lean/ReducibilityAttrs.c
[    ] Building /root/verify1002/gcc/lean4-src/stage0/src/../stdlib//Lean/ProjFns.c
[    ] Building /root/verify1002/gcc/lean4-src/stage0/src/../stdlib//Lean/Replay.c
[    ] Building /root/verify1002/gcc/lean4-src/stage0/src/../stdlib//Lean/ReservedNameAction.c
[    ] Building /root/verify1002/gcc/lean4-src/stage0/src/../stdlib//Lean/ResolveName.c
[    ] Building /root/verify1002/gcc/lean4-src/stage0/src/../stdlib//Lean/Runtime.c
[    ] Building /root/verify1002/gcc/lean4-src/stage0/src/../stdlib//Lean/ScopedEnvExtension.c
[    ] Building /root/verify1002/gcc/lean4-src/stage0/src/../stdlib//Lean/Server.c
[    ] Building /root/verify1002/gcc/lean4-src/stage0/src/../stdlib//Lean/Server/AsyncList.c
[    ] Building /root/verify1002/gcc/lean4-src/stage0/src/../stdlib//Lean/Server/CodeActions.c
[    ] Building /root/verify1002/gcc/lean4-src/stage0/src/../stdlib//Lean/Server/CodeActions/Attr.c
[    ] Building /root/verify1002/gcc/lean4-src/stage0/src/../stdlib//Lean/Server/CodeActions/Basic.c
[    ] Building /root/verify1002/gcc/lean4-src/stage0/src/../stdlib//Lean/Server/CodeActions/Provider.c
[    ] Building /root/verify1002/gcc/lean4-src/stage0/src/../stdlib//Lean/Server/CodeActions/UnknownIdentifier.c
[    ] Building /root/verify1002/gcc/lean4-src/stage0/src/../stdlib//Lean/Server/Completion.c
[    ] Building /root/verify1002/gcc/lean4-src/stage0/src/../stdlib//Lean/Server/Completion/CompletionCollectors.c
[    ] Building /root/verify1002/gcc/lean4-src/stage0/src/../stdlib//Lean/Server/Completion/CompletionInfoSelection.c
[    ] Building /root/verify1002/gcc/lean4-src/stage0/src/../stdlib//Lean/Server/Completion/CompletionItemCompression.c
[    ] Building /root/verify1002/gcc/lean4-src/stage0/src/../stdlib//Lean/Server/Completion/CompletionResolution.c
[    ] Building /root/verify1002/gcc/lean4-src/stage0/src/../stdlib//Lean/Server/Completion/CompletionUtils.c
[    ] Building /root/verify1002/gcc/lean4-src/stage0/src/../stdlib//Lean/Server/Completion/EligibleHeaderDecls.c
[    ] Building /root/verify1002/gcc/lean4-src/stage0/src/../stdlib//Lean/Server/Completion/ImportCompletion.c
[    ] Building /root/verify1002/gcc/lean4-src/stage0/src/../stdlib//Lean/Server/Completion/SyntheticCompletion.c
[    ] Building /root/verify1002/gcc/lean4-src/stage0/src/../stdlib//Lean/Server/FileSource.c
[    ] Building /root/verify1002/gcc/lean4-src/stage0/src/../stdlib//Lean/Server/FileWorker.c
[    ] Building /root/verify1002/gcc/lean4-src/stage0/src/../stdlib//Lean/Server/FileWorker/ExampleHover.c
[    ] Building /root/verify1002/gcc/lean4-src/stage0/src/../stdlib//Lean/Server/FileWorker/InlayHints.c
[    ] Building /root/verify1002/gcc/lean4-src/stage0/src/../stdlib//Lean/Server/FileWorker/RequestHandling.c
[    ] Building /root/verify1002/gcc/lean4-src/stage0/src/../stdlib//Lean/Server/FileWorker/SemanticHighlighting.c
[    ] Building /root/verify1002/gcc/lean4-src/stage0/src/../stdlib//Lean/Server/FileWorker/SetupFile.c
[    ] Building /root/verify1002/gcc/lean4-src/stage0/src/../stdlib//Lean/Server/FileWorker/SignatureHelp.c
[    ] Building /root/verify1002/gcc/lean4-src/stage0/src/../stdlib//Lean/Server/FileWorker/Utils.c
[    ] Building /root/verify1002/gcc/lean4-src/stage0/src/../stdlib//Lean/Server/FileWorker/WidgetRequests.c
[    ] Building /root/verify1002/gcc/lean4-src/stage0/src/../stdlib//Lean/Server/GoTo.c
[    ] Building /root/verify1002/gcc/lean4-src/stage0/src/../stdlib//Lean/Server/InfoUtils.c
[    ] Building /root/verify1002/gcc/lean4-src/stage0/src/../stdlib//Lean/Server/Logging.c
[    ] Building /root/verify1002/gcc/lean4-src/stage0/src/../stdlib//Lean/Server/ProtocolOverview.c
[    ] Building /root/verify1002/gcc/lean4-src/stage0/src/../stdlib//Lean/Server/References.c
[    ] Building /root/verify1002/gcc/lean4-src/stage0/src/../stdlib//Lean/Server/RequestCancellation.c
[    ] Building /root/verify1002/gcc/lean4-src/stage0/src/../stdlib//Lean/Server/Requests.c
[    ] Building /root/verify1002/gcc/lean4-src/stage0/src/../stdlib//Lean/Server/Rpc.c
[    ] Building /root/verify1002/gcc/lean4-src/stage0/src/../stdlib//Lean/Server/Rpc/Basic.c
[    ] Building /root/verify1002/gcc/lean4-src/stage0/src/../stdlib//Lean/Server/Rpc/Deriving.c
[    ] Building /root/verify1002/gcc/lean4-src/stage0/src/../stdlib//Lean/Server/Rpc/RequestHandling.c
[    ] Building /root/verify1002/gcc/lean4-src/stage0/src/../stdlib//Lean/Server/ServerTask.c
[    ] Building /root/verify1002/gcc/lean4-src/stage0/src/../stdlib//Lean/Server/Snapshots.c
[    ] Building /root/verify1002/gcc/lean4-src/stage0/src/../stdlib//Lean/Server/Test.c
[    ] Building /root/verify1002/gcc/lean4-src/stage0/src/../stdlib//Lean/Server/Test/Cancel.c
[    ] Building /root/verify1002/gcc/lean4-src/stage0/src/../stdlib//Lean/Server/Test/Refs.c
[    ] Building /root/verify1002/gcc/lean4-src/stage0/src/../stdlib//Lean/Server/Utils.c
[    ] Building /root/verify1002/gcc/lean4-src/stage0/src/../stdlib//Lean/Server/Test/Runner.c
[    ] Building /root/verify1002/gcc/lean4-src/stage0/src/../stdlib//Lean/Server/Watchdog.c
[    ] Building /root/verify1002/gcc/lean4-src/stage0/src/../stdlib//Lean/Setup.c
[    ] Building /root/verify1002/gcc/lean4-src/stage0/src/../stdlib//Lean/Shell.c
[    ] Building /root/verify1002/gcc/lean4-src/stage0/src/../stdlib//Lean/Structure.c
[    ] Building /root/verify1002/gcc/lean4-src/stage0/src/../stdlib//Lean/SubExpr.c
[    ] Building /root/verify1002/gcc/lean4-src/stage0/src/../stdlib//Lean/Syntax.c
[    ] Building /root/verify1002/gcc/lean4-src/stage0/src/../stdlib//Lean/ToExpr.c
[    ] Building /root/verify1002/gcc/lean4-src/stage0/src/../stdlib//Lean/ToLevel.c
[    ] Building /root/verify1002/gcc/lean4-src/stage0/src/../stdlib//Lean/Util.c
[    ] Building /root/verify1002/gcc/lean4-src/stage0/src/../stdlib//Lean/Util/CollectAxioms.c
[    ] Building /root/verify1002/gcc/lean4-src/stage0/src/../stdlib//Lean/Util/CollectLevelMVars.c
[    ] Building /root/verify1002/gcc/lean4-src/stage0/src/../stdlib//Lean/Util/CollectFVars.c
[    ] Building /root/verify1002/gcc/lean4-src/stage0/src/../stdlib//Lean/Util/CollectLevelParams.c
[    ] Building /root/verify1002/gcc/lean4-src/stage0/src/../stdlib//Lean/Util/CollectLooseBVars.c
[    ] Building /root/verify1002/gcc/lean4-src/stage0/src/../stdlib//Lean/Util/CollectMVars.c
[    ] Building /root/verify1002/gcc/lean4-src/stage0/src/../stdlib//Lean/Util/Diff.c
[    ] Building /root/verify1002/gcc/lean4-src/stage0/src/../stdlib//Lean/Util/FVarSubset.c
[    ] Building /root/verify1002/gcc/lean4-src/stage0/src/../stdlib//Lean/Util/FindExpr.c
[    ] Building /root/verify1002/gcc/lean4-src/stage0/src/../stdlib//Lean/Util/FindLevelMVar.c
[    ] Building /root/verify1002/gcc/lean4-src/stage0/src/../stdlib//Lean/Util/FindMVar.c
[    ] Building /root/verify1002/gcc/lean4-src/stage0/src/../stdlib//Lean/Util/FoldConsts.c
[    ] Building /root/verify1002/gcc/lean4-src/stage0/src/../stdlib//Lean/Util/ForEachExpr.c
[    ] Building /root/verify1002/gcc/lean4-src/stage0/src/../stdlib//Lean/Util/ForEachExprWhere.c
[    ] Building /root/verify1002/gcc/lean4-src/stage0/src/../stdlib//Lean/Util/HasConstCache.c
[    ] Building /root/verify1002/gcc/lean4-src/stage0/src/../stdlib//Lean/Util/Heartbeats.c
[    ] Building /root/verify1002/gcc/lean4-src/stage0/src/../stdlib//Lean/Util/InstantiateLevelParams.c
[    ] Building /root/verify1002/gcc/lean4-src/stage0/src/../stdlib//Lean/Util/LakePath.c
[    ] Building /root/verify1002/gcc/lean4-src/stage0/src/../stdlib//Lean/Util/LeanOptions.c
[    ] Building /root/verify1002/gcc/lean4-src/stage0/src/../stdlib//Lean/Util/MonadBacktrack.c
[    ] Building /root/verify1002/gcc/lean4-src/stage0/src/../stdlib//Lean/Util/MonadCache.c
[    ] Building /root/verify1002/gcc/lean4-src/stage0/src/../stdlib//Lean/Util/NumApps.c
[    ] Building /root/verify1002/gcc/lean4-src/stage0/src/../stdlib//Lean/Util/NumObjs.c
[    ] Building /root/verify1002/gcc/lean4-src/stage0/src/../stdlib//Lean/Util/OccursCheck.c
[    ] Building /root/verify1002/gcc/lean4-src/stage0/src/../stdlib//Lean/Util/PPExt.c
[    ] Building /root/verify1002/gcc/lean4-src/stage0/src/../stdlib//Lean/Util/ParamMinimizer.c
[    ] Building /root/verify1002/gcc/lean4-src/stage0/src/../stdlib//Lean/Util/Path.c
[    ] Building /root/verify1002/gcc/lean4-src/stage0/src/../stdlib//Lean/Util/Profile.c
[    ] Building /root/verify1002/gcc/lean4-src/stage0/src/../stdlib//Lean/Util/Profiler.c
[    ] Building /root/verify1002/gcc/lean4-src/stage0/src/../stdlib//Lean/Util/PtrSet.c
[    ] Building /root/verify1002/gcc/lean4-src/stage0/src/../stdlib//Lean/Util/RecDepth.c
[    ] Building /root/verify1002/gcc/lean4-src/stage0/src/../stdlib//Lean/Util/Recognizers.c
[    ] Building /root/verify1002/gcc/lean4-src/stage0/src/../stdlib//Lean/Util/ReplaceExpr.c
[    ] Building /root/verify1002/gcc/lean4-src/stage0/src/../stdlib//Lean/Util/Reprove.c
[    ] Building /root/verify1002/gcc/lean4-src/stage0/src/../stdlib//Lean/Util/ReplaceLevel.c
[    ] Building /root/verify1002/gcc/lean4-src/stage0/src/../stdlib//Lean/Util/SCC.c
[    ] Building /root/verify1002/gcc/lean4-src/stage0/src/../stdlib//Lean/Util/SafeExponentiation.c
[    ] Building /root/verify1002/gcc/lean4-src/stage0/src/../stdlib//Lean/Util/ShareCommon.c
[    ] Building /root/verify1002/gcc/lean4-src/stage0/src/../stdlib//Lean/Util/Sorry.c
[    ] Building /root/verify1002/gcc/lean4-src/stage0/src/../stdlib//Lean/Util/SortExprs.c
[    ] Building /root/verify1002/gcc/lean4-src/stage0/src/../stdlib//Lean/Util/TestExtern.c
[    ] Building /root/verify1002/gcc/lean4-src/stage0/src/../stdlib//Lean/Util/Trace.c
[    ] Building /root/verify1002/gcc/lean4-src/stage0/src/../stdlib//Lean/Widget.c
[    ] Building /root/verify1002/gcc/lean4-src/stage0/src/../stdlib//Lean/Widget/Basic.c
[    ] Building /root/verify1002/gcc/lean4-src/stage0/src/../stdlib//Lean/Widget/Commands.c
[    ] Building /root/verify1002/gcc/lean4-src/stage0/src/../stdlib//Lean/Widget/Diff.c
[    ] Building /root/verify1002/gcc/lean4-src/stage0/src/../stdlib//Lean/Widget/InteractiveCode.c
[    ] Building /root/verify1002/gcc/lean4-src/stage0/src/../stdlib//Lean/Widget/InteractiveDiagnostic.c
[    ] Building /root/verify1002/gcc/lean4-src/stage0/src/../stdlib//Lean/Widget/InteractiveGoal.c
[    ] Building /root/verify1002/gcc/lean4-src/stage0/src/../stdlib//Lean/Widget/TaggedText.c
[    ] Building /root/verify1002/gcc/lean4-src/stage0/src/../stdlib//Lean/Widget/Types.c
[    ] Building /root/verify1002/gcc/lean4-src/stage0/src/../stdlib//Lean/Widget/UserWidget.c
[    ] Building /root/verify1002/gcc/lean4-src/stage0/src/../stdlib//Lean.c
[    ] Building /root/verify1002/gcc/lean4-src/stage0/src/../stdlib//Lake/Build.c
[    ] Building /root/verify1002/gcc/lean4-src/stage0/src/../stdlib//Lake/Build/Actions.c
[    ] Building /root/verify1002/gcc/lean4-src/stage0/src/../stdlib//Lake/Build/Common.c
[    ] Building /root/verify1002/gcc/lean4-src/stage0/src/../stdlib//Lake/Build/Context.c
[    ] Building /root/verify1002/gcc/lean4-src/stage0/src/../stdlib//Lake/Build/InputFile.c
[    ] Building /root/verify1002/gcc/lean4-src/stage0/src/../stdlib//Lake/Build/Data.c
[    ] Building /root/verify1002/gcc/lean4-src/stage0/src/../stdlib//Lake/Build/ExternLib.c
[    ] Building /root/verify1002/gcc/lean4-src/stage0/src/../stdlib//Lake/Build/Executable.c
[    ] Building /root/verify1002/gcc/lean4-src/stage0/src/../stdlib//Lake/Build/Facets.c
[    ] Building /root/verify1002/gcc/lean4-src/stage0/src/../stdlib//Lake/Build/Fetch.c
[    ] Building /root/verify1002/gcc/lean4-src/stage0/src/../stdlib//Lake/Build/Info.c
[    ] Building /root/verify1002/gcc/lean4-src/stage0/src/../stdlib//Lake/Build/Index.c
[    ] Building /root/verify1002/gcc/lean4-src/stage0/src/../stdlib//Lake/Build/InitFacets.c
[    ] Building /root/verify1002/gcc/lean4-src/stage0/src/../stdlib//Lake/Build/Job.c
[    ] Building /root/verify1002/gcc/lean4-src/stage0/src/../stdlib//Lake/Build/Infos.c
[    ] Building /root/verify1002/gcc/lean4-src/stage0/src/../stdlib//Lake/Build/Job/Basic.c
[    ] Building /root/verify1002/gcc/lean4-src/stage0/src/../stdlib//Lake/Build/Key.c
[    ] Building /root/verify1002/gcc/lean4-src/stage0/src/../stdlib//Lake/Build/Job/Register.c
[    ] Building /root/verify1002/gcc/lean4-src/stage0/src/../stdlib//Lake/Build/Library.c
[    ] Building /root/verify1002/gcc/lean4-src/stage0/src/../stdlib//Lake/Build/Module.c
[    ] Building /root/verify1002/gcc/lean4-src/stage0/src/../stdlib//Lake/Build/Job/Monad.c
[    ] Building /root/verify1002/gcc/lean4-src/stage0/src/../stdlib//Lake/Build/ModuleArtifacts.c
[    ] Building /root/verify1002/gcc/lean4-src/stage0/src/../stdlib//Lake/Build/Package.c
[    ] Building /root/verify1002/gcc/lean4-src/stage0/src/../stdlib//Lake/Build/Run.c
[    ] Building /root/verify1002/gcc/lean4-src/stage0/src/../stdlib//Lake/Build/Store.c
[    ] Building /root/verify1002/gcc/lean4-src/stage0/src/../stdlib//Lake/Build/Target.c
[    ] Building /root/verify1002/gcc/lean4-src/stage0/src/../stdlib//Lake/Build/Target/Basic.c
[    ] Building /root/verify1002/gcc/lean4-src/stage0/src/../stdlib//Lake/Build/Target/Fetch.c
[    ] Building /root/verify1002/gcc/lean4-src/stage0/src/../stdlib//Lake/Build/Targets.c
[    ] Building /root/verify1002/gcc/lean4-src/stage0/src/../stdlib//Lake/Build/Trace.c
[    ] Building /root/verify1002/gcc/lean4-src/stage0/src/../stdlib//Lake/CLI.c
[    ] Building /root/verify1002/gcc/lean4-src/stage0/src/../stdlib//Lake/Build/Topological.c
[    ] Building /root/verify1002/gcc/lean4-src/stage0/src/../stdlib//Lake/CLI/Actions.c
[    ] Building /root/verify1002/gcc/lean4-src/stage0/src/../stdlib//Lake/CLI/Build.c
[    ] Building /root/verify1002/gcc/lean4-src/stage0/src/../stdlib//Lake/CLI/Error.c
[    ] Building /root/verify1002/gcc/lean4-src/stage0/src/../stdlib//Lake/CLI/Init.c
[    ] Building /root/verify1002/gcc/lean4-src/stage0/src/../stdlib//Lake/CLI/Help.c
[    ] Building /root/verify1002/gcc/lean4-src/stage0/src/../stdlib//Lake/CLI/Main.c
[    ] Building /root/verify1002/gcc/lean4-src/stage0/src/../stdlib//Lake/CLI/Serve.c
[    ] Building /root/verify1002/gcc/lean4-src/stage0/src/../stdlib//Lake/CLI/Translate.c
[    ] Building /root/verify1002/gcc/lean4-src/stage0/src/../stdlib//Lake/CLI/Translate/Lean.c
[    ] Building /root/verify1002/gcc/lean4-src/stage0/src/../stdlib//Lake/Config.c
[    ] Building /root/verify1002/gcc/lean4-src/stage0/src/../stdlib//Lake/CLI/Translate/Toml.c
[    ] Building /root/verify1002/gcc/lean4-src/stage0/src/../stdlib//Lake/Config/Artifact.c
[    ] Building /root/verify1002/gcc/lean4-src/stage0/src/../stdlib//Lake/Config/Cache.c
[    ] Building /root/verify1002/gcc/lean4-src/stage0/src/../stdlib//Lake/Config/ConfigDecl.c
[    ] Building /root/verify1002/gcc/lean4-src/stage0/src/../stdlib//Lake/Config/ConfigTarget.c
[    ] Building /root/verify1002/gcc/lean4-src/stage0/src/../stdlib//Lake/Config/Context.c
[    ] Building /root/verify1002/gcc/lean4-src/stage0/src/../stdlib//Lake/Config/Defaults.c
[    ] Building /root/verify1002/gcc/lean4-src/stage0/src/../stdlib//Lake/Config/Dependency.c
[    ] Building /root/verify1002/gcc/lean4-src/stage0/src/../stdlib//Lake/Config/Dynlib.c
[    ] Building /root/verify1002/gcc/lean4-src/stage0/src/../stdlib//Lake/Config/Env.c
[    ] Building /root/verify1002/gcc/lean4-src/stage0/src/../stdlib//Lake/Config/ExternLib.c
[    ] Building /root/verify1002/gcc/lean4-src/stage0/src/../stdlib//Lake/Config/ExternLibConfig.c
[    ] Building /root/verify1002/gcc/lean4-src/stage0/src/../stdlib//Lake/Config/FacetConfig.c
[    ] Building /root/verify1002/gcc/lean4-src/stage0/src/../stdlib//Lake/Config/Glob.c
[    ] Building /root/verify1002/gcc/lean4-src/stage0/src/../stdlib//Lake/Config/InputFile.c
[    ] Building /root/verify1002/gcc/lean4-src/stage0/src/../stdlib//Lake/Config/InputFileConfig.c
[    ] Building /root/verify1002/gcc/lean4-src/stage0/src/../stdlib//Lake/Config/InstallPath.c
[    ] Building /root/verify1002/gcc/lean4-src/stage0/src/../stdlib//Lake/Config/Kinds.c
[    ] Building /root/verify1002/gcc/lean4-src/stage0/src/../stdlib//Lake/Config/Lang.c
[    ] Building /root/verify1002/gcc/lean4-src/stage0/src/../stdlib//Lake/Config/LeanConfig.c
[    ] Building /root/verify1002/gcc/lean4-src/stage0/src/../stdlib//Lake/Config/LeanExe.c
[    ] Building /root/verify1002/gcc/lean4-src/stage0/src/../stdlib//Lake/Config/LeanExeConfig.c
[    ] Building /root/verify1002/gcc/lean4-src/stage0/src/../stdlib//Lake/Config/LeanLib.c
[    ] Building /root/verify1002/gcc/lean4-src/stage0/src/../stdlib//Lake/Config/LeanLibConfig.c
[    ] Building /root/verify1002/gcc/lean4-src/stage0/src/../stdlib//Lake/Config/Meta.c
[    ] Building /root/verify1002/gcc/lean4-src/stage0/src/../stdlib//Lake/Config/MetaClasses.c
[    ] Building /root/verify1002/gcc/lean4-src/stage0/src/../stdlib//Lake/Config/Monad.c
[    ] Building /root/verify1002/gcc/lean4-src/stage0/src/../stdlib//Lake/Config/Module.c
[    ] Building /root/verify1002/gcc/lean4-src/stage0/src/../stdlib//Lake/Config/Opaque.c
[    ] Building /root/verify1002/gcc/lean4-src/stage0/src/../stdlib//Lake/Config/OutFormat.c
[    ] Building /root/verify1002/gcc/lean4-src/stage0/src/../stdlib//Lake/Config/Package.c
[    ] Building /root/verify1002/gcc/lean4-src/stage0/src/../stdlib//Lake/Config/PackageConfig.c
[    ] Building /root/verify1002/gcc/lean4-src/stage0/src/../stdlib//Lake/Config/Pattern.c
[    ] Building /root/verify1002/gcc/lean4-src/stage0/src/../stdlib//Lake/Config/Script.c
[    ] Building /root/verify1002/gcc/lean4-src/stage0/src/../stdlib//Lake/Config/TargetConfig.c
[    ] Building /root/verify1002/gcc/lean4-src/stage0/src/../stdlib//Lake/Config/Workspace.c
[    ] Building /root/verify1002/gcc/lean4-src/stage0/src/../stdlib//Lake/Config/WorkspaceConfig.c
[    ] Building /root/verify1002/gcc/lean4-src/stage0/src/../stdlib//Lake/DSL.c
[    ] Building /root/verify1002/gcc/lean4-src/stage0/src/../stdlib//Lake/DSL/Attributes.c
[    ] Building /root/verify1002/gcc/lean4-src/stage0/src/../stdlib//Lake/DSL/AttributesCore.c
[    ] Building /root/verify1002/gcc/lean4-src/stage0/src/../stdlib//Lake/DSL/Config.c
[    ] Building /root/verify1002/gcc/lean4-src/stage0/src/../stdlib//Lake/DSL/DeclUtil.c
[    ] Building /root/verify1002/gcc/lean4-src/stage0/src/../stdlib//Lake/DSL/Extensions.c
[    ] Building /root/verify1002/gcc/lean4-src/stage0/src/../stdlib//Lake/DSL/Key.c
[    ] Building /root/verify1002/gcc/lean4-src/stage0/src/../stdlib//Lake/DSL/Meta.c
[    ] Building /root/verify1002/gcc/lean4-src/stage0/src/../stdlib//Lake/DSL/Package.c
[    ] Building /root/verify1002/gcc/lean4-src/stage0/src/../stdlib//Lake/DSL/Require.c
[    ] Building /root/verify1002/gcc/lean4-src/stage0/src/../stdlib//Lake/DSL/Script.c
[    ] Building /root/verify1002/gcc/lean4-src/stage0/src/../stdlib//Lake/DSL/Syntax.c
[    ] Building /root/verify1002/gcc/lean4-src/stage0/src/../stdlib//Lake/DSL/Targets.c
[    ] Building /root/verify1002/gcc/lean4-src/stage0/src/../stdlib//Lake/DSL/VerLit.c
[    ] Building /root/verify1002/gcc/lean4-src/stage0/src/../stdlib//Lake/Load.c
[    ] Building /root/verify1002/gcc/lean4-src/stage0/src/../stdlib//Lake/Load/Config.c
[    ] Building /root/verify1002/gcc/lean4-src/stage0/src/../stdlib//Lake/Load/Lean.c
[    ] Building /root/verify1002/gcc/lean4-src/stage0/src/../stdlib//Lake/Load/Lean/Elab.c
[    ] Building /root/verify1002/gcc/lean4-src/stage0/src/../stdlib//Lake/Load/Lean/Eval.c
[    ] Building /root/verify1002/gcc/lean4-src/stage0/src/../stdlib//Lake/Load/Materialize.c
[    ] Building /root/verify1002/gcc/lean4-src/stage0/src/../stdlib//Lake/Load/Manifest.c
[    ] Building /root/verify1002/gcc/lean4-src/stage0/src/../stdlib//Lake/Load/Package.c
[    ] Building /root/verify1002/gcc/lean4-src/stage0/src/../stdlib//Lake/Load/Resolve.c
[    ] Building /root/verify1002/gcc/lean4-src/stage0/src/../stdlib//Lake/Load/Toml.c
[    ] Building /root/verify1002/gcc/lean4-src/stage0/src/../stdlib//Lake/Load/Workspace.c
[    ] Building /root/verify1002/gcc/lean4-src/stage0/src/../stdlib//Lake/Reservoir.c
[    ] Building /root/verify1002/gcc/lean4-src/stage0/src/../stdlib//Lake/Toml.c
[    ] Building /root/verify1002/gcc/lean4-src/stage0/src/../stdlib//Lake/Toml/Data/DateTime.c
[    ] Building /root/verify1002/gcc/lean4-src/stage0/src/../stdlib//Lake/Toml/Data.c
[    ] Building /root/verify1002/gcc/lean4-src/stage0/src/../stdlib//Lake/Toml/Data/Dict.c
[    ] Building /root/verify1002/gcc/lean4-src/stage0/src/../stdlib//Lake/Toml/Data/Value.c
[    ] Building /root/verify1002/gcc/lean4-src/stage0/src/../stdlib//Lake/Toml/Decode.c
[    ] Building /root/verify1002/gcc/lean4-src/stage0/src/../stdlib//Lake/Toml/Elab.c
[    ] Building /root/verify1002/gcc/lean4-src/stage0/src/../stdlib//Lake/Toml/Elab/Expression.c
[    ] Building /root/verify1002/gcc/lean4-src/stage0/src/../stdlib//Lake/Toml/Elab/Value.c
[    ] Building /root/verify1002/gcc/lean4-src/stage0/src/../stdlib//Lake/Toml/Encode.c
[    ] Building /root/verify1002/gcc/lean4-src/stage0/src/../stdlib//Lake/Toml/Grammar.c
[    ] Building /root/verify1002/gcc/lean4-src/stage0/src/../stdlib//Lake/Toml/Load.c
[    ] Building /root/verify1002/gcc/lean4-src/stage0/src/../stdlib//Lake/Toml/ParserUtil.c
[    ] Building /root/verify1002/gcc/lean4-src/stage0/src/../stdlib//Lake/Util.c
[    ] Building /root/verify1002/gcc/lean4-src/stage0/src/../stdlib//Lake/Util/Binder.c
[    ] Building /root/verify1002/gcc/lean4-src/stage0/src/../stdlib//Lake/Util/Casing.c
[    ] Building /root/verify1002/gcc/lean4-src/stage0/src/../stdlib//Lake/Util/Cli.c
[    ] Building /root/verify1002/gcc/lean4-src/stage0/src/../stdlib//Lake/Util/Cycle.c
[    ] Building /root/verify1002/gcc/lean4-src/stage0/src/../stdlib//Lake/Util/Date.c
[    ] Building /root/verify1002/gcc/lean4-src/stage0/src/../stdlib//Lake/Util/EStateT.c
[    ] Building /root/verify1002/gcc/lean4-src/stage0/src/../stdlib//Lake/Util/EquipT.c
[    ] Building /root/verify1002/gcc/lean4-src/stage0/src/../stdlib//Lake/Util/Exit.c
[    ] Building /root/verify1002/gcc/lean4-src/stage0/src/../stdlib//Lake/Util/Error.c
[    ] Building /root/verify1002/gcc/lean4-src/stage0/src/../stdlib//Lake/Util/Family.c
[    ] Building /root/verify1002/gcc/lean4-src/stage0/src/../stdlib//Lake/Util/FilePath.c
[    ] Building /root/verify1002/gcc/lean4-src/stage0/src/../stdlib//Lake/Util/Git.c
[    ] Building /root/verify1002/gcc/lean4-src/stage0/src/../stdlib//Lake/Util/IO.c
[    ] Building /root/verify1002/gcc/lean4-src/stage0/src/../stdlib//Lake/Util/JsonObject.c
[    ] Building /root/verify1002/gcc/lean4-src/stage0/src/../stdlib//Lake/Util/Lift.c
[    ] Building /root/verify1002/gcc/lean4-src/stage0/src/../stdlib//Lake/Util/Log.c
[    ] Building /root/verify1002/gcc/lean4-src/stage0/src/../stdlib//Lake/Util/Lock.c
[    ] Building /root/verify1002/gcc/lean4-src/stage0/src/../stdlib//Lake/Util/MainM.c
[    ] Building /root/verify1002/gcc/lean4-src/stage0/src/../stdlib//Lake/Util/Message.c
[    ] Building /root/verify1002/gcc/lean4-src/stage0/src/../stdlib//Lake/Util/Name.c
[    ] Building /root/verify1002/gcc/lean4-src/stage0/src/../stdlib//Lake/Util/NativeLib.c
[    ] Building /root/verify1002/gcc/lean4-src/stage0/src/../stdlib//Lake/Util/Opaque.c
[    ] Building /root/verify1002/gcc/lean4-src/stage0/src/../stdlib//Lake/Util/OpaqueType.c
[    ] Building /root/verify1002/gcc/lean4-src/stage0/src/../stdlib//Lake/Util/OrdHashSet.c
[    ] Building /root/verify1002/gcc/lean4-src/stage0/src/../stdlib//Lake/Util/OrderedTagAttribute.c
[    ] Building /root/verify1002/gcc/lean4-src/stage0/src/../stdlib//Lake/Util/Proc.c
[    ] Building /root/verify1002/gcc/lean4-src/stage0/src/../stdlib//Lake/Util/RBArray.c
[    ] Building /root/verify1002/gcc/lean4-src/stage0/src/../stdlib//Lake/Util/Reservoir.c
[    ] Building /root/verify1002/gcc/lean4-src/stage0/src/../stdlib//Lake/Util/Store.c
[    ] Building /root/verify1002/gcc/lean4-src/stage0/src/../stdlib//Lake/Util/StoreInsts.c
[    ] Building /root/verify1002/gcc/lean4-src/stage0/src/../stdlib//Lake/Util/String.c
[    ] Building /root/verify1002/gcc/lean4-src/stage0/src/../stdlib//Lake/Util/Task.c
[    ] Building /root/verify1002/gcc/lean4-src/stage0/src/../stdlib//Lake/Util/Url.c
[    ] Building /root/verify1002/gcc/lean4-src/stage0/src/../stdlib//Lake/Util/Version.c
[    ] Building /root/verify1002/gcc/lean4-src/stage0/src/../stdlib//Lake/Version.c
[    ] Building /root/verify1002/gcc/lean4-src/stage0/src/../stdlib//Lake.c
[    ] Building /root/verify1002/gcc/lean4-src/stage0/src/../stdlib//LakeMain.c
[100%] Built target make_stdlib
[    ] Building /root/verify1002/gcc/lean4-src/build/stage0/lib/lean/libInit_shared.so
[100%] Built target Init_shared
[    ] Building /root/verify1002/gcc/lean4-src/build/stage0/lib/lean/libleanshared.so
[100%] Built target leanshared
[    ] Building /root/verify1002/gcc/lean4-src/build/stage0/bin/lean
[    ] Building /root/verify1002/gcc/lean4-src/build/stage0/lib/lean/libLake_shared.so
[100%] Built target lean
[100%] Built target lake_shared
[    ] Building /root/verify1002/gcc/lean4-src/build/stage0/bin/lake
[100%] Built target lake
[ 71%] No install step for 'stage0'
[ 75%] Completed 'stage0'
[ 75%] Built target stage0
[ 78%] Creating directories for 'stage1'
[ 81%] No download step for 'stage1'
[ 84%] No update step for 'stage1'
[ 87%] No patch step for 'stage1'
[ 90%] Performing configure step for 'stage1'
-- The CXX compiler identification is GNU 13.3.0
-- The C compiler identification is GNU 13.3.0
-- Detecting CXX compiler ABI info
-- Detecting CXX compiler ABI info - done
-- Check for working CXX compiler: /usr/bin/c++ - skipped
-- Detecting CXX compile features
-- Detecting CXX compile features - done
-- Detecting C compiler ABI info
-- Detecting C compiler ABI info - done
-- Check for working C compiler: /usr/bin/cc - skipped
-- Detecting C compile features
-- Detecting C compile features - done
cc: error: unrecognized command-line option ‘--print-target-triple’
cc: fatal error: no input files
compilation terminated.
-- 64-bit machine detected
-- Found GMP: /usr/include/x86_64-linux-gnu (Required is at least version "5.0.5") 
-- Found PkgConfig: /usr/bin/pkg-config (found version "1.8.1") 
-- Checking for one of the modules 'libuv'
-- LIBUV_LDFLAGS: -L/usr/lib/x86_64-linux-gnu-luv-lpthread-ldl-lrt
-- LIBUV_INCLUDE_DIRS: /usr/include
-- Found LibUV: TRUE (Required is at least version "1.0.0") 
CMake Warning (dev) at CMakeLists.txt:355 (find_package):
  Policy CMP0148 is not set: The FindPythonInterp and FindPythonLibs modules
  are removed.  Run "cmake --help-policy CMP0148" for policy details.  Use
  the cmake_policy command to set the policy and suppress this warning.

This warning is for project developers.  Use -Wno-dev to suppress it.

-- Found PythonInterp: /usr/local/bin/python (found version "3.12.3") 
CMake Warning at CMakeLists.txt:387 (message):
  Disabling LLVM support


-- git commit sha1: db93fe1608548721853390a10cd40580fe7d22ae
-- Configuring done (1.1s)
-- Generating done (0.1s)
-- Build files have been written to: /root/verify1002/gcc/lean4-src/build/stage1
[ 93%] Performing build step for 'stage1'
[  0%] Building CXX object library/constructions/CMakeFiles/constructions.dir/cases_on.cpp.o
[  2%] Building CXX object library/constructions/CMakeFiles/constructions.dir/util.cpp.o
[  2%] Building CXX object library/constructions/CMakeFiles/constructions.dir/init_module.cpp.o
[  2%] Building CXX object CMakeFiles/leanshell.dir/util/shell.cpp.o
[  2%] Building CXX object initialize/CMakeFiles/initialize.dir/init.cpp.o
[  4%] Building CXX object util/CMakeFiles/util.dir/name.cpp.o
[  4%] Building CXX object library/CMakeFiles/library.dir/expr_lt.cpp.o
[  5%] Building CXX object kernel/CMakeFiles/kernel.dir/level.cpp.o
[  6%] Building CXX object kernel/CMakeFiles/kernel.dir/for_each_fn.cpp.o
[  6%] Building CXX object kernel/CMakeFiles/kernel.dir/expr.cpp.o
[  7%] Building CXX object util/CMakeFiles/util.dir/escaped.cpp.o
[  7%] Building CXX object util/CMakeFiles/util.dir/name_set.cpp.o
[  9%] Building CXX object library/CMakeFiles/library.dir/constants.cpp.o
[  9%] Building CXX object kernel/CMakeFiles/kernel.dir/replace_fn.cpp.o
[  9%] Building CXX object util/CMakeFiles/util.dir/ascii.cpp.o
[ 12%] Building CXX object kernel/CMakeFiles/kernel.dir/abstract.cpp.o
[ 13%] Building CXX object library/CMakeFiles/library.dir/max_sharing.cpp.o
[ 13%] Building CXX object kernel/CMakeFiles/kernel.dir/instantiate.cpp.o
[ 13%] Building CXX object util/CMakeFiles/util.dir/bit_tricks.cpp.o
[ 13%] Building CXX object library/CMakeFiles/library.dir/module.cpp.o
[ 14%] Building CXX object util/CMakeFiles/util.dir/init_module.cpp.o
[ 17%] Building CXX object kernel/CMakeFiles/kernel.dir/expr_eq_fn.cpp.o
[ 16%] Building CXX object library/CMakeFiles/library.dir/bin_app.cpp.o
[ 17%] Building CXX object library/CMakeFiles/library.dir/num.cpp.o
[ 26%] Building CXX object runtime/CMakeFiles/leanrt.dir/debug.cpp.o
[ 26%] Building CXX object util/CMakeFiles/util.dir/timer.cpp.o
[ 26%] Building CXX object runtime/CMakeFiles/leanrt_initial-exec.dir/utf8.cpp.o
[ 31%] Building CXX object util/CMakeFiles/util.dir/timeit.cpp.o
[ 31%] Building C object shell/CMakeFiles/leanmanifest.dir/__/temp/empty.c.o
[ 31%] Building CXX object runtime/CMakeFiles/leanrt.dir/mpz.cpp.o
[ 31%] Building CXX object library/CMakeFiles/library.dir/replace_visitor.cpp.o
[ 36%] Building CXX object util/CMakeFiles/util.dir/kvmap.cpp.o
[ 36%] Building CXX object kernel/CMakeFiles/kernel.dir/declaration.cpp.o
[ 22%] Building CXX object runtime/CMakeFiles/leanrt_initial-exec.dir/debug.cpp.o
[ 36%] Building CXX object util/CMakeFiles/util.dir/name_generator.cpp.o
[ 30%] Building CXX object runtime/CMakeFiles/leanrt_initial-exec.dir/mpz.cpp.o
[ 37%] Building CXX object runtime/CMakeFiles/leanrt_initial-exec.dir/apply.cpp.o
[ 38%] Building CXX object kernel/CMakeFiles/kernel.dir/type_checker.cpp.o
[ 38%] Building CXX object kernel/CMakeFiles/kernel.dir/local_ctx.cpp.o
[ 25%] Building CXX object library/CMakeFiles/library.dir/class.cpp.o
[ 31%] Building CXX object library/CMakeFiles/library.dir/dynlib.cpp.o
[ 35%] Building CXX object util/CMakeFiles/util.dir/path.cpp.o
[ 38%] Building CXX object runtime/CMakeFiles/leanrt_initial-exec.dir/object.cpp.o
[ 38%] Building CXX object kernel/CMakeFiles/kernel.dir/expr_cache.cpp.o
[ 39%] Building CXX object kernel/CMakeFiles/kernel.dir/init_module.cpp.o
[ 39%] Building CXX object util/CMakeFiles/util.dir/map_foreach.cpp.o
[ 39%] Building CXX object kernel/CMakeFiles/kernel.dir/environment.cpp.o
[ 37%] Building CXX object library/CMakeFiles/library.dir/annotation.cpp.o
[ 39%] Building CXX object kernel/CMakeFiles/kernel.dir/equiv_manager.cpp.o
[ 36%] Building CXX object shell/CMakeFiles/leanmain.dir/lean.cpp.o
[ 40%] Building CXX object runtime/CMakeFiles/leanrt.dir/apply.cpp.o
[ 40%] Building CXX object library/CMakeFiles/library.dir/init_module.cpp.o
[ 36%] Building CXX object util/CMakeFiles/util.dir/list_fn.cpp.o
[ 38%] Building CXX object runtime/CMakeFiles/leanrt.dir/thread.cpp.o
[ 38%] Building CXX object runtime/CMakeFiles/leanrt.dir/utf8.cpp.o
[ 37%] Building CXX object library/CMakeFiles/library.dir/util.cpp.o
[ 38%] Building CXX object library/CMakeFiles/library.dir/print.cpp.o
[ 41%] Building CXX object util/CMakeFiles/util.dir/options.cpp.o
[ 43%] Building CXX object runtime/CMakeFiles/leanrt_initial-exec.dir/interrupt.cpp.o
[ 43%] Building CXX object util/CMakeFiles/util.dir/option_declarations.cpp.o
[ 43%] Building CXX object library/CMakeFiles/library.dir/reducible.cpp.o
[ 44%] Building CXX object runtime/CMakeFiles/leanrt.dir/exception.cpp.o
[ 44%] Building CXX object library/CMakeFiles/library.dir/profiling.cpp.o
[ 46%] Building CXX object runtime/CMakeFiles/leanrt_initial-exec.dir/memory.cpp.o
[ 53%] Building CXX object kernel/CMakeFiles/kernel.dir/inductive.cpp.o
[ 94%] Built target copy-cadical
[ 53%] Building CXX object kernel/CMakeFiles/kernel.dir/instantiate_mvars.cpp.o
[ 53%] Building CXX object runtime/CMakeFiles/leanrt_initial-exec.dir/stackinfo.cpp.o
[ 53%] Building CXX object kernel/CMakeFiles/kernel.dir/quot.cpp.o
[ 53%] Building CXX object library/CMakeFiles/library.dir/time_task.cpp.o
[ 53%] Building CXX object runtime/CMakeFiles/leanrt_initial-exec.dir/exception.cpp.o
[ 55%] Building CXX object runtime/CMakeFiles/leanrt.dir/stackinfo.cpp.o
[ 55%] Building CXX object library/CMakeFiles/library.dir/formatter.cpp.o
[ 55%] Building CXX object library/CMakeFiles/library.dir/elab_environment.cpp.o
[ 56%] Building CXX object kernel/CMakeFiles/kernel.dir/trace.cpp.o
[ 56%] Building CXX object util/CMakeFiles/util.dir/lbool.cpp.o
[ 53%] Building CXX object util/CMakeFiles/util.dir/ffi.cpp.o
[ 53%] Building CXX object runtime/CMakeFiles/leanrt_initial-exec.dir/compact.cpp.o
[ 51%] Building CXX object runtime/CMakeFiles/leanrt.dir/interrupt.cpp.o
[ 53%] Building CXX object runtime/CMakeFiles/leanrt.dir/memory.cpp.o
[ 58%] Building CXX object runtime/CMakeFiles/leanrt_initial-exec.dir/init_module.cpp.o
[ 59%] Building CXX object runtime/CMakeFiles/leanrt_initial-exec.dir/thread.cpp.o
[ 59%] Building CXX object runtime/CMakeFiles/leanrt.dir/compact.cpp.o
[ 64%] Building CXX object library/CMakeFiles/library.dir/ir_interpreter.cpp.o
[ 64%] Building CXX object runtime/CMakeFiles/leanrt.dir/init_module.cpp.o
[ 64%] Building CXX object library/CMakeFiles/library.dir/init_attribute.cpp.o
[ 64%] Building CXX object runtime/CMakeFiles/leanrt.dir/object.cpp.o
[ 64%] Building CXX object runtime/CMakeFiles/leanrt.dir/io.cpp.o
[ 64%] Building CXX object runtime/CMakeFiles/leanrt.dir/hash.cpp.o
[ 64%] Building CXX object runtime/CMakeFiles/leanrt_initial-exec.dir/io.cpp.o
[ 64%] Building CXX object runtime/CMakeFiles/leanrt_initial-exec.dir/hash.cpp.o
[ 67%] Building CXX object runtime/CMakeFiles/leanrt.dir/byteslice.cpp.o
[ 67%] Building CXX object runtime/CMakeFiles/leanrt_initial-exec.dir/platform.cpp.o
[ 67%] Building CXX object library/CMakeFiles/library.dir/llvm.cpp.o
[ 67%] Building CXX object runtime/CMakeFiles/leanrt_initial-exec.dir/byteslice.cpp.o
[ 68%] Building CXX object runtime/CMakeFiles/leanrt.dir/platform.cpp.o
[ 70%] Building CXX object runtime/CMakeFiles/leanrt.dir/alloc.cpp.o
[ 70%] Building CXX object runtime/CMakeFiles/leanrt_initial-exec.dir/alloc.cpp.o
[ 70%] Building CXX object runtime/CMakeFiles/leanrt.dir/allocprof.cpp.o
[ 73%] Building CXX object runtime/CMakeFiles/leanrt_initial-exec.dir/allocprof.cpp.o
[ 73%] Building CXX object runtime/CMakeFiles/leanrt_initial-exec.dir/sharecommon.cpp.o
[ 73%] Building CXX object runtime/CMakeFiles/leanrt.dir/sharecommon.cpp.o
[ 73%] Building CXX object runtime/CMakeFiles/leanrt_initial-exec.dir/stack_overflow.cpp.o
[ 75%] Building CXX object runtime/CMakeFiles/leanrt.dir/process.cpp.o
[ 75%] Building CXX object runtime/CMakeFiles/leanrt_initial-exec.dir/process.cpp.o
[ 75%] Building CXX object runtime/CMakeFiles/leanrt.dir/stack_overflow.cpp.o
[ 76%] Building CXX object runtime/CMakeFiles/leanrt_initial-exec.dir/object_ref.cpp.o
[ 79%] Building CXX object runtime/CMakeFiles/leanrt_initial-exec.dir/mpn.cpp.o
[ 79%] Building CXX object runtime/CMakeFiles/leanrt.dir/object_ref.cpp.o
[ 79%] Building CXX object runtime/CMakeFiles/leanrt.dir/mpn.cpp.o
[ 79%] Building CXX object runtime/CMakeFiles/leanrt_initial-exec.dir/mutex.cpp.o
[ 80%] Building CXX object runtime/CMakeFiles/leanrt.dir/mutex.cpp.o
[ 81%] Building CXX object runtime/CMakeFiles/leanrt.dir/libuv.cpp.o
[ 81%] Building CXX object runtime/CMakeFiles/leanrt_initial-exec.dir/libuv.cpp.o
[ 81%] Building CXX object runtime/CMakeFiles/leanrt_initial-exec.dir/uv/net_addr.cpp.o
[ 82%] Building CXX object runtime/CMakeFiles/leanrt.dir/uv/net_addr.cpp.o
[ 86%] Building CXX object runtime/CMakeFiles/leanrt.dir/uv/event_loop.cpp.o
[ 86%] Building CXX object runtime/CMakeFiles/leanrt_initial-exec.dir/uv/event_loop.cpp.o
[ 86%] Building CXX object runtime/CMakeFiles/leanrt_initial-exec.dir/uv/timer.cpp.o
[ 86%] Building CXX object runtime/CMakeFiles/leanrt.dir/uv/timer.cpp.o
[ 88%] Building CXX object runtime/CMakeFiles/leanrt.dir/uv/udp.cpp.o
[ 88%] Building CXX object runtime/CMakeFiles/leanrt_initial-exec.dir/uv/tcp.cpp.o
[ 88%] Building CXX object runtime/CMakeFiles/leanrt.dir/uv/tcp.cpp.o
[ 91%] Building CXX object runtime/CMakeFiles/leanrt_initial-exec.dir/uv/system.cpp.o
[ 90%] Building CXX object runtime/CMakeFiles/leanrt_initial-exec.dir/uv/dns.cpp.o
[ 90%] Building CXX object runtime/CMakeFiles/leanrt.dir/uv/dns.cpp.o
[ 88%] Building CXX object runtime/CMakeFiles/leanrt_initial-exec.dir/uv/udp.cpp.o
[ 92%] Building CXX object runtime/CMakeFiles/leanrt.dir/uv/signal.cpp.o
[ 92%] Building CXX object runtime/CMakeFiles/leanrt.dir/uv/system.cpp.o
[ 92%] Building CXX object runtime/CMakeFiles/leanrt_initial-exec.dir/uv/signal.cpp.o
[ 93%] Building CXX object runtime/CMakeFiles/leanrt.dir/root/verify1002/gcc/lean4-src/build/mimalloc/src/mimalloc/src/static.c.o
[ 94%] Building CXX object runtime/CMakeFiles/leanrt_initial-exec.dir/root/verify1002/gcc/lean4-src/build/mimalloc/src/mimalloc/src/static.c.o
info: lean4: no previous manifest, creating one from scratch
info: toolchain not updated; already up-to-date
[ 94%] Linking C static library ../lib/lean/libleanmanifest.a
[ 95%] Linking CXX static library ../lib/temp/libleanmain.a
[ 95%] Built target leanmanifest
[ 95%] Built target leanmain
/root/verify1002/gcc/lean4-src/src/runtime/stack_overflow.cpp: In function ‘void lean::segv_handler(int, siginfo_t*, void*)’:
/root/verify1002/gcc/lean4-src/src/runtime/stack_overflow.cpp:74:14: warning: ignoring return value of ‘ssize_t write(int, const void*, size_t)’ declared with attribute ‘warn_unused_result’ [-Wunused-result]
   74 |         write(STDERR_FILENO, msg, sizeof(msg) - 1);
      |         ~~~~~^~~~~~~~~~~~~~~~~~~~~~~~~~~~~~~~~~~~~
/root/verify1002/gcc/lean4-src/src/runtime/stack_overflow.cpp: In function ‘void lean::segv_handler(int, siginfo_t*, void*)’:
/root/verify1002/gcc/lean4-src/src/runtime/stack_overflow.cpp:74:14: warning: ignoring return value of ‘ssize_t write(int, const void*, size_t)’ declared with attribute ‘warn_unused_result’ [-Wunused-result]
   74 |         write(STDERR_FILENO, msg, sizeof(msg) - 1);
      |         ~~~~~^~~~~~~~~~~~~~~~~~~~~~~~~~~~~~~~~~~~~
In file included from /root/verify1002/gcc/lean4-src/build/stage1/util/ffi.cpp:8:
/root/verify1002/gcc/lean4-src/build/stage1/include/lean/lean.h:75:21: warning: attributes are not permitted in this position [-Wattributes]
   75 | #define LEAN_EXPORT __attribute__((visibility("default")))
      |                     ^~~~~~~~~~~~~
/root/verify1002/gcc/lean4-src/build/stage1/util/ffi.cpp:12:1: note: in expansion of macro ‘LEAN_EXPORT’
   12 | LEAN_EXPORT extern "C" object * lean_get_leanc_extra_flags(object *) {
      | ^~~~~~~~~~~
/root/verify1002/gcc/lean4-src/build/stage1/util/ffi.cpp:12:23: note: attributes may be inserted here
   12 | LEAN_EXPORT extern "C" object * lean_get_leanc_extra_flags(object *) {
      |                       ^
/root/verify1002/gcc/lean4-src/build/stage1/include/lean/lean.h:75:21: warning: attributes are not permitted in this position [-Wattributes]
   75 | #define LEAN_EXPORT __attribute__((visibility("default")))
      |                     ^~~~~~~~~~~~~
/root/verify1002/gcc/lean4-src/build/stage1/util/ffi.cpp:16:1: note: in expansion of macro ‘LEAN_EXPORT’
   16 | LEAN_EXPORT extern "C" object * lean_get_leanc_internal_flags(object *) {
      | ^~~~~~~~~~~
/root/verify1002/gcc/lean4-src/build/stage1/util/ffi.cpp:16:23: note: attributes may be inserted here
   16 | LEAN_EXPORT extern "C" object * lean_get_leanc_internal_flags(object *) {
      |                       ^
/root/verify1002/gcc/lean4-src/build/stage1/include/lean/lean.h:75:21: warning: attributes are not permitted in this position [-Wattributes]
   75 | #define LEAN_EXPORT __attribute__((visibility("default")))
      |                     ^~~~~~~~~~~~~
/root/verify1002/gcc/lean4-src/build/stage1/util/ffi.cpp:20:1: note: in expansion of macro ‘LEAN_EXPORT’
   20 | LEAN_EXPORT extern "C" object * lean_get_linker_flags(uint8 link_static) {
      | ^~~~~~~~~~~
/root/verify1002/gcc/lean4-src/build/stage1/util/ffi.cpp:20:23: note: attributes may be inserted here
   20 | LEAN_EXPORT extern "C" object * lean_get_linker_flags(uint8 link_static) {
      |                       ^
/root/verify1002/gcc/lean4-src/build/stage1/include/lean/lean.h:75:21: warning: attributes are not permitted in this position [-Wattributes]
   75 | #define LEAN_EXPORT __attribute__((visibility("default")))
      |                     ^~~~~~~~~~~~~
/root/verify1002/gcc/lean4-src/build/stage1/util/ffi.cpp:24:1: note: in expansion of macro ‘LEAN_EXPORT’
   24 | LEAN_EXPORT extern "C" object * lean_get_internal_linker_flags(object *) {
      | ^~~~~~~~~~~
/root/verify1002/gcc/lean4-src/build/stage1/util/ffi.cpp:24:23: note: attributes may be inserted here
   24 | LEAN_EXPORT extern "C" object * lean_get_internal_linker_flags(object *) {
      |                       ^
/root/verify1002/gcc/lean4-src/src/runtime/hash.cpp: In function ‘lean::uint64 lean::MurmurHash64A(const void*, size_t, uint64)’:
/root/verify1002/gcc/lean4-src/src/runtime/hash.cpp:37:15: warning: this statement may fall through [-Wimplicit-fallthrough=]
   37 |     case 7: h ^= uint64(data2[6]) << 48;
      |             ~~^~~~~~~~~~~~~~~~~~~~~~~~~
/root/verify1002/gcc/lean4-src/src/runtime/hash.cpp:38:5: note: here
   38 |     case 6: h ^= uint64(data2[5]) << 40;
      |     ^~~~
/root/verify1002/gcc/lean4-src/src/runtime/hash.cpp:38:15: warning: this statement may fall through [-Wimplicit-fallthrough=]
   38 |     case 6: h ^= uint64(data2[5]) << 40;
      |             ~~^~~~~~~~~~~~~~~~~~~~~~~~~
/root/verify1002/gcc/lean4-src/src/runtime/hash.cpp:39:5: note: here
   39 |     case 5: h ^= uint64(data2[4]) << 32;
      |     ^~~~
/root/verify1002/gcc/lean4-src/src/runtime/hash.cpp:39:15: warning: this statement may fall through [-Wimplicit-fallthrough=]
   39 |     case 5: h ^= uint64(data2[4]) << 32;
      |             ~~^~~~~~~~~~~~~~~~~~~~~~~~~
/root/verify1002/gcc/lean4-src/src/runtime/hash.cpp:40:5: note: here
   40 |     case 4: h ^= uint64(data2[3]) << 24;
      |     ^~~~
/root/verify1002/gcc/lean4-src/src/runtime/hash.cpp:40:15: warning: this statement may fall through [-Wimplicit-fallthrough=]
   40 |     case 4: h ^= uint64(data2[3]) << 24;
      |             ~~^~~~~~~~~~~~~~~~~~~~~~~~~
/root/verify1002/gcc/lean4-src/src/runtime/hash.cpp:41:5: note: here
   41 |     case 3: h ^= uint64(data2[2]) << 16;
      |     ^~~~
/root/verify1002/gcc/lean4-src/src/runtime/hash.cpp:41:15: warning: this statement may fall through [-Wimplicit-fallthrough=]
   41 |     case 3: h ^= uint64(data2[2]) << 16;
      |             ~~^~~~~~~~~~~~~~~~~~~~~~~~~
/root/verify1002/gcc/lean4-src/src/runtime/hash.cpp:42:5: note: here
   42 |     case 2: h ^= uint64(data2[1]) << 8;
      |     ^~~~
/root/verify1002/gcc/lean4-src/src/runtime/hash.cpp:42:15: warning: this statement may fall through [-Wimplicit-fallthrough=]
   42 |     case 2: h ^= uint64(data2[1]) << 8;
      |             ~~^~~~~~~~~~~~~~~~~~~~~~~~
/root/verify1002/gcc/lean4-src/src/runtime/hash.cpp:43:5: note: here
   43 |     case 1: h ^= uint64(data2[0]);
      |     ^~~~
/root/verify1002/gcc/lean4-src/src/runtime/hash.cpp: In function ‘lean::uint64 lean::MurmurHash64A(const void*, size_t, uint64)’:
/root/verify1002/gcc/lean4-src/src/runtime/hash.cpp:37:15: warning: this statement may fall through [-Wimplicit-fallthrough=]
   37 |     case 7: h ^= uint64(data2[6]) << 48;
      |             ~~^~~~~~~~~~~~~~~~~~~~~~~~~
/root/verify1002/gcc/lean4-src/src/runtime/hash.cpp:38:5: note: here
   38 |     case 6: h ^= uint64(data2[5]) << 40;
      |     ^~~~
/root/verify1002/gcc/lean4-src/src/runtime/hash.cpp:38:15: warning: this statement may fall through [-Wimplicit-fallthrough=]
   38 |     case 6: h ^= uint64(data2[5]) << 40;
      |             ~~^~~~~~~~~~~~~~~~~~~~~~~~~
/root/verify1002/gcc/lean4-src/src/runtime/hash.cpp:39:5: note: here
   39 |     case 5: h ^= uint64(data2[4]) << 32;
      |     ^~~~
/root/verify1002/gcc/lean4-src/src/runtime/hash.cpp:39:15: warning: this statement may fall through [-Wimplicit-fallthrough=]
   39 |     case 5: h ^= uint64(data2[4]) << 32;
      |             ~~^~~~~~~~~~~~~~~~~~~~~~~~~
/root/verify1002/gcc/lean4-src/src/runtime/hash.cpp:40:5: note: here
   40 |     case 4: h ^= uint64(data2[3]) << 24;
      |     ^~~~
/root/verify1002/gcc/lean4-src/src/runtime/hash.cpp:40:15: warning: this statement may fall through [-Wimplicit-fallthrough=]
   40 |     case 4: h ^= uint64(data2[3]) << 24;
      |             ~~^~~~~~~~~~~~~~~~~~~~~~~~~
/root/verify1002/gcc/lean4-src/src/runtime/hash.cpp:41:5: note: here
   41 |     case 3: h ^= uint64(data2[2]) << 16;
      |     ^~~~
/root/verify1002/gcc/lean4-src/src/runtime/hash.cpp:41:15: warning: this statement may fall through [-Wimplicit-fallthrough=]
   41 |     case 3: h ^= uint64(data2[2]) << 16;
      |             ~~^~~~~~~~~~~~~~~~~~~~~~~~~
/root/verify1002/gcc/lean4-src/src/runtime/hash.cpp:42:5: note: here
   42 |     case 2: h ^= uint64(data2[1]) << 8;
      |     ^~~~
/root/verify1002/gcc/lean4-src/src/runtime/hash.cpp:42:15: warning: this statement may fall through [-Wimplicit-fallthrough=]
   42 |     case 2: h ^= uint64(data2[1]) << 8;
      |             ~~^~~~~~~~~~~~~~~~~~~~~~~~
/root/verify1002/gcc/lean4-src/src/runtime/hash.cpp:43:5: note: here
   43 |     case 1: h ^= uint64(data2[0]);
      |     ^~~~
[ 95%] Built target initialize
/root/verify1002/gcc/lean4-src/src/runtime/uv/signal.cpp: In function ‘lean_object* lean::lean_uv_signal_next(b_obj_arg)’:
/root/verify1002/gcc/lean4-src/src/runtime/uv/signal.cpp:185:1: warning: control reaches end of non-void function [-Wreturn-type]
  185 | }
      | ^
[ 95%] Linking CXX static library lib/temp/libleaninitialize.a
/root/verify1002/gcc/lean4-src/src/runtime/uv/timer.cpp: In function ‘lean_object* lean::lean_uv_timer_next(b_obj_arg)’:
/root/verify1002/gcc/lean4-src/src/runtime/uv/timer.cpp:196:1: warning: control reaches end of non-void function [-Wreturn-type]
  196 | }
      | ^
/root/verify1002/gcc/lean4-src/src/runtime/uv/timer.cpp: In function ‘lean_object* lean::lean_uv_timer_next(b_obj_arg)’:
/root/verify1002/gcc/lean4-src/src/runtime/uv/timer.cpp:196:1: warning: control reaches end of non-void function [-Wreturn-type]
  196 | }
      | ^
/root/verify1002/gcc/lean4-src/src/runtime/uv/signal.cpp: In function ‘lean_object* lean::lean_uv_signal_next(b_obj_arg)’:
/root/verify1002/gcc/lean4-src/src/runtime/uv/signal.cpp:185:1: warning: control reaches end of non-void function [-Wreturn-type]
  185 | }
      | ^
[ 96%] Linking CXX static library lib/temp/libleanshell.a
[ 96%] Built target leaninitialize
In file included from /usr/include/c++/13/string:51,
                 from /usr/include/c++/13/bits/locale_classes.h:40,
                 from /usr/include/c++/13/bits/ios_base.h:41,
                 from /usr/include/c++/13/ios:44,
                 from /usr/include/c++/13/ostream:40,
                 from /usr/include/c++/13/iostream:41,
                 from /root/verify1002/gcc/lean4-src/src/runtime/debug.h:8,
                 from /root/verify1002/gcc/lean4-src/src/runtime/mpn.cpp:21:
In static member function ‘static _Up* std::__copy_move<_IsMove, true, std::random_access_iterator_tag>::__copy_m(_Tp*, _Tp*, _Up*) [with _Tp = unsigned int; _Up = unsigned int; bool _IsMove = false]’,
    inlined from ‘_OI std::__copy_move_a2(_II, _II, _OI) [with bool _IsMove = false; _II = unsigned int*; _OI = unsigned int*]’ at /usr/include/c++/13/bits/stl_algobase.h:506:30,
    inlined from ‘_OI std::__copy_move_a1(_II, _II, _OI) [with bool _IsMove = false; _II = unsigned int*; _OI = unsigned int*]’ at /usr/include/c++/13/bits/stl_algobase.h:533:42,
    inlined from ‘_OI std::__copy_move_a(_II, _II, _OI) [with bool _IsMove = false; _II = unsigned int*; _OI = unsigned int*]’ at /usr/include/c++/13/bits/stl_algobase.h:540:31,
    inlined from ‘_OI std::copy(_II, _II, _OI) [with _II = unsigned int*; _OI = unsigned int*]’ at /usr/include/c++/13/bits/stl_algobase.h:633:7,
    inlined from ‘static _ForwardIterator std::__uninitialized_copy<true>::__uninit_copy(_InputIterator, _InputIterator, _ForwardIterator) [with _InputIterator = unsigned int*; _ForwardIterator = unsigned int*]’ at /usr/include/c++/13/bits/stl_uninitialized.h:147:27,
    inlined from ‘_ForwardIterator std::uninitialized_copy(_InputIterator, _InputIterator, _ForwardIterator) [with _InputIterator = unsigned int*; _ForwardIterator = unsigned int*]’ at /usr/include/c++/13/bits/stl_uninitialized.h:185:15,
    inlined from ‘void lean::buffer<T, INITIAL_SIZE>::set_capacity(size_t) [with T = unsigned int; long unsigned int INITIAL_SIZE = 16]’ at /root/verify1002/gcc/lean4-src/src/runtime/buffer.h:41:32,
    inlined from ‘void lean::buffer<T, INITIAL_SIZE>::ensure_capacity(size_t) [with T = unsigned int; long unsigned int INITIAL_SIZE = 16]’ at /root/verify1002/gcc/lean4-src/src/runtime/buffer.h:80:25,
    inlined from ‘void lean::buffer<T, INITIAL_SIZE>::resize(size_t, const T&) [with T = unsigned int; long unsigned int INITIAL_SIZE = 16]’ at /root/verify1002/gcc/lean4-src/src/runtime/buffer.h:157:28,
    inlined from ‘void lean::mpn_buffer::resize(size_t, const lean::mpn_digit&)’ at /root/verify1002/gcc/lean4-src/src/runtime/mpn.cpp:139:34,
    inlined from ‘size_t lean::div_normalize(const mpn_digit*, size_t, const mpn_digit*, size_t, mpn_buffer&, mpn_buffer&)’ at /root/verify1002/gcc/lean4-src/src/runtime/mpn.cpp:160:19,
    inlined from ‘char* lean::mpn_to_string(const mpn_digit*, size_t, char*, size_t)’ at /root/verify1002/gcc/lean4-src/src/runtime/mpn.cpp:340:37:
/usr/include/c++/13/bits/stl_algobase.h:437:30: warning: ‘void* __builtin_memmove(void*, const void*, long unsigned int)’ forming offset 4 is out of the bounds [0, 4] [-Warray-bounds=]
  437 |             __builtin_memmove(__result, __first, sizeof(_Tp) * _Num);
      |             ~~~~~~~~~~~~~~~~~^~~~~~~~~~~~~~~~~~~~~~~~~~~~~~~~~~~~~~~
[ 96%] Built target leanshell
In file included from /usr/include/c++/13/string:51,
                 from /usr/include/c++/13/bits/locale_classes.h:40,
                 from /usr/include/c++/13/bits/ios_base.h:41,
                 from /usr/include/c++/13/ios:44,
                 from /usr/include/c++/13/ostream:40,
                 from /usr/include/c++/13/iostream:41,
                 from /root/verify1002/gcc/lean4-src/src/runtime/debug.h:8,
                 from /root/verify1002/gcc/lean4-src/src/runtime/mpn.cpp:21:
In static member function ‘static _Up* std::__copy_move<_IsMove, true, std::random_access_iterator_tag>::__copy_m(_Tp*, _Tp*, _Up*) [with _Tp = unsigned int; _Up = unsigned int; bool _IsMove = false]’,
    inlined from ‘_OI std::__copy_move_a2(_II, _II, _OI) [with bool _IsMove = false; _II = unsigned int*; _OI = unsigned int*]’ at /usr/include/c++/13/bits/stl_algobase.h:506:30,
    inlined from ‘_OI std::__copy_move_a1(_II, _II, _OI) [with bool _IsMove = false; _II = unsigned int*; _OI = unsigned int*]’ at /usr/include/c++/13/bits/stl_algobase.h:533:42,
    inlined from ‘_OI std::__copy_move_a(_II, _II, _OI) [with bool _IsMove = false; _II = unsigned int*; _OI = unsigned int*]’ at /usr/include/c++/13/bits/stl_algobase.h:540:31,
    inlined from ‘_OI std::copy(_II, _II, _OI) [with _II = unsigned int*; _OI = unsigned int*]’ at /usr/include/c++/13/bits/stl_algobase.h:633:7,
    inlined from ‘static _ForwardIterator std::__uninitialized_copy<true>::__uninit_copy(_InputIterator, _InputIterator, _ForwardIterator) [with _InputIterator = unsigned int*; _ForwardIterator = unsigned int*]’ at /usr/include/c++/13/bits/stl_uninitialized.h:147:27,
    inlined from ‘_ForwardIterator std::uninitialized_copy(_InputIterator, _InputIterator, _ForwardIterator) [with _InputIterator = unsigned int*; _ForwardIterator = unsigned int*]’ at /usr/include/c++/13/bits/stl_uninitialized.h:185:15,
    inlined from ‘void lean::buffer<T, INITIAL_SIZE>::set_capacity(size_t) [with T = unsigned int; long unsigned int INITIAL_SIZE = 16]’ at /root/verify1002/gcc/lean4-src/src/runtime/buffer.h:41:32,
    inlined from ‘void lean::buffer<T, INITIAL_SIZE>::ensure_capacity(size_t) [with T = unsigned int; long unsigned int INITIAL_SIZE = 16]’ at /root/verify1002/gcc/lean4-src/src/runtime/buffer.h:80:25,
    inlined from ‘void lean::buffer<T, INITIAL_SIZE>::resize(size_t, const T&) [with T = unsigned int; long unsigned int INITIAL_SIZE = 16]’ at /root/verify1002/gcc/lean4-src/src/runtime/buffer.h:157:28,
    inlined from ‘void lean::mpn_buffer::resize(size_t, const lean::mpn_digit&)’ at /root/verify1002/gcc/lean4-src/src/runtime/mpn.cpp:139:34,
    inlined from ‘size_t lean::div_normalize(const mpn_digit*, size_t, const mpn_digit*, size_t, mpn_buffer&, mpn_buffer&)’ at /root/verify1002/gcc/lean4-src/src/runtime/mpn.cpp:160:19,
    inlined from ‘char* lean::mpn_to_string(const mpn_digit*, size_t, char*, size_t)’ at /root/verify1002/gcc/lean4-src/src/runtime/mpn.cpp:340:37:
/usr/include/c++/13/bits/stl_algobase.h:437:30: warning: ‘void* __builtin_memmove(void*, const void*, long unsigned int)’ forming offset 4 is out of the bounds [0, 4] [-Warray-bounds=]
  437 |             __builtin_memmove(__result, __first, sizeof(_Tp) * _Num);
      |             ~~~~~~~~~~~~~~~~~^~~~~~~~~~~~~~~~~~~~~~~~~~~~~~~~~~~~~~~
/root/verify1002/gcc/lean4-src/src/runtime/compact.cpp: In member function ‘void lean::object_compactor::insert_mpz(lean::object*)’:
/root/verify1002/gcc/lean4-src/src/runtime/compact.cpp:280:11: warning: ‘void* memcpy(void*, const void*, size_t)’ writing to an object of type ‘struct lean::mpz_object’ with no trivial copy-assignment; use copy-assignment or copy-initialization instead [-Wclass-memaccess]
  280 |     memcpy(new_o, to_mpz(o), sizeof(mpz_object));
      |     ~~~~~~^~~~~~~~~~~~~~~~~~~~~~~~~~~~~~~~~~~~~~
In file included from /root/verify1002/gcc/lean4-src/src/runtime/compact.h:10,
                 from /root/verify1002/gcc/lean4-src/src/runtime/compact.cpp:13:
/root/verify1002/gcc/lean4-src/src/runtime/object.h:21:8: note: ‘struct lean::mpz_object’ declared here
   21 | struct mpz_object {
      |        ^~~~~~~~~~
[ 96%] Built target util
/root/verify1002/gcc/lean4-src/src/runtime/compact.cpp: In member function ‘void lean::object_compactor::insert_mpz(lean::object*)’:
/root/verify1002/gcc/lean4-src/src/runtime/compact.cpp:280:11: warning: ‘void* memcpy(void*, const void*, size_t)’ writing to an object of type ‘struct lean::mpz_object’ with no trivial copy-assignment; use copy-assignment or copy-initialization instead [-Wclass-memaccess]
  280 |     memcpy(new_o, to_mpz(o), sizeof(mpz_object));
      |     ~~~~~~^~~~~~~~~~~~~~~~~~~~~~~~~~~~~~~~~~~~~~
In file included from /root/verify1002/gcc/lean4-src/src/runtime/compact.h:10,
                 from /root/verify1002/gcc/lean4-src/src/runtime/compact.cpp:13:
/root/verify1002/gcc/lean4-src/src/runtime/object.h:21:8: note: ‘struct lean::mpz_object’ declared here
   21 | struct mpz_object {
      |        ^~~~~~~~~~
[ 96%] Built target constructions
/root/verify1002/gcc/lean4-src/src/library/module.cpp: In function ‘lean::object* lean::lean_save_module_data_parts(b_obj_arg, b_obj_arg, object*)’:
/root/verify1002/gcc/lean4-src/src/library/module.cpp:156:20: warning: ‘char* __builtin_strncpy(char*, const char*, long unsigned int)’ output truncated before terminating nul copying 40 bytes from a string of the same length [-Wstringop-truncation]
  156 |             strncpy(header.githash, LEAN_GITHASH, sizeof(header.githash));
      |                    ^
/root/verify1002/gcc/lean4-src/src/library/module.cpp:155:20: warning: ‘char* __builtin_strncpy(char*, const char*, long unsigned int)’ specified bound 33 equals destination size [-Wstringop-truncation]
  155 |             strncpy(header.lean_version, get_short_version_string().c_str(), sizeof(header.lean_version));
      |                    ^
/root/verify1002/gcc/lean4-src/src/runtime/io.cpp: In function ‘lean::object* lean::lean_io_prim_handle_mk(b_obj_arg, uint8)’:
/root/verify1002/gcc/lean4-src/src/runtime/io.cpp:419:23: warning: ‘fp_mode’ may be used uninitialized [-Wmaybe-uninitialized]
  419 |     FILE * fp = fdopen(fd, fp_mode);
      |                 ~~~~~~^~~~~~~~~~~~~
/root/verify1002/gcc/lean4-src/src/runtime/io.cpp:411:18: note: ‘fp_mode’ was declared here
  411 |     char const * fp_mode;
      |                  ^~~~~~~
/root/verify1002/gcc/lean4-src/src/runtime/io.cpp: In function ‘lean::object* lean::lean_io_prim_handle_mk(b_obj_arg, uint8)’:
/root/verify1002/gcc/lean4-src/src/runtime/io.cpp:419:23: warning: ‘fp_mode’ may be used uninitialized [-Wmaybe-uninitialized]
  419 |     FILE * fp = fdopen(fd, fp_mode);
      |                 ~~~~~~^~~~~~~~~~~~~
/root/verify1002/gcc/lean4-src/src/runtime/io.cpp:411:18: note: ‘fp_mode’ was declared here
  411 |     char const * fp_mode;
      |                  ^~~~~~~
/root/verify1002/gcc/lean4-src/src/kernel/instantiate_mvars.cpp: In member function ‘lean::level lean::instantiate_lmvars_fn::visit(const lean::level&)’:
/root/verify1002/gcc/lean4-src/src/kernel/instantiate_mvars.cpp:88:5: warning: control reaches end of non-void function [-Wreturn-type]
   88 |     }
      |     ^
/root/verify1002/gcc/lean4-src/src/kernel/instantiate_mvars.cpp: In member function ‘lean::expr lean::instantiate_mvars_fn::visit(const lean::expr&)’:
/root/verify1002/gcc/lean4-src/src/kernel/instantiate_mvars.cpp:360:5: warning: control reaches end of non-void function [-Wreturn-type]
  360 |     }
      |     ^
In static member function ‘static lean::object* lean::ir::interpreter::stub_m_aux(lean::object**)’,
    inlined from ‘static lean::object* lean::ir::interpreter::stub_1_aux(lean::object*)’ at /root/verify1002/gcc/lean4-src/src/library/ir_interpreter.cpp:1006:105:
/root/verify1002/gcc/lean4-src/src/library/ir_interpreter.cpp:999:29: warning: array subscript 1 is outside array bounds of ‘lean::object* [1]’ {aka ‘lean_object* [1]’} [-Warray-bounds=]
  999 |         options opts(args[1]);
      |                             ^
/root/verify1002/gcc/lean4-src/src/library/ir_interpreter.cpp: In static member function ‘static lean::object* lean::ir::interpreter::stub_1_aux(lean::object*)’:
/root/verify1002/gcc/lean4-src/src/library/ir_interpreter.cpp:1006:57: note: at offset 8 into object ‘args’ of size 8
 1006 |     static object * stub_1_aux(object * x_1) { object * args[] = { x_1 }; return interpreter::stub_m_aux(args); }
      |                                                         ^~~~
In file included from /root/verify1002/gcc/lean4-src/src/runtime/string_ref.h:10,
                 from /root/verify1002/gcc/lean4-src/src/util/name.h:14,
                 from /root/verify1002/gcc/lean4-src/src/util/name_set.h:9,
                 from /root/verify1002/gcc/lean4-src/src/kernel/environment.h:15,
                 from /root/verify1002/gcc/lean4-src/src/library/elab_environment.h:8,
                 from /root/verify1002/gcc/lean4-src/src/library/ir_interpreter.h:8,
                 from /root/verify1002/gcc/lean4-src/src/library/ir_interpreter.cpp:38:
In member function ‘lean::object* lean::object_ref::raw() const’,
    inlined from ‘const T& lean::cnstr_get_ref_t(const object_ref&, unsigned int) [with T = name]’ at /root/verify1002/gcc/lean4-src/src/runtime/object_ref.h:146:48,
    inlined from ‘const lean::ir::fun_id& lean::ir::decl_fun_id(const decl&)’ at /root/verify1002/gcc/lean4-src/src/library/ir_interpreter.cpp:180:76,
    inlined from ‘static lean::object* lean::ir::interpreter::stub_m_aux(lean::object**)’ at /root/verify1002/gcc/lean4-src/src/library/ir_interpreter.cpp:1000:65,
    inlined from ‘static lean::object* lean::ir::interpreter::stub_1_aux(lean::object*)’ at /root/verify1002/gcc/lean4-src/src/library/ir_interpreter.cpp:1006:105:
/root/verify1002/gcc/lean4-src/src/runtime/object_ref.h:42:35: warning: array subscript 2 is outside array bounds of ‘lean::object* [1]’ {aka ‘lean_object* [1]’} [-Warray-bounds=]
   42 |     object * raw() const { return m_obj; }
      |                                   ^~~~~
/root/verify1002/gcc/lean4-src/src/library/ir_interpreter.cpp: In static member function ‘static lean::object* lean::ir::interpreter::stub_1_aux(lean::object*)’:
/root/verify1002/gcc/lean4-src/src/library/ir_interpreter.cpp:1006:57: note: at offset 16 into object ‘args’ of size 8
 1006 |     static object * stub_1_aux(object * x_1) { object * args[] = { x_1 }; return interpreter::stub_m_aux(args); }
      |                                                         ^~~~
In member function ‘lean::object* lean::object_ref::raw() const’,
    inlined from ‘const T& lean::cnstr_get_ref_t(const object_ref&, unsigned int) [with T = name]’ at /root/verify1002/gcc/lean4-src/src/runtime/object_ref.h:146:48,
    inlined from ‘const lean::ir::fun_id& lean::ir::decl_fun_id(const decl&)’ at /root/verify1002/gcc/lean4-src/src/library/ir_interpreter.cpp:180:76,
    inlined from ‘static lean::object* lean::ir::interpreter::stub_m_aux(lean::object**)’ at /root/verify1002/gcc/lean4-src/src/library/ir_interpreter.cpp:1000:65,
    inlined from ‘static lean::object* lean::ir::interpreter::stub_2_aux(lean::object*, lean::object*)’ at /root/verify1002/gcc/lean4-src/src/library/ir_interpreter.cpp:1007:124:
/root/verify1002/gcc/lean4-src/src/runtime/object_ref.h:42:35: warning: array subscript 2 is outside array bounds of ‘lean::object* [2]’ {aka ‘lean_object* [2]’} [-Warray-bounds=]
   42 |     object * raw() const { return m_obj; }
      |                                   ^~~~~
/root/verify1002/gcc/lean4-src/src/library/ir_interpreter.cpp: In static member function ‘static lean::object* lean::ir::interpreter::stub_2_aux(lean::object*, lean::object*)’:
/root/verify1002/gcc/lean4-src/src/library/ir_interpreter.cpp:1007:71: note: at offset 16 into object ‘args’ of size 16
 1007 |     static object * stub_2_aux(object * x_1, object * x_2) { object * args[] = { x_1, x_2 }; return interpreter::stub_m_aux(args); }
      |                                                                       ^~~~
[ 96%] Built target library
[ 97%] Linking CXX static library libleanrt_initial-exec.a
[ 97%] Built target leanrt_initial-exec
[ 98%] Linking CXX static library ../lib/lean/libleanrt.a
✔ [2/4169] Built Init.Prelude (5.1s)
[ 98%] Built target leanrt
✔ [3/4169] Built Init.MethodSpecsSimp (130ms)
✔ [4/4169] Built Lean.Runtime (81ms)
✔ [5/4169] Built Lean.Runtime:c.o (53ms)
✔ [6/4169] Built Lean.Server.Test.Refs (75ms)
✔ [7/4169] Built Lean.Server.Test.Refs:c.o (52ms)
✔ [8/4169] Built Lake.Config.Kinds (111ms)
✔ [9/4169] Built Lake.Util.Store (151ms)
[ 98%] Built target kernel
✔ [10/4169] Built Init.Coe (237ms)
✔ [11/4169] Built Init.MethodSpecsSimp:c.o (46ms)
✔ [12/4169] Built Lake.Config.Kinds:c.o (87ms)
[ 99%] Linking CXX static library lib/temp/libleancpp_1.a
[100%] Linking CXX static library lib/lean/libleancpp.a
✔ [13/4169] Built Init.Data.Cast (94ms)
✔ [14/4169] Built Init.Data.Option.Coe (82ms)
✔ [15/4169] Built Lake.Util.Store:c.o (155ms)
[100%] Built target leancpp_1
[100%] Built target leancpp
✔ [16/4169] Built Init.Coe:c.o (188ms)
✔ [17/4169] Built Init.Data.Cast:c.o (65ms)
✔ [18/4169] Built Init.Data.Option.Coe:c.o (52ms)
✔ [19/4169] Built Init.Prelude:c.o (3.6s)
✔ [20/4169] Built Init.Notation (6.4s)
✔ [21/4169] Built Init.Internal.Order.Tactic (81ms)
✔ [22/4169] Built Init.Internal.Order.Tactic:c.o (55ms)
✔ [23/4169] Built Lean.PrivateName (143ms)
✔ [24/4169] Built Lean.PrivateName:c.o (122ms)
✔ [25/4169] Built Init.Tactics (4.0s)
✔ [26/4169] Built Init.Data.Array.Set (124ms)
✔ [27/4169] Built Init.BinderNameHint (110ms)
✔ [28/4169] Built Init.BinderNameHint:c.o (65ms)
✔ [29/4169] Built Init.Grind.Annotated (132ms)
✔ [30/4169] Built Init.Grind.Annotated:c.o (63ms)
✔ [31/4169] Built Lake.Util.Opaque (138ms)
✔ [32/4169] Built Init.Data.Array.Set:c.o (98ms)
✔ [33/4169] Built Init.Syntax (109ms)
✔ [34/4169] Built Init.Grind.Attr (201ms)
✔ [35/4169] Built Init.Try (268ms)
✔ [36/4169] Built Lake.Util.Opaque:c.o (104ms)
✔ [37/4169] Built Init.Syntax:c.o (92ms)
✔ [38/4169] Built Init.SizeOf (434ms)
✔ [39/4169] Built Init.SizeOf:c.o (69ms)
✔ [40/4169] Built Init.Grind.Attr:c.o (323ms)
✔ [41/4169] Built Init.Try:c.o (259ms)
✔ [42/4169] Built Init.Grind.Interactive (784ms)
✔ [43/4169] Built Init.Notation:c.o (5.4s)
✔ [44/4169] Built Init.Grind.Interactive:c.o (949ms)
✔ [45/4169] Built Init.Core (3.5s)
✔ [46/4169] Built Init.Data.Slice.Basic (144ms)
✔ [47/4169] Built Init.Data.LawfulHashable (126ms)
✔ [48/4169] Built Init.Data.ULift (121ms)
✔ [49/4169] Built Init.Data.PLift (136ms)
✔ [50/4169] Built Init.Dynamic (154ms)
✔ [51/4169] Built Lean.Compiler.LCNF.Simp.Config (145ms)
✔ [52/4169] Built Lean.Meta.Tactic.Grind.Arith.Types (162ms)
✔ [53/4169] Built Init.Control.Id (147ms)
✔ [54/4169] Built Init.Data.Zero (142ms)
✔ [55/4169] Built Init.Data.Order.Classes (249ms)
✔ [56/4169] Built Init.Data.Slice.Basic:c.o (69ms)
✔ [57/4169] Built Init.Data.LawfulHashable:c.o (59ms)
✔ [58/4169] Built Init.Data.ULift:c.o (65ms)
✔ [59/4169] Built Init.Data.PLift:c.o (65ms)
✔ [60/4169] Built Init.Dynamic:c.o (101ms)
✔ [61/4169] Built Lean.Compiler.LCNF.Simp.Config:c.o (65ms)
✔ [62/4169] Built Lean.Meta.Tactic.Grind.Arith.Types:c.o (57ms)
✔ [63/4169] Built Init.Control.Id:c.o (112ms)
✔ [64/4169] Built Init.Data.Zero:c.o (139ms)
✔ [65/4169] Built Init.Data.Order.Classes:c.o (51ms)
✔ [66/4169] Built Init.Data.NeZero (212ms)
✔ [67/4169] Built Init.Data.NeZero:c.o (50ms)
✔ [68/4169] Built Init.While (397ms)
✔ [69/4169] Built Init.SimpLemmas (493ms)
✔ [70/4169] Built Init.SimpLemmas:c.o (50ms)
✔ [71/4169] Built Std.Tactic.BVDecide.Normalize.Prop (105ms)
✔ [72/4169] Built Init.MetaTypes (667ms)
✔ [73/4169] Built Init.Grind.Config (710ms)
✔ [74/4169] Built Init.While:c.o (355ms)
✔ [75/4169] Built Std.Tactic.BVDecide.Normalize.Prop:c.o (50ms)
✔ [76/4169] Built Init.Grind.Config:c.o (117ms)
✔ [77/4169] Built Init.Control.Basic (840ms)
✔ [78/4169] Built Init.Grind.Tactics (152ms)
✔ [79/4169] Built Init.Grind.Lint (152ms)
✔ [80/4169] Built Init.MetaTypes:c.o (285ms)
✔ [81/4169] Built Init.Grind.Tactics:c.o (119ms)
✔ [82/4169] Built Init.Control.Lawful.MonadLift.Basic (145ms)
✔ [83/4169] Built Init.Grind.Cases (114ms)
✔ [84/4169] Built Init.Grind.Cases:c.o (53ms)
✔ [85/4169] Built Init.Grind.Lint:c.o (123ms)
✔ [86/4169] Built Init.Control.Lawful.MonadLift.Basic:c.o (51ms)
✔ [87/4169] Built Init.Data.Function (208ms)
✔ [88/4169] Built Init.Data.Function:c.o (67ms)
✔ [89/4169] Built Init.Control.Except (373ms)
✔ [90/4169] Built Init.Control.Reader (149ms)
✔ [91/4169] Built Init.Control.Basic:c.o (586ms)
✔ [92/4169] Built Init.Data.Option.Basic (576ms)
✔ [93/4169] Built Lean.Util.MonadBacktrack (258ms)
✔ [94/4169] Built Lake.Util.EquipT (246ms)
✔ [95/4169] Built Init.Core:c.o (1.6s)
✔ [96/4169] Built Init.Control.State (312ms)
✔ [97/4169] Built Init.Control.Reader:c.o (152ms)
✔ [98/4169] Built Init.Control.Option (226ms)
✔ [99/4169] Built Init.Data.Option.Instances (270ms)
✔ [100/4169] Built Init.Tactics:c.o (5.7s)
✔ [101/4169] Built Lean.Util.MonadBacktrack:c.o (308ms)
✔ [102/4169] Built Lake.Util.Task (148ms)
✔ [103/4169] Built Lake.Util.EquipT:c.o (330ms)
✔ [104/4169] Built Init.Data.Option.Instances:c.o (196ms)
✔ [105/4169] Built Lake.Util.Task:c.o (103ms)
✔ [106/4169] Built Lake.Util.EStateT (443ms)
✔ [107/4169] Built Init.Control.Except:c.o (832ms)
✔ [108/4169] Built Init.Data.Option.Basic:c.o (662ms)
✔ [109/4169] Built Init.Control.Option:c.o (393ms)
✔ [110/4169] Built Init.Control.State:c.o (639ms)
✔ [111/4169] Built Init.Data.Nat.Basic (1.6s)
✔ [112/4169] Built Init.Data.Nat.Basic:c.o (289ms)
✔ [113/4169] Built Init.WF (449ms)
✔ [114/4169] Built Init.WF:c.o (153ms)
✔ [115/4169] Built Lake.Util.EStateT:c.o (1.1s)
✔ [116/4169] Built Init.WFTactics (578ms)
✔ [117/4169] Built Init.Data.Nat.Div.Basic (634ms)
✔ [118/4169] Built Init.Data.Nat.Div.Basic:c.o (113ms)
✔ [119/4169] Built Init.WFTactics:c.o (931ms)
✔ [120/4169] Built Init.Data.List.Notation (265ms)
✔ [121/4169] Built Init.Data.Nat.Bitwise.Basic (317ms)
✔ [122/4169] Built Init.Data.Int.Basic (424ms)
✔ [123/4169] Built Init.Data.Nat.Bitwise.Basic:c.o (147ms)
✔ [124/4169] Built Init.Data.List.Notation:c.o (175ms)
✔ [125/4169] Built Init.Data.Int.Bitwise.Basic (150ms)
✔ [126/4169] Built Std.Do.SPred.SVal (430ms)
✔ [127/4169] Built Init.Data.Int.DivMod.Basic (360ms)
✔ [128/4169] Built Init.Data.Int.Bitwise.Basic:c.o (187ms)
✔ [129/4169] Built Init.Data.Int.Basic:c.o (442ms)
✔ [130/4169] Built Init.Data.Fin.Basic (506ms)
✔ [131/4169] Built Std.Do.SPred.SVal:c.o (174ms)
✔ [132/4169] Built Init.Data.BitVec.BasicAux (146ms)
✔ [133/4169] Built Init.Data.BitVec.BasicAux:c.o (96ms)
✔ [134/4169] Built Init.Data.Fin.Basic:c.o (443ms)
✔ [135/4169] Built Init.Data.UInt.BasicAux (259ms)
✔ [136/4169] Built Init.Data.UInt.BasicAux:c.o (239ms)
✔ [137/4169] Built Init.Data.Char.Basic (213ms)
✔ [138/4169] Built Init.Data.Int.DivMod.Basic:c.o (628ms)
✔ [139/4169] Built Init.Data.Char.Basic:c.o (118ms)
✔ [140/4169] Built Init.Data.List.Basic (3.0s)
✔ [141/4169] Built Init.Data.ByteArray.Bootstrap (210ms)
✔ [142/4169] Built Init.Data.List.ToArrayImpl (132ms)
✔ [143/4169] Built Init.Data.List.ToArrayImpl:c.o (68ms)
✔ [144/4169] Built Init.Data.ByteArray.Bootstrap:c.o (80ms)
✔ [145/4169] Built Init.Data.String.Bootstrap (232ms)
✔ [146/4169] Built Init.Data.String.Bootstrap:c.o (125ms)
✔ [147/4169] Built Init.System.Platform (160ms)
✔ [148/4169] Built Init.System.Platform:c.o (62ms)
✔ [149/4169] Built Init.Data.Format.Basic (829ms)
✔ [150/4169] Built Init.Data.Repr (623ms)
✔ [151/4169] Built Init.Data.ToString.Basic (280ms)
✔ [152/4169] Built Init.Util (202ms)
✔ [153/4169] Built Init.Control.EState (209ms)
✔ [154/4169] Built Lean.Data.LBool (181ms)
✔ [155/4169] Built Lake.Config.Lang (191ms)
✔ [156/4169] Built Init.Data.ToString.Basic:c.o (287ms)
✔ [157/4169] Built Init.Data.Option.BasicAux (142ms)
✔ [158/4169] Built Init.Data.Float (331ms)
✔ [159/4169] Built Lean.Data.LBool:c.o (145ms)
✔ [160/4169] Built Lake.Config.Lang:c.o (142ms)
✔ [161/4169] Built Init.Data.List.Basic:c.o (2.6s)
✔ [162/4169] Built Init.Data.Repr:c.o (704ms)
✔ [163/4169] Built Init.Util:c.o (185ms)
✔ [164/4169] Built Init.Data.Option.BasicAux:c.o (78ms)
✔ [165/4169] Built Init.Control.EState:c.o (232ms)
✔ [166/4169] Built Lean.Meta.Tactic.Grind.CheckResult (694ms)
✔ [167/4169] Built Init.Data.Float:c.o (303ms)
✔ [168/4169] Built Init.Data.Float32 (317ms)
✔ [169/4169] Built Lean.Meta.Tactic.Grind.CheckResult:c.o (160ms)
✔ [170/4169] Built Init.Data.Float32:c.o (290ms)
✔ [171/4169] Built Init.GetElem (1.1s)
✔ [172/4169] Built Init.GetElem:c.o (566ms)
✔ [173/4169] Built Init.Data.Format.Basic:c.o (3.8s)
✔ [174/4169] Built Init.Data.Array.Basic (3.6s)
✔ [175/4169] Built Lean.Meta.ArgsPacker.Basic (166ms)
✔ [176/4169] Built Lake.Util.Reservoir (132ms)
✔ [177/4169] Built Init.Data.Array.InsertionSort (213ms)
✔ [178/4169] Built Lean.Meta.ArgsPacker.Basic:c.o (58ms)
✔ [179/4169] Built Lake.Util.Reservoir:c.o (60ms)
✔ [180/4169] Built Init.Data.Array.GetLit (330ms)
✔ [181/4169] Built Init.Data.Array.InsertionSort:c.o (145ms)
✔ [182/4169] Built Init.Data.Array.GetLit:c.o (140ms)
✔ [183/4169] Built Init.Data.Array.Subarray (494ms)
✔ [184/4169] Built Init.Data.Array.Subarray:c.o (992ms)
✔ [185/4169] Built Init.Data.Array.Basic:c.o (3.1s)
✔ [186/4169] Built Init.Meta.Defs (3.1s)
✔ [187/4169] Built Init.Meta (1.2s)
✔ [188/4169] Built Init.RCases (230ms)
✔ [189/4169] Built Init.Data.ToString.Macro (208ms)
✔ [190/4169] Built Init.Data.ToString.Macro:c.o (111ms)
✔ [191/4169] Built Init.RCases:c.o (204ms)
✔ [192/4169] Built Init.Data.Nat.Dvd (380ms)
✔ [193/4169] Built Init.Data.Format.Macro (218ms)
✔ [194/4169] Built Init.MacroTrace (194ms)
✔ [195/4169] Built Init.Data.Nat.Dvd:c.o (68ms)
✔ [196/4169] Built Init.Data.Format.Macro:c.o (117ms)
✔ [197/4169] Built Init.MacroTrace:c.o (133ms)
✔ [198/4169] Built Init.Conv (1.4s)
✔ [199/4169] Built Init.Conv:c.o (1.4s)
✔ [200/4169] Built Init.Meta.Defs:c.o (4.9s)
✔ [201/4169] Built Init.Meta:c.o (3.7s)
✔ [202/4169] Built Init.NotationExtra (3.9s)
✔ [203/4169] Built Init.Hints (177ms)
✔ [204/4169] Built Init.Hints:c.o (52ms)
✔ [205/4169] Built Init.WFComputable (271ms)
✔ [206/4169] Built Init.Data.Prod (328ms)
✔ [207/4169] Built Init.Grind.Propagator (301ms)
✔ [208/4169] Built Init.Guard (252ms)
✔ [209/4169] Built Init.WFComputable:c.o (75ms)
✔ [210/4169] Built Init.Data.Prod:c.o (67ms)
✔ [211/4169] Built Init.Guard:c.o (193ms)
✔ [212/4169] Built Init.Grind.Propagator:c.o (255ms)
✔ [213/4169] Built Init.TacticsExtra (822ms)
✔ [214/4169] Built Init.PropLemmas (839ms)
✔ [215/4169] Built Init.Data.Nat.Gcd (803ms)
✔ [216/4169] Built Init.BinderPredicates (845ms)
✔ [217/4169] Built Std.Data.DHashMap.Internal.AssocList.Basic (750ms)
✔ [218/4169] Built Init.Data.Bool (918ms)
✔ [219/4169] Built Init.Data.Nat.Gcd:c.o (95ms)
✔ [220/4169] Built Init.PropLemmas:c.o (116ms)
✔ [221/4169] Built Init.Omega.Logic (174ms)
✔ [222/4169] Built Std.Data.DHashMap.RawDef (273ms)
✔ [223/4169] Built Init.Data.Bool:c.o (165ms)
✔ [224/4169] Built Init.Data.RArray (283ms)
✔ [225/4169] Built Init.Omega.Logic:c.o (56ms)
✔ [226/4169] Built Init.Data.Fin.Iterate (303ms)
✔ [227/4169] Built Std.Data.Internal.List.Defs (216ms)
✔ [228/4169] Built Init.Classical (340ms)
✔ [229/4169] Built Init.Ext (393ms)
✔ [230/4169] Built Init.Data.BEq (238ms)
✔ [231/4169] Built Init.Data.BEq:c.o (57ms)
✔ [232/4169] Built Init.Data.Nat.Coprime (368ms)
✔ [233/4169] Built Init.Data.Nat.Coprime:c.o (81ms)
✔ [234/4169] Built Init.Data.Fin.Iterate:c.o (108ms)
✔ [235/4169] Built Std.Data.Internal.List.Defs:c.o (101ms)
✔ [236/4169] Built Std.Tactic.BVDecide.LRAT.Internal.Entails (425ms)
✔ [237/4169] Built Init.Classical:c.o (71ms)
✔ [238/4169] Built Init.Data.RArray:c.o (149ms)
✔ [239/4169] Built Init.Data.Sum.Basic (437ms)
✔ [240/4169] Built Std.Data.DHashMap.RawDef:c.o (296ms)
✔ [241/4169] Built Init.Ext:c.o (217ms)
✔ [242/4169] Built Init.Data.Subtype.Basic (169ms)
✔ [243/4169] Built Init.Data.Subtype.Basic:c.o (55ms)
✔ [244/4169] Built Init.Grind.Ext (177ms)
✔ [245/4169] Built Init.Grind.Injective (235ms)
✔ [246/4169] Built Init.ByCases (271ms)
✔ [247/4169] Built Init.BinderPredicates:c.o (638ms)
✔ [248/4169] Built Init.Data.Sum.Basic:c.o (211ms)
✔ [249/4169] Built Init.Grind.Ext:c.o (55ms)
✔ [250/4169] Built Init.Grind.Injective:c.o (95ms)
✔ [251/4169] Built Std.Tactic.BVDecide.LRAT.Internal.Entails:c.o (190ms)
✔ [252/4169] Built Init.Data.Order.Factories (428ms)
✔ [253/4169] Built Init.Grind.Util (425ms)
✔ [254/4169] Built Std.Data.DHashMap.Internal.AssocList.Basic:c.o (886ms)
✔ [255/4169] Built Init.ByCases:c.o (218ms)
✔ [256/4169] Built Init.System.ST (472ms)
✔ [257/4169] Built Init.Data.Nat.MinMax (329ms)
✔ [258/4169] Built Init.Data.Order.Factories:c.o (163ms)
✔ [259/4169] Built Init.WFExtrinsicFix (628ms)
✔ [260/4169] Built Init.Data.Sum.Lemmas (559ms)
✔ [261/4169] Built Init.Grind.Util:c.o (237ms)
✔ [262/4169] Built Init.Control.StateRef (289ms)
✔ [263/4169] Built Init.Control.Lawful.Basic (690ms)
✔ [264/4169] Built Init.Data.Nat.MinMax:c.o (64ms)
✔ [265/4169] Built Init.Data.Int.Lemmas (1.0s)
✔ [266/4169] Built Init.Data.Int.Lemmas:c.o (58ms)
✔ [267/4169] Built Init.WFExtrinsicFix:c.o (101ms)
✔ [268/4169] Built Init.Data.Sum.Lemmas:c.o (80ms)
✔ [269/4169] Built Init.Control.Lawful.Basic:c.o (92ms)
✔ [270/4169] Built Init.Data.Nat.Order (187ms)
✔ [271/4169] Built Init.Data.Nat.Order:c.o (61ms)
✔ [272/4169] Built Init.Data.Sum (164ms)
✔ [273/4169] Built Std.Do.SPred.SPred (753ms)
✔ [274/4169] Built Init.System.ST:c.o (461ms)
✔ [275/4169] Built Init.Control.Lawful.Lemmas (240ms)
✔ [276/4169] Built Init.LawfulBEqTactics (669ms)
✔ [277/4169] Built Init.Data.Sum:c.o (59ms)
✔ [278/4169] Built Std.Tactic.Do.ProofMode (178ms)
✔ [279/4169] Built Init.Control.StateRef:c.o (213ms)
✔ [280/4169] Built Init.Control.Lawful.Lemmas:c.o (65ms)
✔ [281/4169] Built Init.Control.Lawful.MonadLift.Lemmas (275ms)
✔ [282/4169] Built Init.Control.Lawful.MonadLift.Lemmas:c.o (57ms)
✔ [283/4169] Built Init.Control.ExceptCps (338ms)
✔ [284/4169] Built Init.Data.Iterators.Basic (1.0s)
✔ [285/4169] Built Init.Data.AC (797ms)
✔ [286/4169] Built Std.Do.SPred.SPred:c.o (212ms)
✔ [287/4169] Built Std.Tactic.Do.ProofMode:c.o (88ms)
✔ [288/4169] Built Init.Control.StateCps (426ms)
✔ [289/4169] Built Init.Data.Ord.Basic (891ms)
✔ [290/4169] Built Init.Control.ExceptCps:c.o (191ms)
✔ [291/4169] Built Init.Data.Iterators.Consumers.Partial (180ms)
✔ [292/4169] Built Init.TacticsExtra:c.o (1.7s)
✔ [293/4169] Built Init.Control.StateCps:c.o (184ms)
✔ [294/4169] Built Init.Data.Order.Lemmas (912ms)
✔ [295/4169] Built Init.Data.Iterators.Internal.Termination (295ms)
✔ [296/4169] Built Init.Data.Iterators.Consumers.Monadic.Partial (232ms)
✔ [297/4169] Built Init.Data.Iterators.Consumers.Monadic.Total (231ms)
✔ [298/4169] Built Init.Data.Iterators.Consumers.Partial:c.o (71ms)
✔ [299/4169] Built Init.Data.Iterators.Consumers.Total (232ms)
✔ [300/4169] Built Init.Data.Iterators.PostconditionMonad (566ms)
✔ [301/4169] Built Init.Data.Iterators.Consumers.Monadic.Access (273ms)
✔ [302/4169] Built Init.Data.Iterators.Lemmas.Basic (296ms)
✔ [303/4169] Built Init.Data.Order.ClassesExtra (227ms)
✔ [304/4169] Built Init.Data.Order.Lemmas:c.o (72ms)
✔ [305/4169] Built Init.Data.Nat.Compare (271ms)
✔ [306/4169] Built Init.Data.Iterators.Internal.Termination:c.o (65ms)
✔ [307/4169] Built Init.Data.Iterators.Consumers.Monadic.Partial:c.o (88ms)
✔ [308/4169] Built Init.Data.Iterators.Consumers.Monadic.Total:c.o (77ms)
✔ [309/4169] Built Init.Data.Iterators.Consumers.Total:c.o (99ms)
✔ [310/4169] Built Init.Data.Iterators.Consumers.Monadic.Access:c.o (93ms)
✔ [311/4169] Built Init.Data.Iterators.Lemmas.Monadic.Basic (324ms)
✔ [312/4169] Built Init.Data.Iterators.Lemmas.Basic:c.o (82ms)
✔ [313/4169] Built Init.Data.Order.ClassesExtra:c.o (59ms)
✔ [314/4169] Built Init.Data.Nat.Compare:c.o (57ms)
✔ [315/4169] Built Init.Data.Iterators.PostconditionMonad:c.o (283ms)
✔ [316/4169] Built Init.Data.Iterators.Lemmas.Monadic.Basic:c.o (80ms)
✔ [317/4169] Built Init.Data.AC:c.o (465ms)
✔ [318/4169] Built Std.Data.Iterators.Lemmas.Monadic (159ms)
✔ [319/4169] Built Std.Do.SPred.Notation.Basic (732ms)
✔ [320/4169] Built Init.Data.Ord.Basic:c.o (479ms)
✔ [321/4169] Built Init.Data.Subtype.Order (310ms)
✔ [322/4169] Built Std.Data.Iterators.Lemmas.Monadic:c.o (53ms)
✔ [323/4169] Built Init.Data.Subtype.Order:c.o (67ms)
✔ [324/4169] Built Init.Data.Iterators.Basic:c.o (757ms)
✔ [325/4169] Built Init.Data.Subtype.OrderExtra (163ms)
✔ [326/4169] Built Init.Data.Subtype.OrderExtra:c.o (62ms)
✔ [327/4169] Built Init.Data.Subtype (148ms)
✔ [328/4169] Built Init.LawfulBEqTactics:c.o (1.1s)
✔ [329/4169] Built Init.Data.Subtype:c.o (54ms)
✔ [330/4169] Built Std.Do.SPred.Notation.Basic:c.o (917ms)
✔ [331/4169] Built Init.Control.Lawful.Instances (1.8s)
✔ [332/4169] Built Init.Data.Option.Lemmas (2.7s)
✔ [333/4169] Built Init.Control.Lawful.Instances:c.o (107ms)
✔ [334/4169] Built Init.Data.Option.Lemmas:c.o (196ms)
✔ [335/4169] Built Init.NotationExtra:c.o (4.2s)
✔ [336/4169] Built Init.Control.Lawful.MonadLift.Instances (416ms)
✔ [337/4169] Built Init.Control.Lawful.MonadLift.Instances:c.o (95ms)
✔ [338/4169] Built Init.Control.Lawful.MonadLift (144ms)
✔ [339/4169] Built Init.Data.Int.Order (1.8s)
✔ [340/4169] Built Init.Control.Lawful.MonadLift:c.o (60ms)
✔ [341/4169] Built Init.Control.Lawful (148ms)
✔ [342/4169] Built Init.Control.Lawful:c.o (58ms)
✔ [343/4169] Built Init.Data.Range.Polymorphic.UpwardEnumerable (667ms)
✔ [344/4169] Built Init.Control (159ms)
✔ [345/4169] Built Init.Data.Int.Order:c.o (245ms)
✔ [346/4169] Built Init.Data.Range.Polymorphic.UpwardEnumerable:c.o (102ms)
✔ [347/4169] Built Init.Grind.Ordered.Order (219ms)
✔ [348/4169] Built Init.Grind.Ordered.Order:c.o (61ms)
✔ [349/4169] Built Init.Control:c.o (101ms)
✔ [350/4169] Built Init.Data.Iterators.Internal.LawfulMonadLiftFunction (376ms)
✔ [351/4169] Built Init.Data.Iterators.Internal.LawfulMonadLiftFunction:c.o (74ms)
✔ [352/4169] Built Init.Data.Iterators.Internal (159ms)
✔ [353/4169] Built Init.Data.Iterators.Internal:c.o (56ms)
✔ [354/4169] Built Init.Data.List.Control (623ms)
✔ [355/4169] Built Init.Data.Iterators.Consumers.Monadic.Collect (416ms)
✔ [356/4169] Built Init.Data.Iterators.Consumers.Collect (195ms)
✔ [357/4169] Built Init.Data.Queue (261ms)
✔ [358/4169] Built Init.Data.Iterators.Consumers.Monadic.Collect:c.o (335ms)
✔ [359/4169] Built Init.Data.Iterators.Consumers.Collect:c.o (133ms)
✔ [360/4169] Built Init.Data.Int.DivMod.Bootstrap (1.1s)
✔ [361/4169] Built Init.Data.Queue:c.o (181ms)
✔ [362/4169] Built Init.Data.Int.DivMod.Bootstrap:c.o (164ms)
✔ [363/4169] Built Init.Data.List.Control:c.o (525ms)
✔ [364/4169] Built Init.Data.Iterators.Consumers.Monadic.Loop (1.1s)
✔ [365/4169] Built Std.Data.Iterators.Lemmas.Equivalence.HetT (1.1s)
✔ [366/4169] Built Init.Data.Iterators.Consumers.Monadic (159ms)
✔ [367/4169] Built Std.Data.Iterators.Lemmas.Equivalence.HetT:c.o (55ms)
✔ [368/4169] Built Init.Omega.Int (501ms)
✔ [369/4169] Built Init.Data.Iterators.Consumers.Monadic:c.o (57ms)
✔ [370/4169] Built Init.Omega.Int:c.o (92ms)
✔ [371/4169] Built Init.Data.Range.Polymorphic.PRange (1.6s)
✔ [372/4169] Built Std.Data.Iterators.Producers.Repeat (232ms)
✔ [373/4169] Built Std.Data.Iterators.Combinators.Monadic.StepSize (469ms)
✔ [374/4169] Built Init.Data.Iterators.Consumers.Loop (557ms)
✔ [375/4169] Built Std.Data.Iterators.Producers.Repeat:c.o (135ms)
✔ [376/4169] Built Init.Data.Iterators.Combinators.Monadic.ULift (518ms)
✔ [377/4169] Built Std.Data.Iterators.Combinators.Monadic.StepSize:c.o (198ms)
✔ [378/4169] Built Std.Data.Iterators.Combinators.StepSize (178ms)
✔ [379/4169] Built Init.Omega.IntList (1.1s)
✔ [380/4169] Built Init.Data.Iterators.ToIterator (210ms)
✔ [381/4169] Built Std.Data.Iterators.Producers.Monadic.Empty (221ms)
✔ [382/4169] Built Std.Data.Iterators.Combinators.StepSize:c.o (76ms)
✔ [383/4169] Built Init.Data.Range.Polymorphic.PRange:c.o (513ms)
✔ [384/4169] Built Init.Data.Iterators.ToIterator:c.o (66ms)
✔ [385/4169] Built Init.Data.Iterators.Combinators.ULift (183ms)
✔ [386/4169] Built Init.Data.Slice.Notation (621ms)
✔ [387/4169] Built Init.Data.Range.Polymorphic.Basic (604ms)
✔ [388/4169] Built Init.Data.Iterators.Combinators.ULift:c.o (93ms)
✔ [389/4169] Built Init.Data.Iterators.Consumers.Access (387ms)
✔ [390/4169] Built Std.Data.Iterators.Producers.Monadic.Empty:c.o (119ms)
✔ [391/4169] Built Std.Data.Iterators.Producers.Empty (174ms)
✔ [392/4169] Built Std.Data.Iterators.Producers.Empty:c.o (57ms)
✔ [393/4169] Built Std.Data.Iterators.Combinators.Monadic.Drop (415ms)
✔ [394/4169] Built Init.Omega.Coeffs (278ms)
✔ [395/4169] Built Init.Data.Iterators.Combinators.Monadic.Attach (454ms)
✔ [396/4169] Built Init.Data.Iterators.Combinators.Monadic.ULift:c.o (331ms)
✔ [397/4169] Built Init.Omega.IntList:c.o (432ms)
✔ [398/4169] Built Init.Omega.Coeffs:c.o (119ms)
✔ [399/4169] Built Init.Data.Iterators.Combinators.Monadic.FilterMap (551ms)
✔ [400/4169] Built Init.Data.Iterators.Consumers.Access:c.o (159ms)
✔ [401/4169] Built Std.Data.Iterators.Combinators.Monadic.Drop:c.o (188ms)
✔ [402/4169] Built Std.Data.Iterators.Combinators.Drop (178ms)
✔ [403/4169] Built Init.Data.Iterators.Consumers.Monadic.Loop:c.o (1.2s)
✔ [404/4169] Built Init.Data.Iterators.Consumers.Loop:c.o (739ms)
✔ [405/4169] Built Init.Data.Slice.Operations (252ms)
✔ [406/4169] Built Init.Data.Iterators.Combinators.Monadic.Attach:c.o (216ms)
✔ [407/4169] Built Std.Data.Iterators.Combinators.Drop:c.o (63ms)
✔ [408/4169] Built Init.Data.Slice.Notation:c.o (400ms)
✔ [409/4169] Built Init.Data.Range.Polymorphic.Basic:c.o (358ms)
✔ [410/4169] Built Init.Data.Iterators.Combinators.FilterMap (227ms)
✔ [411/4169] Built Init.Data.Slice.Operations:c.o (183ms)
✔ [412/4169] Built Std.Data.Iterators.Producers.Slice (166ms)
✔ [413/4169] Built Std.Data.Iterators.Producers.Slice:c.o (57ms)
✔ [414/4169] Built Std.Data.Iterators.Combinators.Monadic.Zip (854ms)
✔ [415/4169] Built Init.Omega.LinearCombo (551ms)
✔ [416/4169] Built Init.Data.Iterators.Combinators.Monadic.FilterMap:c.o (421ms)
✔ [417/4169] Built Init.Data.Iterators.Combinators.FilterMap:c.o (175ms)
✔ [418/4169] Built Init.Data.Iterators.Combinators.Attach (168ms)
✔ [419/4169] Built Init.Data.Iterators.Combinators.Attach:c.o (93ms)
✔ [420/4169] Built Std.Data.Iterators.Combinators.Monadic.Zip:c.o (245ms)
✔ [421/4169] Built Std.Data.Iterators.Combinators.Zip (199ms)
✔ [422/4169] Built Std.Data.Iterators.Combinators.Zip:c.o (83ms)
✔ [423/4169] Built Init.Data.Iterators.Combinators.Monadic.FlatMap (612ms)
✔ [424/4169] Built Init.Data.Iterators.Combinators.Monadic.FlatMap:c.o (250ms)
✔ [425/4169] Built Init.Data.Iterators.Combinators.FlatMap (191ms)
✔ [426/4169] Built Init.Omega.LinearCombo:c.o (505ms)
✔ [427/4169] Built Init.Data.Iterators.Combinators.FlatMap:c.o (121ms)
✔ [428/4169] Built Std.Do.SPred.Notation (5.1s)
✔ [429/4169] Built Init.Data.Nat.Linear (5.9s)
✔ [430/4169] Built Init.Omega.Constraint (812ms)
✔ [431/4169] Built Init.SizeOfLemmas (235ms)
✔ [432/4169] Built Init.Data.Nat.Log2 (275ms)
✔ [433/4169] Built Init.Data.Nat.Power2 (284ms)
✔ [434/4169] Built Init.SizeOfLemmas:c.o (74ms)
✔ [435/4169] Built Init.Data.Nat.Log2:c.o (58ms)
✔ [436/4169] Built Init.Data.Nat.Power2:c.o (81ms)
✔ [437/4169] Built Init.Omega (170ms)
✔ [438/4169] Built Init.Data.Array.BasicAux (344ms)
✔ [439/4169] Built Init.Omega:c.o (59ms)
✔ [440/4169] Built Init.Data.Array.BasicAux:c.o (159ms)
✔ [441/4169] Built Init.Data.Fin.Log2 (180ms)
✔ [442/4169] Built Init.Data.Fin.Log2:c.o (69ms)
✔ [443/4169] Built Std.Do.SPred.Laws (576ms)
✔ [444/4169] Built Std.Do.SPred.Laws:c.o (73ms)
✔ [445/4169] Built Init.Data.List.BasicAux (615ms)
✔ [446/4169] Built Init.Data.UInt.Log2 (168ms)
✔ [447/4169] Built Init.Data.OfScientific (264ms)
✔ [448/4169] Built Init.Data.Nat.Linear:c.o (718ms)
✔ [449/4169] Built Init.Data.Nat.Mod (299ms)
✔ [450/4169] Built Init.Data.Int.Compare (266ms)
✔ [451/4169] Built Init.Data.Int.Compare:c.o (57ms)
✔ [452/4169] Built Init.Data.Array.Subarray.Split (266ms)
✔ [453/4169] Built Init.Data.UInt.Log2:c.o (78ms)
✔ [454/4169] Built Init.Data.Nat.Mod:c.o (55ms)
✔ [455/4169] Built Init.Data.Nat.Control (410ms)
✔ [456/4169] Built Init.Data.Array.Subarray.Split:c.o (152ms)
✔ [457/4169] Built Init.Data.OfScientific:c.o (302ms)
✔ [458/4169] Built Init.Data.Array.Mem (413ms)
✔ [459/4169] Built Init.Omega.Constraint:c.o (877ms)
✔ [460/4169] Built Init.Data.Nat.Control:c.o (317ms)
✔ [461/4169] Built Init.Data.List.BasicAux:c.o (512ms)
✔ [462/4169] Built Init.Grind.Offset (732ms)
✔ [463/4169] Built Init.Grind.Offset:c.o (69ms)
✔ [464/4169] Built Lean.Data.RBMap (1.3s)
✔ [465/4169] Built Init.Data.Range.Basic (1.0s)
✔ [466/4169] Built Init.Data.Array.Mem:c.o (513ms)
✔ [467/4169] Built Init.Data.Ord.Array (1.2s)
✔ [468/4169] Built Lean.Data.RBTree (308ms)
✔ [469/4169] Built Init.Data.Ord.Array:c.o (121ms)
✔ [470/4169] Built Init.Data.Range.Basic:c.o (836ms)
✔ [471/4169] Built Lean.Data.RBTree:c.o (834ms)
✔ [472/4169] Built Std.Do.SPred.DerivedLaws (2.1s)
✔ [473/4169] Built Std.Do.SPred.DerivedLaws:c.o (53ms)
✔ [474/4169] Built Std.Do.SPred (154ms)
✔ [475/4169] Built Std.Do.SPred:c.o (62ms)
✔ [476/4169] Built Lean.Data.RBMap:c.o (2.6s)
✔ [477/4169] Built Init.Data.Nat.SOM (3.4s)
✔ [478/4169] Built Std.Do.SPred.Notation:c.o (4.2s)
✔ [479/4169] Built Init.Data.Nat.SOM:c.o (477ms)
✔ [480/4169] Built Init.Data.Nat.Lemmas (4.0s)
✔ [481/4169] Built Std.Do.PostCond (1.9s)
✔ [482/4169] Built Init.Data.Nat.Lemmas:c.o (229ms)
✔ [483/4169] Built Init.Data.Nat.Simproc (343ms)
✔ [484/4169] Built Init.Data.Nat.Simproc:c.o (59ms)
✔ [485/4169] Built Init.Data.Int.Pow (416ms)
✔ [486/4169] Built Std.Data.Iterators.Combinators.Monadic.TakeWhile (406ms)
✔ [487/4169] Built Std.Data.Iterators.Combinators.Monadic.DropWhile (443ms)
✔ [488/4169] Built Init.Data.Int.Pow:c.o (69ms)
✔ [489/4169] Built Init.Data.Nat.Lcm (457ms)
✔ [490/4169] Built Init.Data.Nat.Lcm:c.o (74ms)
✔ [491/4169] Built Init.Data.Range.Polymorphic.Instances (493ms)
✔ [492/4169] Built Init.Data.Range.Polymorphic.Instances:c.o (70ms)
✔ [493/4169] Built Init.Data.Iterators.Combinators.Monadic.Take (609ms)
✔ [494/4169] Built Std.Data.Iterators.Combinators.TakeWhile (212ms)
✔ [495/4169] Built Std.Data.Iterators.Combinators.Monadic.TakeWhile:c.o (250ms)
✔ [496/4169] Built Std.Data.Iterators.Combinators.Monadic.DropWhile:c.o (257ms)
✔ [497/4169] Built Std.Data.Iterators.Combinators.Monadic (187ms)
✔ [498/4169] Built Std.Data.Iterators.Combinators.Monadic:c.o (64ms)
✔ [499/4169] Built Std.Data.Iterators.Combinators.TakeWhile:c.o (91ms)
✔ [500/4169] Built Std.Data.Iterators.Combinators.DropWhile (214ms)
✔ [501/4169] Built Std.Do.PredTrans (776ms)
✔ [502/4169] Built Init.Data.Iterators.Combinators.Monadic.Take:c.o (224ms)
✔ [503/4169] Built Init.Data.Iterators.Combinators.Monadic (175ms)
✔ [504/4169] Built Init.Data.Iterators.Combinators.Take (214ms)
✔ [505/4169] Built Std.Data.Iterators.Combinators.DropWhile:c.o (71ms)
✔ [506/4169] Built Init.Data.Iterators.Combinators.Monadic:c.o (60ms)
✔ [507/4169] Built Init.Data.Iterators.Combinators.Take:c.o (97ms)
✔ [508/4169] Built Init.Data.Range.Polymorphic.Int (360ms)
✔ [509/4169] Built Std.Data.Iterators.Combinators (177ms)
✔ [510/4169] Built Std.Data.Iterators.Combinators:c.o (60ms)
✔ [511/4169] Built Init.Data.Iterators.Combinators (171ms)
✔ [512/4169] Built Init.Data.Range.Polymorphic.Int:c.o (119ms)
✔ [513/4169] Built Std.Do.PostCond:c.o (1.0s)
✔ [514/4169] Built Std.Do.PredTrans:c.o (233ms)
✔ [515/4169] Built Init.Data.Nat.Div.Lemmas (706ms)
✔ [516/4169] Built Init.Data.Nat.Div.Lemmas:c.o (59ms)
✔ [517/4169] Built Init.Data.Range.Polymorphic.Nat (621ms)
✔ [518/4169] Built Init.Data.Iterators.Combinators:c.o (66ms)
✔ [519/4169] Built Init.Data.Nat.Div (172ms)
✔ [520/4169] Built Init.Data.Nat.Div:c.o (60ms)
✔ [521/4169] Built Init.Data.Range.Polymorphic.Nat:c.o (316ms)
✔ [522/4169] Built Init.Data.Slice.Array.Basic (319ms)
✔ [523/4169] Built Init.Data.Slice.List.Basic (347ms)
✔ [524/4169] Built Std.Do.WP.Basic (771ms)
✔ [525/4169] Built Init.Data.Slice.Array.Basic:c.o (405ms)
✔ [526/4169] Built Init.Grind.AC (1.8s)
✔ [527/4169] Built Init.Data.Slice.List.Basic:c.o (324ms)
✔ [528/4169] Built Std.Do.WP.Basic:c.o (415ms)
✔ [529/4169] Built Init.Grind.AC:c.o (496ms)
✔ [530/4169] Built Init.Data.Nat.Bitwise.Lemmas (1.0s)
✔ [531/4169] Built Init.Data.List.Lemmas (6.5s)
✔ [532/4169] Built Init.Data.Int.LemmasAux (1.0s)
✔ [533/4169] Built Std.Do.WP.Monad (862ms)
✔ [534/4169] Built Init.Data.Nat.Bitwise.Lemmas:c.o (96ms)
✔ [535/4169] Built Init.Data.Int.LemmasAux:c.o (95ms)
✔ [536/4169] Built Std.Do.WP.Monad:c.o (157ms)
✔ [537/4169] Built Init.Data.Nat.Bitwise (179ms)
✔ [538/4169] Built Init.Data.Nat.Bitwise:c.o (59ms)
✔ [539/4169] Built Init.Data.Fin.Lemmas (2.8s)
✔ [540/4169] Built Init.Data.List.Lemmas:c.o (358ms)
✔ [541/4169] Built Init.Data.List.Nat.BEq (312ms)
✔ [542/4169] Built Init.Data.List.Nat.BEq:c.o (58ms)
✔ [543/4169] Built Init.Data.Option.List (333ms)
✔ [544/4169] Built Init.Data.Option.List:c.o (63ms)
✔ [545/4169] Built Init.Data.Fin.Bitwise (349ms)
✔ [546/4169] Built Init.Data.Fin.Bitwise:c.o (59ms)
✔ [547/4169] Built Init.Data.Fin.Lemmas:c.o (319ms)
✔ [548/4169] Built Init.Data.List.TakeDrop (710ms)
✔ [549/4169] Built Init.Data.Array.DecidableEq (443ms)
✔ [550/4169] Built Init.Data.List.TakeDrop:c.o (134ms)
✔ [551/4169] Built Init.Data.Array.DecidableEq:c.o (123ms)
✔ [552/4169] Built Init.Data.Fin.Fold (840ms)
✔ [553/4169] Built Init.Data.Array.Bootstrap (556ms)
✔ [554/4169] Built Init.Data.BitVec.Basic (1.3s)
✔ [555/4169] Built Init.Data.FloatArray.Basic (461ms)
✔ [556/4169] Built Init.Data.Array.Bootstrap:c.o (90ms)
✔ [557/4169] Built Init.Data.FloatArray (181ms)
✔ [558/4169] Built Init.Data.Fin (171ms)
✔ [559/4169] Built Init.Data.Fin.Fold:c.o (218ms)
✔ [560/4169] Built Init.Data.FloatArray:c.o (58ms)
✔ [561/4169] Built Init.Data.Fin:c.o (60ms)
✔ [562/4169] Built Init.Data.List.OfFn (421ms)
✔ [563/4169] Built Init.Data.List.OfFn:c.o (97ms)
✔ [564/4169] Built Init.Data.FloatArray.Basic:c.o (494ms)
✔ [565/4169] Built Init.Data.UInt.Basic (654ms)
✔ [566/4169] Built Init.Data.List.Zip (1.3s)
✔ [567/4169] Built Init.Data.List.Zip:c.o (106ms)
✔ [568/4169] Built Init.Data.Order.Ord (1.3s)
✔ [569/4169] Built Init.Data.Order.Ord:c.o (63ms)
✔ [570/4169] Built Lean.Meta.TransparencyMode (196ms)
✔ [571/4169] Built Init.Data.List.Impl (926ms)
✔ [572/4169] Built Lean.Meta.TransparencyMode:c.o (66ms)
✔ [573/4169] Built Lake.Util.Exit (238ms)
✔ [574/4169] Built Lake.Util.Exit:c.o (84ms)
✔ [575/4169] Built Init.ShareCommon (380ms)
✔ [576/4169] Built Std.Data.Internal.Cut (275ms)
✔ [577/4169] Built Std.Do.WP.SimpLemmas (2.3s)
✔ [578/4169] Built Init.Data.Order.FactoriesExtra (299ms)
✔ [579/4169] Built Init.Data.Order.FactoriesExtra:c.o (87ms)
✔ [580/4169] Built Std.Data.Internal.Cut:c.o (56ms)
✔ [581/4169] Built Std.Do.WP.SimpLemmas:c.o (186ms)
✔ [582/4169] Built Std.Do.WP (167ms)
✔ [583/4169] Built Init.ShareCommon:c.o (181ms)
✔ [584/4169] Built Std.Do.WP:c.o (58ms)
✔ [585/4169] Built Init.Data.List.Sublist (1.9s)
✔ [586/4169] Built Init.Data.BitVec.Basic:c.o (1.3s)
✔ [587/4169] Built Init.Data.UInt.Basic:c.o (715ms)
✔ [588/4169] Built Lean.Data.AssocList (346ms)
✔ [589/4169] Built Init.Data.List.Sublist:c.o (117ms)
✔ [590/4169] Built Std.Do.Triple.Basic (404ms)
✔ [591/4169] Built Init.Data.Order.LemmasExtra (536ms)
✔ [592/4169] Built Init.Data.Order.LemmasExtra:c.o (60ms)
✔ [593/4169] Built Init.Data.SInt.Basic (1.1s)
✔ [594/4169] Built Lean.Data.AssocList:c.o (440ms)
✔ [595/4169] Built Init.Data.List.Impl:c.o (858ms)
✔ [596/4169] Built Init.Data.SInt.Float (194ms)
✔ [597/4169] Built Init.Data.SInt.Float32 (178ms)
✔ [598/4169] Built Init.Data.List.Count (690ms)
✔ [599/4169] Built Init.Data.SInt.Float:c.o (105ms)
✔ [600/4169] Built Init.Data.SInt.Float32:c.o (99ms)
✔ [601/4169] Built Std.Data.DTreeMap.Internal.Def (282ms)
✔ [602/4169] Built Std.Do.Triple.Basic:c.o (425ms)
✔ [603/4169] Built Init.Data.List.Count:c.o (75ms)
✔ [604/4169] Built Std.Data.DTreeMap.Internal.Def:c.o (133ms)
✔ [605/4169] Built Std.Data.DTreeMap.Internal.Balanced (348ms)
✔ [606/4169] Built Std.Data.DTreeMap.Internal.Balanced:c.o (56ms)
✔ [607/4169] Built Init.Data.Int.DivMod.Lemmas (5.3s)
✔ [608/4169] Built Init.Data.List.Nat.Count (823ms)
✔ [609/4169] Built Init.Data.Int.DivMod.Pow (241ms)
✔ [610/4169] Built Init.Data.List.Nat.Count:c.o (82ms)
✔ [611/4169] Built Init.Data.SInt.Basic:c.o (1.2s)
✔ [612/4169] Built Init.Data.Int.DivMod.Pow:c.o (59ms)
✔ [613/4169] Built Init.Data.Int.Bitwise.Lemmas (434ms)
✔ [614/4169] Built Init.Data.Int.DivMod (159ms)
✔ [615/4169] Built Init.Data.Int.DivMod:c.o (58ms)
✔ [616/4169] Built Init.Data.Int.Bitwise.Lemmas:c.o (96ms)
✔ [617/4169] Built Init.Data.Int.Bitwise (162ms)
✔ [618/4169] Built Init.Data.Int.DivMod.Lemmas:c.o (608ms)
✔ [619/4169] Built Init.Data.Int.Bitwise:c.o (59ms)
✔ [620/4169] Built Init.Data.Order.PackageFactories (1.7s)
✔ [621/4169] Built Init.Data.List.Attach (1.4s)
✔ [622/4169] Built Init.Data.Order (162ms)
✔ [623/4169] Built Init.Data.Order:c.o (61ms)
✔ [624/4169] Built Init.Data.List.Attach:c.o (148ms)
✔ [625/4169] Built Std.Time.Internal.Bounded (977ms)
✔ [626/4169] Built Init.Data.BitVec.Bootstrap (620ms)
✔ [627/4169] Built Init.Data.BitVec.Bootstrap:c.o (59ms)
✔ [628/4169] Built Init.Data.Int.Gcd (1.2s)
✔ [629/4169] Built Init.Data.BitVec.Decidable (264ms)
✔ [630/4169] Built Init.Grind.ToInt (1.4s)
✔ [631/4169] Built Init.Data.Int.Gcd:c.o (179ms)
✔ [632/4169] Built Init.Data.BitVec.Decidable:c.o (139ms)
✔ [633/4169] Built Init.Data.Array.BinSearch (1.5s)
✔ [634/4169] Built Init.Data.List.Pairwise (734ms)
✔ [635/4169] Built Init.Data.List.Pairwise:c.o (59ms)
✔ [636/4169] Built Init.Grind.ToInt:c.o (375ms)
✔ [637/4169] Built Init.Data.Int.Cooper (560ms)
✔ [638/4169] Built Init.Grind.ToIntLemmas (483ms)
✔ [639/4169] Built Std.Data.DTreeMap.Internal.Ordered (293ms)
✔ [640/4169] Built Std.Data.DTreeMap.Internal.Ordered:c.o (60ms)
✔ [641/4169] Built Init.Data.Int.Cooper:c.o (176ms)
✔ [642/4169] Built Init.Data.Array.BinSearch:c.o (483ms)
✔ [643/4169] Built Init.Grind.ToIntLemmas:c.o (87ms)
✔ [644/4169] Built Std.Time.Internal.Bounded:c.o (1.0s)
✔ [645/4169] Built Init.Data.List.Monadic (1.3s)
✔ [646/4169] Built Init.Data.List.Range (510ms)
✔ [647/4169] Built Init.Data.List.Range:c.o (84ms)
✔ [648/4169] Built Init.Grind.Module.Basic (645ms)
✔ [649/4169] Built Init.Data.List.MinMax (647ms)
✔ [650/4169] Built Init.Grind.Module.Basic:c.o (73ms)
✔ [651/4169] Built Init.Data.List.MinMax:c.o (81ms)
✔ [652/4169] Built Init.Data.List.Monadic:c.o (314ms)
✔ [653/4169] Built Init.Data.List.FinRange (330ms)
✔ [654/4169] Built Init.Data.List.FinRange:c.o (78ms)
✔ [655/4169] Built Init.Data.Order.PackageFactories:c.o (1.9s)
✔ [656/4169] Built Init.Grind.Ordered.Module (513ms)
✔ [657/4169] Built Lean.Elab.Tactic.Omega.MinNatAbs (435ms)
✔ [658/4169] Built Init.Grind.Ordered.Module:c.o (64ms)
✔ [659/4169] Built Lean.Elab.Tactic.Omega.MinNatAbs:c.o (171ms)
✔ [660/4169] Built Init.Data.Range.Lemmas (902ms)
✔ [661/4169] Built Init.Data.Range.Lemmas:c.o (89ms)
✔ [662/4169] Built Init.Data.Range (180ms)
✔ [663/4169] Built Init.Data.Range:c.o (57ms)
✔ [664/4169] Built Init.Grind.Ring.Basic (1.3s)
✔ [665/4169] Built Init.Data.Stream (309ms)
✔ [666/4169] Built Init.Grind.Ring.ToInt (210ms)
✔ [667/4169] Built Init.Grind.Ring.Basic:c.o (274ms)
✔ [668/4169] Built Init.Grind.Ring.ToInt:c.o (64ms)
✔ [669/4169] Built Init.Data.Iterators.Consumers.Stream (222ms)
✔ [670/4169] Built Init.GrindInstances.Ring.Int (263ms)
✔ [671/4169] Built Init.GrindInstances.Nat (231ms)
✔ [672/4169] Built Init.GrindInstances.Nat:c.o (63ms)
✔ [673/4169] Built Init.Data.Stream:c.o (320ms)
✔ [674/4169] Built Init.Data.Iterators.Consumers.Stream:c.o (80ms)
✔ [675/4169] Built Init.Grind.Lemmas (390ms)
✔ [676/4169] Built Init.GrindInstances.Ring.Int:c.o (104ms)
✔ [677/4169] Built Init.Data.Iterators.Consumers (185ms)
✔ [678/4169] Built Init.Grind.Lemmas:c.o (62ms)
✔ [679/4169] Built Init.Data.Iterators.Consumers:c.o (65ms)
✔ [680/4169] Built Init.Grind.Ring.Field (602ms)
✔ [681/4169] Built Init.Grind.Module.Envelope (1.5s)
✔ [682/4169] Built Init.Grind.Ring.Field:c.o (55ms)
✔ [683/4169] Built Init.Grind.Ring.OfScientific (193ms)
✔ [684/4169] Built Init.Grind.Ring.OfScientific:c.o (59ms)
✔ [685/4169] Built Init.Grind.Ordered.Ring (870ms)
✔ [686/4169] Built Init.Grind.Module.Envelope:c.o (277ms)
✔ [687/4169] Built Init.Grind.Module.OfNatModule (261ms)
✔ [688/4169] Built Init.Data.Iterators.Producers.Monadic.List (357ms)
✔ [689/4169] Built Std.Data.Iterators.Producers.Monadic.Array (368ms)
✔ [690/4169] Built Std.Data.DHashMap.Internal.AssocList.Iterator (406ms)
✔ [691/4169] Built Init.Data.List.Find (2.4s)
✔ [692/4169] Built Init.Grind.Ordered.Ring:c.o (90ms)
✔ [693/4169] Built Init.Grind.Module.OfNatModule:c.o (73ms)
✔ [694/4169] Built Init.Data.List.Find:c.o (131ms)
✔ [695/4169] Built Init.Data.Iterators.Producers.Monadic.List:c.o (173ms)
✔ [696/4169] Built Init.Data.Iterators.Producers.Monadic (210ms)
✔ [697/4169] Built Init.Data.Iterators.Producers.List (223ms)
✔ [698/4169] Built Std.Data.Iterators.Producers.Monadic.Array:c.o (220ms)
✔ [699/4169] Built Std.Data.Iterators.Producers.Array (236ms)
✔ [700/4169] Built Std.Data.DHashMap.Internal.AssocList.Iterator:c.o (151ms)
✔ [701/4169] Built Init.Data.Nat.Fold (2.1s)
✔ [702/4169] Built Init.Grind.Ordered.Int (262ms)
✔ [703/4169] Built Init.Grind.Ordered.Int:c.o (58ms)
✔ [704/4169] Built Init.Data.Iterators.Producers.Monadic:c.o (74ms)
✔ [705/4169] Built Init.Data.Iterators.Producers.List:c.o (83ms)
✔ [706/4169] Built Init.GrindInstances.Ring.Nat (307ms)
✔ [707/4169] Built Std.Data.Iterators.Producers.Array:c.o (69ms)
✔ [708/4169] Built Std.Data.Iterators.Producers.Monadic (297ms)
✔ [709/4169] Built Init.Data.Iterators.Producers (179ms)
✔ [710/4169] Built Init.Data.Iterators.Producers:c.o (62ms)
✔ [711/4169] Built Init.GrindInstances.Ring.Nat:c.o (67ms)
✔ [712/4169] Built Std.Data.Iterators.Producers.Monadic:c.o (69ms)
✔ [713/4169] Built Init.Data.Nat (201ms)
✔ [714/4169] Built Init.Data.Nat:c.o (86ms)
✔ [715/4169] Built Init.Grind.Ordered.Field (668ms)
✔ [716/4169] Built Init.Grind.Ordered.Field:c.o (60ms)
✔ [717/4169] Built Init.Data.Nat.Fold:c.o (496ms)
✔ [718/4169] Built Init.Data.List.Nat.Basic (1.1s)
✔ [719/4169] Built Init.Data.List.Nat.Basic:c.o (100ms)
✔ [720/4169] Built Init.Data.List.Erase (1.2s)
✔ [721/4169] Built Init.Data.Int.Linear (3.8s)
✔ [722/4169] Built Init.Data.List.Erase:c.o (86ms)
✔ [723/4169] Built Init.Data.List.Nat.TakeDrop (1.8s)
✔ [724/4169] Built Init.Data.List.Nat.TakeDrop:c.o (61ms)
✔ [725/4169] Built Init.Grind.Ordered.Linarith (2.0s)
✔ [726/4169] Built Init.Data.List.Nat.Pairwise (375ms)
✔ [727/4169] Built Init.Data.List.Nat.Pairwise:c.o (54ms)
✔ [728/4169] Built Init.Data.List.Perm (974ms)
✔ [729/4169] Built Init.Data.List.Perm:c.o (94ms)
✔ [730/4169] Built Init.Grind.Ring.Envelope (2.4s)
✔ [731/4169] Built Std.Data.DTreeMap.Internal.Queries (4.8s)
✔ [732/4169] Built Init.Data.Int.Linear:c.o (1.2s)
✔ [733/4169] Built Init.Data.List.Sort.Basic (759ms)
✔ [734/4169] Built Init.Data.List.Nat.Erase (814ms)
✔ [735/4169] Built Init.Data.List.Nat.Erase:c.o (59ms)
✔ [736/4169] Built Init.Grind.Ring.Envelope:c.o (303ms)
✔ [737/4169] Built Init.Grind.Module.NatModuleNorm (756ms)
✔ [738/4169] Built Init.Data.List.Nat.Sublist (997ms)
✔ [739/4169] Built Init.Data.List.Nat.Sublist:c.o (56ms)
✔ [740/4169] Built Init.Data.List.Nat.Perm (603ms)
✔ [741/4169] Built Init.Data.List.Sort.Basic:c.o (247ms)
✔ [742/4169] Built Init.Data.List.Nat.Perm:c.o (58ms)
✔ [743/4169] Built Init.Grind.Module.NatModuleNorm:c.o (256ms)
✔ [744/4169] Built Init.Grind.Module (165ms)
✔ [745/4169] Built Init.Grind.Module:c.o (57ms)
✔ [746/4169] Built Init.Grind.Ordered.Linarith:c.o (1.2s)
✔ [747/4169] Built Init.Data.List.Nat.Range (1.4s)
✔ [748/4169] Built Init.Data.List.Nat.Range:c.o (80ms)
✔ [749/4169] Built Init.Data.List.Lex (1.8s)
✔ [750/4169] Built Init.Data.List.Lex:c.o (83ms)
✔ [751/4169] Built Init.Data.List.Nat.Find (371ms)
✔ [752/4169] Built Init.Data.List.Nat.Find:c.o (57ms)
✔ [753/4169] Built Init.Data.List.Nat.Modify (1.1s)
✔ [754/4169] Built Init.Data.List.Nat.Modify:c.o (60ms)
✔ [755/4169] Built Init.Data.List.Nat.InsertIdx (821ms)
✔ [756/4169] Built Init.Data.List.Nat.InsertIdx:c.o (54ms)
✔ [757/4169] Built Init.Data.List.Nat (173ms)
✔ [758/4169] Built Init.Data.List.Nat:c.o (84ms)
✔ [759/4169] Built Std.Data.DTreeMap.Internal.Queries:c.o (3.4s)
✔ [760/4169] Built Init.Data.List.Sort.Lemmas (2.8s)
✔ [761/4169] Built Init.Data.List.Sort.Lemmas:c.o (114ms)
✔ [762/4169] Built Std.Data.DTreeMap.Internal.Balancing (11s)
✔ [763/4169] Built Init.Data.List.ToArray (2.7s)
✔ [764/4169] Built Init.Data.List.ToArray:c.o (213ms)
✔ [765/4169] Built Init.Data.List.Sort.Impl (2.4s)
✔ [766/4169] Built Init.Data.List.Sort (181ms)
✔ [767/4169] Built Init.Data.List.Sort:c.o (55ms)
✔ [768/4169] Built Init.Data.List.Sort.Impl:c.o (476ms)
✔ [769/4169] Built Std.Data.DTreeMap.Internal.Balancing:c.o (5.2s)
✔ [770/4169] Built Init.Data.BitVec.Lemmas (16s)
✔ [771/4169] Built Init.Data.BitVec.Lemmas:c.o (161ms)
✔ [772/4169] Built Init.Data.BitVec.Folds (304ms)
✔ [773/4169] Built Init.Data.Ord.BitVec (237ms)
✔ [774/4169] Built Init.Data.Ord.BitVec:c.o (62ms)
✔ [775/4169] Built Init.Data.BitVec.Folds:c.o (100ms)
✔ [776/4169] Built Std.Tactic.BVDecide.Normalize.Equal (408ms)
✔ [777/4169] Built Std.Tactic.BVDecide.Normalize.Bool (477ms)
✔ [778/4169] Built Std.Tactic.BVDecide.Normalize.Equal:c.o (57ms)
✔ [779/4169] Built Std.Tactic.BVDecide.Normalize.Bool:c.o (61ms)
✔ [780/4169] Built Init.Data.Array.Lemmas (8.6s)
✔ [781/4169] Built Init.Data.Array.Lemmas:c.o (347ms)
✔ [782/4169] Built Init.Data.Array.TakeDrop (280ms)
✔ [783/4169] Built Init.Data.Array.TakeDrop:c.o (63ms)
✔ [784/4169] Built Init.Data.Option.Array (406ms)
✔ [785/4169] Built Init.Data.Option.Array:c.o (81ms)
✔ [786/4169] Built Std.Data.DTreeMap.Internal.Operations (9.3s)
✔ [787/4169] Built Init.Data.Array.Count (742ms)
✔ [788/4169] Built Init.Data.Iterators.Lemmas.Consumers.Monadic.Collect (731ms)
✔ [789/4169] Built Init.Data.Array.Count:c.o (62ms)
✔ [790/4169] Built Init.Data.Array.Perm (793ms)
✔ [791/4169] Built Init.Data.Array.InsertIdx (942ms)
✔ [792/4169] Built Init.Data.Iterators.Lemmas.Consumers.Monadic.Collect:c.o (139ms)
✔ [793/4169] Built Init.Data.Array.Perm:c.o (144ms)
✔ [794/4169] Built Std.Data.DTreeMap.Internal.WF.Defs (355ms)
✔ [795/4169] Built Init.Data.Array.InsertIdx:c.o (56ms)
✔ [796/4169] Built Std.Data.DTreeMap.Internal.WF.Defs:c.o (84ms)
✔ [797/4169] Built Init.Data.Array.Zip (822ms)
✔ [798/4169] Built Init.Data.Array.Zip:c.o (141ms)
✔ [799/4169] Built Init.Data.Iterators.Lemmas.Consumers.Collect (518ms)
✔ [800/4169] Built Init.Data.Iterators.Lemmas.Consumers.Collect:c.o (81ms)
✔ [801/4169] Built Init.Data.Array.Erase (1.9s)
✔ [802/4169] Built Init.Data.Array.Erase:c.o (77ms)
✔ [803/4169] Built Init.Data.Iterators.Lemmas.Consumers.Monadic.Loop (1.6s)
✔ [804/4169] Built Init.Data.Array.Attach (1.6s)
✔ [805/4169] Built Std.Data.DTreeMap.Basic (1.5s)
✔ [806/4169] Built Init.Data.Array.Attach:c.o (176ms)
✔ [807/4169] Built Init.Data.Iterators.Lemmas.Consumers.Monadic.Loop:c.o (194ms)
✔ [808/4169] Built Init.Data.Iterators.Lemmas.Consumers.Monadic (204ms)
✔ [809/4169] Built Init.Data.Iterators.Lemmas.Consumers.Monadic:c.o (62ms)
✔ [810/4169] Built Init.Data.Iterators.Lemmas.Combinators.Monadic.Attach (412ms)
✔ [811/4169] Built Init.Data.Iterators.Lemmas.Combinators.Monadic.Attach:c.o (98ms)
✔ [812/4169] Built Init.Data.Iterators.Lemmas.Combinators.Monadic.ULift (573ms)
✔ [813/4169] Built Std.Data.Iterators.Lemmas.Producers.Monadic.Empty (343ms)
✔ [814/4169] Built Std.Data.Iterators.Lemmas.Combinators.Monadic.Drop (407ms)
✔ [815/4169] Built Std.Data.Iterators.Lemmas.Producers.Monadic.Empty:c.o (105ms)
✔ [816/4169] Built Init.Data.Iterators.Lemmas.Combinators.Monadic.Take (535ms)
✔ [817/4169] Built Init.Data.Iterators.Lemmas.Combinators.Monadic.ULift:c.o (128ms)
✔ [818/4169] Built Std.Data.Iterators.Lemmas.Combinators.Monadic.Drop:c.o (139ms)
✔ [819/4169] Built Init.Data.Iterators.Lemmas.Combinators.Monadic.Take:c.o (136ms)
✔ [820/4169] Built Init.Data.Iterators.Lemmas.Producers.Monadic.List (581ms)
✔ [821/4169] Built Init.Data.Iterators.Lemmas.Producers.Monadic.List:c.o (88ms)
✔ [822/4169] Built Std.Data.Iterators.Lemmas.Combinators.Monadic.Zip (657ms)
✔ [823/4169] Built Init.Data.Option.Attach (881ms)
✔ [824/4169] Built Std.Data.TreeMap.Basic (790ms)
✔ [825/4169] Built Init.Data.Option.Attach:c.o (107ms)
✔ [826/4169] Built Init.Data.Iterators.Lemmas.Producers.Monadic (216ms)
✔ [827/4169] Built Init.Data.Iterators.Lemmas.Producers.Monadic:c.o (63ms)
✔ [828/4169] Built Init.Data.Iterators.Lemmas.Producers.List (257ms)
✔ [829/4169] Built Std.Data.Iterators.Lemmas.Combinators.Monadic.Zip:c.o (158ms)
✔ [830/4169] Built Init.Data.Array.Monadic (1.1s)
✔ [831/4169] Built Init.Data.Iterators.Lemmas.Producers.List:c.o (61ms)
✔ [832/4169] Built Std.Data.Iterators.Lemmas.Combinators.Monadic.DropWhile (885ms)
✔ [833/4169] Built Init.Data.Iterators.Lemmas.Producers (199ms)
✔ [834/4169] Built Std.Data.Iterators.Lemmas.Combinators.Monadic.DropWhile:c.o (151ms)
✔ [835/4169] Built Lake.Util.RBArray (341ms)
✔ [836/4169] Built Init.Data.Array.Monadic:c.o (115ms)
✔ [837/4169] Built Init.Data.Iterators.Lemmas.Producers:c.o (57ms)
✔ [838/4169] Built Std.Data.DTreeMap.Raw.Basic (1.3s)
✔ [839/4169] Built Std.Data.TreeSet.Basic (655ms)
✔ [840/4169] Built Init.Data.Array.OfFn (454ms)
✔ [841/4169] Built Init.Data.Array.OfFn:c.o (92ms)
✔ [842/4169] Built Init.Data.Option.Monadic (774ms)
✔ [843/4169] Built Init.Data.Option.Monadic:c.o (75ms)
✔ [844/4169] Built Init.Data.Option (181ms)
✔ [845/4169] Built Init.Data.Array.FinRange (382ms)
✔ [846/4169] Built Init.Data.Array.FinRange:c.o (65ms)
✔ [847/4169] Built Init.Data.Option:c.o (62ms)
✔ [848/4169] Built Std.Data.TreeMap.Basic:c.o (1.3s)
✔ [849/4169] Built Std.Data.TreeMap.Raw.Basic (748ms)
✔ [850/4169] Built Lake.Util.RBArray:c.o (862ms)
✔ [851/4169] Built Init.Data.BitVec.Bitblast (6.4s)
✔ [852/4169] Built Init.Data.BitVec (159ms)
✔ [853/4169] Built Init.Data.BitVec:c.o (74ms)
✔ [854/4169] Built Init.Data.List.MapIdx (1.6s)
✔ [855/4169] Built Lean.Data.PrefixTree (431ms)
✔ [856/4169] Built Init.Data.BitVec.Bitblast:c.o (477ms)
✔ [857/4169] Built Init.Data.List.MapIdx:c.o (179ms)
✔ [858/4169] Built Init.Data.List (189ms)
✔ [859/4169] Built Init.Data.List:c.o (75ms)
✔ [860/4169] Built Std.Data.TreeSet.Raw.Basic (627ms)
✔ [861/4169] Built Lean.Data.PrefixTree:c.o (276ms)
✔ [862/4169] Built Init.Data.Iterators.Lemmas.Consumers.Loop (1.9s)
✔ [863/4169] Built Init.Data.Iterators.Lemmas.Consumers.Loop:c.o (228ms)
✔ [864/4169] Built Init.Data.Iterators.Lemmas.Consumers (186ms)
✔ [865/4169] Built Std.Data.TreeSet.Basic:c.o (1.7s)
✔ [866/4169] Built Init.Data.Iterators.Lemmas.Consumers:c.o (63ms)
✔ [867/4169] Built Std.Data.TreeMap.Raw.Basic:c.o (1.2s)
✔ [868/4169] Built Init.Data.Iterators.Lemmas.Combinators.Attach (372ms)
✔ [869/4169] Built Init.Data.Iterators.Lemmas.Combinators.Attach:c.o (61ms)
✔ [870/4169] Built Init.Data.Iterators.Lemmas.Combinators.ULift (492ms)
✔ [871/4169] Built Init.Data.Slice.Lemmas (349ms)
✔ [872/4169] Built Std.Data.Iterators.Lemmas.Producers.Empty (265ms)
✔ [873/4169] Built Std.Data.Iterators.Lemmas.Producers.Empty:c.o (62ms)
✔ [874/4169] Built Init.Data.Iterators.Lemmas.Combinators.ULift:c.o (102ms)
✔ [875/4169] Built Init.Data.Slice.Lemmas:c.o (74ms)
✔ [876/4169] Built Std.Data.TreeSet.Raw.Basic:c.o (976ms)
✔ [877/4169] Built Init.Data.Iterators.Lemmas.Combinators.Monadic.FilterMap (3.6s)
✔ [878/4169] Built Init.Data.Iterators.Lemmas.Combinators.Take (656ms)
✔ [879/4169] Built Std.Data.Iterators.Lemmas.Producers.Slice (275ms)
✔ [880/4169] Built Std.Data.DTreeMap.Basic:c.o (3.8s)
✔ [881/4169] Built Std.Data.Iterators.Lemmas.Combinators.DropWhile (698ms)
✔ [882/4169] Built Std.Data.Iterators.Lemmas.Producers.Slice:c.o (69ms)
✔ [883/4169] Built Init.Data.Iterators.Lemmas.Combinators.Monadic.FilterMap:c.o (230ms)
✔ [884/4169] Built Init.Data.Iterators.Lemmas.Combinators.Take:c.o (192ms)
✔ [885/4169] Built Std.Data.Iterators.Lemmas.Combinators.DropWhile:c.o (133ms)
✔ [886/4169] Built Init.Data.Range.Polymorphic.RangeIterator (4.2s)
✔ [887/4169] Built Std.Data.Iterators.Lemmas.Producers.Repeat (284ms)
✔ [888/4169] Built Init.Data.Array.MapIdx (1.7s)
✔ [889/4169] Built Std.Data.Iterators.Lemmas.Producers.Repeat:c.o (74ms)
✔ [890/4169] Built Init.Data.Array.MapIdx:c.o (107ms)
✔ [891/4169] Built Std.Data.Iterators.Lemmas.Combinators.Drop (512ms)
✔ [892/4169] Built Std.Data.Iterators.Lemmas.Combinators.Drop:c.o (131ms)
✔ [893/4169] Built Init.Data.Array.Range (762ms)
✔ [894/4169] Built Init.Data.Array.Range:c.o (97ms)
✔ [895/4169] Built Init.Data.Range.Polymorphic.RangeIterator:c.o (976ms)
✔ [896/4169] Built Init.Data.Range.Polymorphic.Iterators (1.1s)
✔ [897/4169] Built Init.Data.Iterators.Lemmas.Combinators.Monadic.FlatMap (1.6s)
✔ [898/4169] Built Std.Data.Iterators.Producers.Range (229ms)
✔ [899/4169] Built Init.Data.Iterators.Lemmas.Combinators.Monadic.FlatMap:c.o (182ms)
✔ [900/4169] Built Init.Data.Iterators.Lemmas.Combinators.Monadic (199ms)
✔ [901/4169] Built Init.Data.Range.Polymorphic.Stream (243ms)
✔ [902/4169] Built Init.Data.Slice.List.Iterator (292ms)
✔ [903/4169] Built Std.Data.Iterators.Lemmas.Combinators.Zip (1.7s)
✔ [904/4169] Built Init.Data.Iterators.Lemmas.Combinators.Monadic:c.o (64ms)
✔ [905/4169] Built Init.Data.Range.Polymorphic.Stream:c.o (151ms)
✔ [906/4169] Built Std.Data.Iterators.Producers.Range:c.o (167ms)
✔ [907/4169] Built Std.Data.Iterators.Producers (193ms)
✔ [908/4169] Built Lean.Data.Array (408ms)
✔ [909/4169] Built Init.Data.Array.Extract (8.1s)
✔ [910/4169] Built Init.Data.Slice.Array.Iterator (497ms)
✔ [911/4169] Built Std.Data.Iterators.Producers:c.o (61ms)
✔ [912/4169] Built Std.Data.Iterators.Lemmas.Combinators.Zip:c.o (209ms)
✔ [913/4169] Built Init.Data.Array.Extract:c.o (62ms)
✔ [914/4169] Built Init.Data.Array.Lex.Basic (559ms)
✔ [915/4169] Built Init.Data.Array.Lex.Basic:c.o (154ms)
✔ [916/4169] Built Std.Data.DTreeMap.Raw.Basic:c.o (4.6s)
✔ [917/4169] Built Init.Data.Slice.List.Iterator:c.o (462ms)
✔ [918/4169] Built Init.Data.Range.Polymorphic.Iterators:c.o (988ms)
✔ [919/4169] Built Init.Data.Slice.Array.Iterator:c.o (584ms)
✔ [920/4169] Built Init.Data.Iterators.Lemmas.Combinators.FilterMap (2.5s)
✔ [921/4169] Built Lean.Data.Array:c.o (669ms)
✔ [922/4169] Built Init.Data.ByteArray.Basic (904ms)
✔ [923/4169] Built Init.Data.Array.Find (1.7s)
✔ [924/4169] Built Init.Data.Iterators.Lemmas.Combinators.FilterMap:c.o (324ms)
✔ [925/4169] Built Init.Data.Array.Find:c.o (88ms)
✔ [926/4169] Built Init.Data.String.PosRaw (591ms)
✔ [927/4169] Built Init.Data.ByteArray.Basic:c.o (687ms)
✔ [928/4169] Built Init.Data.ByteArray.Lemmas (679ms)
✔ [929/4169] Built Init.Data.ByteArray.Lemmas:c.o (59ms)
✔ [930/4169] Built Init.Data.Iterators.Lemmas.Combinators.FlatMap (1.1s)
✔ [931/4169] Built Init.Data.String.PosRaw:c.o (229ms)
✔ [932/4169] Built Init.Data.Iterators.Lemmas.Combinators.FlatMap:c.o (171ms)
✔ [933/4169] Built Init.Data.Iterators.Lemmas.Combinators (204ms)
✔ [934/4169] Built Init.Data.Iterators.Lemmas.Combinators:c.o (61ms)
✔ [935/4169] Built Init.Data.Iterators.Lemmas (192ms)
✔ [936/4169] Built Init.Data.UInt.Lemmas (12s)
✔ [937/4169] Built Init.Data.Iterators.Lemmas:c.o (54ms)
✔ [938/4169] Built Init.Data.Iterators (191ms)
✔ [939/4169] Built Init.Data.String.Defs (790ms)
✔ [940/4169] Built Init.Data.Iterators:c.o (60ms)
✔ [941/4169] Built Init.Data.Char.Lemmas (263ms)
✔ [942/4169] Built Init.Data.Char.Lemmas:c.o (62ms)
✔ [943/4169] Built Init.Data.Ord.UInt (351ms)
✔ [944/4169] Built Init.Data.Vector.Basic (2.6s)
✔ [945/4169] Built Init.Data.Char.Order (205ms)
✔ [946/4169] Built Init.Data.Char.Order:c.o (54ms)
✔ [947/4169] Built Init.Data.String.ToSlice (249ms)
✔ [948/4169] Built Init.Data.String.ToSlice:c.o (63ms)
✔ [949/4169] Built Init.Data.Ord.UInt:c.o (113ms)
✔ [950/4169] Built Init.Data.Char (184ms)
✔ [951/4169] Built Init.Data.String.Defs:c.o (404ms)
✔ [952/4169] Built Init.Data.Vector.Stream (218ms)
✔ [953/4169] Built Init.Data.Char:c.o (62ms)
✔ [954/4169] Built Init.Data.Vector.Stream:c.o (68ms)
✔ [955/4169] Built Init.Data.Range.Polymorphic.GetElemTactic (342ms)
✔ [956/4169] Built Init.Data.String.Grind (889ms)
✔ [957/4169] Built Init.Data.Range.Polymorphic.GetElemTactic:c.o (592ms)
✔ [958/4169] Built Init.Data.String.Grind:c.o (294ms)
✔ [959/4169] Built Init.Data.Vector.Basic:c.o (1.8s)
✔ [960/4169] Built Init.Data.Range.Polymorphic.Lemmas (6.6s)
✔ [961/4169] Built Init.Data.Range.Polymorphic.Lemmas:c.o (164ms)
✔ [962/4169] Built Init.Data.Range.Polymorphic.IntLemmas (375ms)
✔ [963/4169] Built Init.Data.Range.Polymorphic.IntLemmas:c.o (56ms)
✔ [964/4169] Built Init.Data.UInt.Bitwise (4.4s)
✔ [965/4169] Built Init.Data.UInt (186ms)
✔ [966/4169] Built Init.Data.UInt:c.o (66ms)
✔ [967/4169] Built Std.Data.DHashMap.Internal.Index (223ms)
✔ [968/4169] Built Std.Data.Iterators.Lemmas.Producers.Range (688ms)
✔ [969/4169] Built Std.Data.Iterators.Lemmas.Producers.Range:c.o (58ms)
✔ [970/4169] Built Std.Data.DHashMap.Internal.Index:c.o (97ms)
✔ [971/4169] Built Init.Data.Array.QSort.Basic (4.4s)
✔ [972/4169] Built Init.Data.Slice.List.Lemmas (955ms)
✔ [973/4169] Built Init.Data.Slice.List.Lemmas:c.o (99ms)
✔ [974/4169] Built Init.Data.Array.QSort (217ms)
✔ [975/4169] Built Init.Data.Slice.List (200ms)
✔ [976/4169] Built Init.Data.Array.QSort.Basic:c.o (321ms)
✔ [977/4169] Built Init.Data.Array.QSort:c.o (55ms)
✔ [978/4169] Built Init.Data.Slice.List:c.o (61ms)
✔ [979/4169] Built Init.Data.UInt.Bitwise:c.o (1.0s)
✔ [980/4169] Built Init.Data.Range.Polymorphic.BitVec (790ms)
✔ [981/4169] Built Init.Data.Range.Polymorphic.BitVec:c.o (145ms)
✔ [982/4169] Built Std.Data.Internal.List.Associative (12s)
✔ [983/4169] Built Std.Data.DTreeMap.Internal.Cell (415ms)
✔ [984/4169] Built Std.Data.DHashMap.Internal.Defs (1.6s)
✔ [985/4169] Built Std.Data.DTreeMap.Internal.Cell:c.o (245ms)
✔ [986/4169] Built Std.Data.DHashMap.Internal.AssocList.Lemmas (748ms)
✔ [987/4169] Built Std.Data.Internal.List.Associative:c.o (971ms)
✔ [988/4169] Built Std.Data.DHashMap.Internal.HashesTo (281ms)
✔ [989/4169] Built Std.Data.DHashMap.Internal.AssocList.Lemmas:c.o (161ms)
✔ [990/4169] Built Std.Data.DHashMap.Internal.HashesTo:c.o (57ms)
✔ [991/4169] Built Init.Data.Range.Polymorphic.Internal.SignedBitVec (1.3s)
✔ [992/4169] Built Init.Data.Range.Polymorphic.UInt (1.4s)
✔ [993/4169] Built Init.Data.Range.Polymorphic.Internal.SignedBitVec:c.o (203ms)
✔ [994/4169] Built Init.Data.Range.Polymorphic.UInt:c.o (352ms)
✔ [995/4169] Built Std.Data.DHashMap.Internal.Defs:c.o (1.8s)
✔ [996/4169] Built Std.Data.DHashMap.Raw (1.9s)
✔ [997/4169] Built Init.Data.Range.Polymorphic.NatLemmas (4.5s)
✔ [998/4169] Built Init.Data.Range.Polymorphic.NatLemmas:c.o (58ms)
✔ [999/4169] Built Init.Data.String.Decode (4.6s)
✔ [1000/4169] Built Std.Data.HashMap.Raw (798ms)
✔ [1001/4169] Built Std.Data.DTreeMap.Internal.Operations:c.o (18s)
✔ [1002/4169] Built Init.Data.SInt.Lemmas (9.1s)
✔ [1003/4169] Built Std.Data.DHashMap.Basic (1.1s)
✔ [1004/4169] Built Init.Data.String.Decode:c.o (449ms)
✔ [1005/4169] Built Std.Data.DHashMap.Iterator (285ms)
✔ [1006/4169] Built Std.Data.HashSet.Raw (602ms)
✔ [1007/4169] Built Init.Data.Vector.Lemmas (9.2s)
✔ [1008/4169] Built Init.Data.Vector.Lemmas:c.o (133ms)
✔ [1009/4169] Built Std.Data.DHashMap.Iterator:c.o (207ms)
✔ [1010/4169] Built Init.Data.Ord.SInt (798ms)
✔ [1011/4169] Built Init.Data.Slice.Array.Lemmas (1.4s)
✔ [1012/4169] Built Init.Data.Vector.DecidableEq (313ms)
✔ [1013/4169] Built Init.Data.Slice.Array.Lemmas:c.o (90ms)
✔ [1014/4169] Built Std.Data.DHashMap.Internal.Raw (752ms)
✔ [1015/4169] Built Std.Data.HashMap.Basic (715ms)
✔ [1016/4169] Built Init.Data.Ord.SInt:c.o (126ms)
✔ [1017/4169] Built Init.Data.Ord.Vector (382ms)
✔ [1018/4169] Built Init.Data.Vector.DecidableEq:c.o (66ms)
✔ [1019/4169] Built Init.Data.Slice.Array (203ms)
✔ [1020/4169] Built Std.Data.DHashMap.Raw:c.o (1.9s)
✔ [1021/4169] Built Std.Data.DHashMap.Internal.Raw:c.o (71ms)
✔ [1022/4169] Built Init.Data.Ord.Vector:c.o (96ms)
✔ [1023/4169] Built Init.Data.Slice.Array:c.o (60ms)
✔ [1024/4169] Built Init.Data.Slice (210ms)
✔ [1025/4169] Built Std.Data.HashMap.Iterator (323ms)
✔ [1026/4169] Built Init.Data.Slice:c.o (62ms)
✔ [1027/4169] Built Lean.Util.MonadCache (427ms)
✔ [1028/4169] Built Init.Data.Vector.Count (773ms)
✔ [1029/4169] Built Init.Data.Vector.Count:c.o (60ms)
✔ [1030/4169] Built Std.Data.HashMap.Raw:c.o (1.6s)
✔ [1031/4169] Built Std.Data.HashMap.Iterator:c.o (192ms)
✔ [1032/4169] Built Std.Data.HashSet.Raw:c.o (902ms)
✔ [1033/4169] Built Lean.Util.SCC (495ms)
✔ [1034/4169] Built Init.Data.Vector.Zip (891ms)
✔ [1035/4169] Built Std.Data.HashSet.Basic (659ms)
✔ [1036/4169] Built Init.Data.Vector.Zip:c.o (109ms)
✔ [1037/4169] Built Std.Data.DHashMap.Internal.Model (1.4s)
✔ [1038/4169] Built Init.Data.SInt.Lemmas:c.o (1.7s)
✔ [1039/4169] Built Lean.Util.MonadCache:c.o (439ms)
✔ [1040/4169] Built Std.Data.DHashMap.Basic:c.o (1.6s)
✔ [1041/4169] Built Std.Data.HashSet.Iterator (256ms)
✔ [1042/4169] Built Lean.Util.SCC:c.o (466ms)
✔ [1043/4169] Built Std.Data.HashSet.Iterator:c.o (117ms)
✔ [1044/4169] Built Lake.Util.OrdHashSet (360ms)
✔ [1045/4169] Built Init.Data.Vector.Attach (1.5s)
✔ [1046/4169] Built Init.Data.Vector.InsertIdx (1.5s)
✔ [1047/4169] Built Init.Data.Vector.InsertIdx:c.o (60ms)
✔ [1048/4169] Built Init.Data.Vector.Attach:c.o (148ms)
✔ [1049/4169] Built Std.Data.HashMap.Basic:c.o (1.4s)
✔ [1050/4169] Built Lake.Util.OrdHashSet:c.o (365ms)
✔ [1051/4169] Built Init.Data.Vector.Perm (1.8s)
✔ [1052/4169] Built Std.Data.HashSet.Basic:c.o (910ms)
✔ [1053/4169] Built Init.Data.Array.Lex.Lemmas (3.1s)
✔ [1054/4169] Built Init.Data.Vector.Perm:c.o (144ms)
✔ [1055/4169] Built Init.Data.Array.Lex.Lemmas:c.o (118ms)
✔ [1056/4169] Built Std.Data.DHashMap.Internal.Model:c.o (942ms)
✔ [1057/4169] Built Init.GrindInstances.ToInt (2.6s)
✔ [1058/4169] Built Init.Data.Array.Lex (208ms)
✔ [1059/4169] Built Init.Data.Vector.Erase (2.1s)
✔ [1060/4169] Built Init.Data.Vector.Erase:c.o (64ms)
✔ [1061/4169] Built Init.GrindInstances.ToInt:c.o (104ms)
✔ [1062/4169] Built Init.Data.Array.Lex:c.o (54ms)
✔ [1063/4169] Built Init.Data.Array (202ms)
✔ [1064/4169] Built Init.Data.SInt.Bitwise (2.9s)
✔ [1065/4169] Built Init.Data.Vector.Monadic (818ms)
✔ [1066/4169] Built Init.GrindInstances.Ring.BitVec (297ms)
✔ [1067/4169] Built Init.Data.Array:c.o (82ms)
✔ [1068/4169] Built Init.Data.Vector.Monadic:c.o (82ms)
✔ [1069/4169] Built Init.Data.Int.OfNat (417ms)
✔ [1070/4169] Built Init.Data.Int.OfNat:c.o (66ms)
✔ [1071/4169] Built Init.Data.SInt (199ms)
✔ [1072/4169] Built Init.GrindInstances.Ring.BitVec:c.o (109ms)
✔ [1073/4169] Built Init.Data.SInt:c.o (61ms)
✔ [1074/4169] Built Init.Data.Int (186ms)
✔ [1075/4169] Built Init.Data.Int:c.o (70ms)
✔ [1076/4169] Built Init.Data.Vector.MapIdx (1.3s)
✔ [1077/4169] Built Init.GrindInstances.Ring.UInt (712ms)
✔ [1078/4169] Built Init.GrindInstances.Ring.SInt (726ms)
✔ [1079/4169] Built Init.Data.Vector.MapIdx:c.o (84ms)
✔ [1080/4169] Built Init.GrindInstances.Ring.UInt:c.o (183ms)
✔ [1081/4169] Built Init.GrindInstances.Ring.Fin (802ms)
✔ [1082/4169] Built Init.Data.SInt.Bitwise:c.o (694ms)
✔ [1083/4169] Built Init.GrindInstances.Ring.SInt:c.o (192ms)
✔ [1084/4169] Built Init.GrindInstances.Ring.Fin:c.o (131ms)
✔ [1085/4169] Built Std.Data.DHashMap.Internal.WF (1.0s)
✔ [1086/4169] Built Std.Data.DHashMap.Internal.WF:c.o (220ms)
✔ [1087/4169] Built Init.Data.Vector.Lex (1.4s)
✔ [1088/4169] Built Std.Data.DHashMap.AdditionalOperations (279ms)
✔ [1089/4169] Built Std.Data.DHashMap.AdditionalOperations:c.o (70ms)
✔ [1090/4169] Built Init.Data.Vector.Lex:c.o (100ms)
✔ [1091/4169] Built Std.Data.HashMap.AdditionalOperations (244ms)
✔ [1092/4169] Built Std.Data.DTreeMap.Internal.Model (7.2s)
✔ [1093/4169] Built Std.Data.HashMap.AdditionalOperations:c.o (69ms)
✔ [1094/4169] Built Init.Data.Vector.OfFn (1.3s)
✔ [1095/4169] Built Init.Data.Vector.Range (870ms)
✔ [1096/4169] Built Init.Data.Vector.OfFn:c.o (110ms)
✔ [1097/4169] Built Init.Data.Vector.Range:c.o (80ms)
✔ [1098/4169] Built Init.Data.Vector.FinRange (384ms)
✔ [1099/4169] Built Init.Data.Vector.FinRange:c.o (66ms)
✔ [1100/4169] Built Init.Data.Range.Polymorphic.SInt (1.6s)
✔ [1101/4169] Built Init.Data.String.Basic (4.0s)
✔ [1102/4169] Built Init.Data.Range.Polymorphic (335ms)
✔ [1103/4169] Built Init.Data.Range.Polymorphic:c.o (70ms)
✔ [1104/4169] Built Init.Data.String.Lemmas.Basic (328ms)
✔ [1105/4169] Built Init.Data.String.Stream (327ms)
✔ [1106/4169] Built Init.Data.Hashable (285ms)
✔ [1107/4169] Built Init.Grind.PP (265ms)
✔ [1108/4169] Built Lake.Util.String (273ms)
✔ [1109/4169] Built Init.Data.String.Lemmas.Basic:c.o (66ms)
✔ [1110/4169] Built Init.Data.String.Stream:c.o (92ms)
✔ [1111/4169] Built Init.Data.ByteArray.Extra (383ms)
✔ [1112/4169] Built Init.Data.Vector.Find (973ms)
✔ [1113/4169] Built Init.Data.Vector.Find:c.o (73ms)
✔ [1114/4169] Built Init.Grind.PP:c.o (115ms)
✔ [1115/4169] Built Init.Data.Range.Polymorphic.SInt:c.o (590ms)
✔ [1116/4169] Built Std.Tactic.BVDecide.Bitblast.BoolExpr.Basic (405ms)
✔ [1117/4169] Built Lean.Data.LOption (363ms)
✔ [1118/4169] Built Lake.Util.String:c.o (130ms)
✔ [1119/4169] Built Init.Data.ByteArray.Extra:c.o (95ms)
✔ [1120/4169] Built Init.Data.Hashable:c.o (214ms)
✔ [1121/4169] Built Std.Tactic.BVDecide.LRAT.Internal.PosFin (238ms)
✔ [1122/4169] Built Lean.Data.LOption:c.o (157ms)
✔ [1123/4169] Built Init.Data.String.Pattern.Basic (642ms)
✔ [1124/4169] Built Init.Data.ByteArray (195ms)
✔ [1125/4169] Built Init.Data.ByteArray:c.o (62ms)
✔ [1126/4169] Built Std.Internal.Parsec.Basic (601ms)
✔ [1127/4169] Built Std.Tactic.BVDecide.Bitblast.BoolExpr (246ms)
✔ [1128/4169] Built Std.Tactic.BVDecide.LRAT.Internal.PosFin:c.o (92ms)
✔ [1129/4169] Built Lean.Util.PtrSet (281ms)
✔ [1130/4169] Built Std.Tactic.BVDecide.Bitblast.BoolExpr.Basic:c.o (255ms)
✔ [1131/4169] Built Std.Tactic.BVDecide.Bitblast.BoolExpr:c.o (57ms)
✔ [1132/4169] Built Lean.Util.PtrSet:c.o (132ms)
✔ [1133/4169] Built Init.Data.String.Lemmas.Splits (436ms)
✔ [1134/4169] Built Init.Data.String.Lemmas.Splits:c.o (58ms)
✔ [1135/4169] Built Init.Data.String.Legacy (786ms)
✔ [1136/4169] Built Lean.Util.ParamMinimizer (694ms)
✔ [1137/4169] Built Lean.Data.EditDistance (808ms)
✔ [1138/4169] Built Init.Data.String.Legacy:c.o (145ms)
✔ [1139/4169] Built Std.Data.DTreeMap.Internal.Model:c.o (1.7s)
✔ [1140/4169] Built Lean.Data.FuzzyMatching (918ms)
✔ [1141/4169] Built Init.Data.String.Pattern.Basic:c.o (333ms)
✔ [1142/4169] Built Lean.Data.PersistentArray (1.0s)
✔ [1143/4169] Built Lean.Util.Diff (1.1s)
✔ [1144/4169] Built Init.Data.Rat.Basic (955ms)
✔ [1145/4169] Built Lean.Data.PersistentHashMap (1.2s)
✔ [1146/4169] Built Lean.Data.PersistentHashSet (260ms)
✔ [1147/4169] Built Init.Data.String.Termination (824ms)
✔ [1148/4169] Built Std.Internal.Parsec.Basic:c.o (994ms)
✔ [1149/4169] Built Std.Data.ByteSlice (1.1s)
✔ [1150/4169] Built Std.Time.Internal.UnitVal (422ms)
✔ [1151/4169] Built Lean.Data.SMap (465ms)
✔ [1152/4169] Built Lean.Data.PersistentHashSet:c.o (222ms)
✔ [1153/4169] Built Lean.Data.EditDistance:c.o (934ms)
✔ [1154/4169] Built Lean.Util.ShareCommon (388ms)
✔ [1155/4169] Built Init.Data.Vector.Extract (6.4s)
✔ [1156/4169] Built Std.Time.Internal (285ms)
✔ [1157/4169] Built Std.Time.Internal:c.o (82ms)
✔ [1158/4169] Built Init.Data.String.Modify (532ms)
✔ [1159/4169] Built Init.Data.Vector.Extract:c.o (87ms)
✔ [1160/4169] Built Std.Time.Internal.UnitVal:c.o (476ms)
✔ [1161/4169] Built Lean.Data.SSet (393ms)
✔ [1162/4169] Built Init.Data.String.Basic:c.o (2.2s)
✔ [1163/4169] Built Lean.Data.SSet:c.o (183ms)
✔ [1164/4169] Built Init.Data.String.Pattern.Char (668ms)
✔ [1165/4169] Built Lean.Data.SMap:c.o (597ms)
✔ [1166/4169] Built Init.Data.String.Pattern.Pred (782ms)
✔ [1167/4169] Built Init.Data.String.Modify:c.o (287ms)
✔ [1168/4169] Built Std.Data.ByteSlice:c.o (675ms)
✔ [1169/4169] Built Std.Time.Time.Unit.Nanosecond (477ms)
✔ [1170/4169] Built Lean.Util.Diff:c.o (1.3s)
✔ [1171/4169] Built Init.Data.String.Lemmas.Modify (337ms)
✔ [1172/4169] Built Init.Data.String.Lemmas.Modify:c.o (80ms)
✔ [1173/4169] Built Init.Data.String.Termination:c.o (959ms)
✔ [1174/4169] Built Init.Data.String.Pattern.Char:c.o (467ms)
✔ [1175/4169] Built Std.Time.Time.Unit.Nanosecond:c.o (234ms)
✔ [1176/4169] Built Std.Internal.Parsec.ByteArray (1.0s)
✔ [1177/4169] Built Lean.Util.ParamMinimizer:c.o (1.9s)
✔ [1178/4169] Built Init.Data.String.Pattern.Pred:c.o (424ms)
✔ [1179/4169] Built Init.System.IOError (646ms)
✔ [1180/4169] Built Std.Time.Time.Unit.Second (397ms)
✔ [1181/4169] Built Std.Time.Time.Unit.Millisecond (338ms)
✔ [1182/4169] Built Lean.Data.PersistentHashMap:c.o (1.6s)
✔ [1183/4169] Built Lean.Data.FuzzyMatching:c.o (1.9s)
✔ [1184/4169] Built Init.Data.String.Iterator (757ms)
✔ [1185/4169] Built Std.Time.Time.Unit.Millisecond:c.o (177ms)
✔ [1186/4169] Built Init.Data.Rat.Basic:c.o (1.8s)
✔ [1187/4169] Built Std.Time.Time.Unit.Second:c.o (261ms)
✔ [1188/4169] Built Std.Time.Time.Unit.Minute (296ms)
✔ [1189/4169] Built Lean.Util.ShareCommon:c.o (1.2s)
✔ [1190/4169] Built Init.System.IOError:c.o (454ms)
✔ [1191/4169] Built Init.Data.Rat.Lemmas (1.9s)
✔ [1192/4169] Built Lean.Data.PersistentArray:c.o (2.2s)
✔ [1193/4169] Built Init.Data.Rat.Lemmas:c.o (111ms)
✔ [1194/4169] Built Std.Time.Time.Unit.Minute:c.o (174ms)
✔ [1195/4169] Built Init.Data.String.Iterator:c.o (497ms)
✔ [1196/4169] Built Init.Data.Rat (192ms)
✔ [1197/4169] Built Init.Data.Rat:c.o (54ms)
✔ [1198/4169] Built Std.Time.Time.Unit.Hour (296ms)
✔ [1199/4169] Built Init.GrindInstances.Ring.Rat (315ms)
✔ [1200/4169] Built Init.Grind.Norm (418ms)
✔ [1201/4169] Built Init.GrindInstances.Ring.Rat:c.o (83ms)
✔ [1202/4169] Built Std.Data.DTreeMap.Internal.WF.Lemmas (4.4s)
✔ [1203/4169] Built Std.Time.Time.Unit.Hour:c.o (219ms)
✔ [1204/4169] Built Init.Grind.Norm:c.o (65ms)
✔ [1205/4169] Built Init.Grind.Ordered.Rat (241ms)
✔ [1206/4169] Built Init.Grind.FieldNormNum (530ms)
✔ [1207/4169] Built Init.GrindInstances.Ring (222ms)
✔ [1208/4169] Built Std.Internal.Parsec.ByteArray:c.o (1.0s)
✔ [1209/4169] Built Std.Tactic.BVDecide.Bitblast.BVExpr.Basic (3.3s)
✔ [1210/4169] Built Init.Grind.Ordered.Rat:c.o (55ms)
✔ [1211/4169] Built Init.Grind.FieldNormNum:c.o (82ms)
✔ [1212/4169] Built Init.GrindInstances.Ring:c.o (64ms)
✔ [1213/4169] Built Std.Time.Time.Unit.Basic (414ms)
✔ [1214/4169] Built Init.GrindInstances (223ms)
✔ [1215/4169] Built Init.Grind.Ordered (218ms)
✔ [1216/4169] Built Init.Grind.Ordered:c.o (59ms)
✔ [1217/4169] Built Init.GrindInstances:c.o (62ms)
✔ [1218/4169] Built Std.Data.DTreeMap.AdditionalOperations (369ms)
✔ [1219/4169] Built Std.Data.DTreeMap.AdditionalOperations:c.o (91ms)
✔ [1220/4169] Built Std.Time.Time.Basic (196ms)
✔ [1221/4169] Built Std.Data.DTreeMap.Internal.WF.Lemmas:c.o (506ms)
✔ [1222/4169] Built Std.Time.Time.Basic:c.o (51ms)
✔ [1223/4169] Built Std.Data.DTreeMap.Raw.AdditionalOperations (224ms)
✔ [1224/4169] Built Std.Data.TreeMap.AdditionalOperations (282ms)
✔ [1225/4169] Built Std.Time.Time.Unit.Basic:c.o (339ms)
✔ [1226/4169] Built Std.Data.DTreeMap.Raw.AdditionalOperations:c.o (66ms)
✔ [1227/4169] Built Std.Data.TreeMap.AdditionalOperations:c.o (78ms)
✔ [1228/4169] Built Std.Data.TreeMap.Raw.AdditionalOperations (202ms)
✔ [1229/4169] Built Std.Data.TreeSet.AdditionalOperations (239ms)
✔ [1230/4169] Built Std.Data.TreeSet.AdditionalOperations:c.o (65ms)
✔ [1231/4169] Built Std.Data.TreeMap.Raw.AdditionalOperations:c.o (66ms)
✔ [1232/4169] Built Std.Time.Time.HourMarker (484ms)
✔ [1233/4169] Built Std.Time.Time.PlainTime (542ms)
✔ [1234/4169] Built Std.Time.Time.HourMarker:c.o (243ms)
✔ [1235/4169] Built Init.Data.UInt.Lemmas:c.o (18s)
✔ [1236/4169] Built Std.Time.Time (192ms)
✔ [1237/4169] Built Std.Time.Time:c.o (54ms)
✔ [1238/4169] Built Init.Data.String.Pattern.String (3.6s)
✔ [1239/4169] Built Std.Time.Zoned.Offset (344ms)
✔ [1240/4169] Built Std.Tactic.BVDecide.Bitblast.BVExpr.Basic:c.o (1.4s)
✔ [1241/4169] Built Std.Time.Time.PlainTime:c.o (605ms)
✔ [1242/4169] Built Std.Time.Date.Unit.Day (446ms)
✔ [1243/4169] Built Init.Data.String.Pattern (220ms)
✔ [1244/4169] Built Init.Data.String.Pattern:c.o (65ms)
✔ [1245/4169] Built Std.Time.Zoned.Offset:c.o (286ms)
✔ [1246/4169] Built Std.Time.Zoned.TimeZone (321ms)
✔ [1247/4169] Built Init.Grind.Ring.CommSolver (5.2s)
✔ [1248/4169] Built Init.Data.Dyadic.Basic (2.5s)
✔ [1249/4169] Built Std.Time.Date.Unit.Day:c.o (357ms)
✔ [1250/4169] Built Std.Time.Date.Unit.Week (396ms)
✔ [1251/4169] Built Std.Time.Zoned.TimeZone:c.o (162ms)
✔ [1252/4169] Built Std.Time.Date.Unit.Week:c.o (313ms)
✔ [1253/4169] Built Init.Data.String.Pattern.String:c.o (851ms)
✔ [1254/4169] Built Init.Data.Dyadic.Instances (356ms)
✔ [1255/4169] Built Init.Data.Dyadic.Instances:c.o (88ms)
✔ [1256/4169] Built Std.Time.Date.Unit.Weekday (880ms)
✔ [1257/4169] Built Init.Data.Dyadic.Round (436ms)
✔ [1258/4169] Built Init.Data.Dyadic.Round:c.o (141ms)
✔ [1259/4169] Built Lean.Meta.Tactic.Grind.Arith.CommRing.Poly (1.4s)
✔ [1260/4169] Built Init.Data.Dyadic.Inv (513ms)
✔ [1261/4169] Built Std.Time.Date.Unit.Weekday:c.o (861ms)
✔ [1262/4169] Built Init.Data.Dyadic.Inv:c.o (172ms)
✔ [1263/4169] Built Init.Data.Dyadic.Basic:c.o (1.5s)
✔ [1264/4169] Built Init.Grind.Ring.CommSemiringAdapter (1.9s)
✔ [1265/4169] Built Init.Data.Dyadic (475ms)
✔ [1266/4169] Built Init.Data.Dyadic:c.o (108ms)
✔ [1267/4169] Built Init.Grind.Ring (477ms)
✔ [1268/4169] Built Init.Grind.Ring:c.o (124ms)
✔ [1269/4169] Built Std.Time.Date.Unit.Month (2.9s)
✔ [1270/4169] Built Std.Do.Triple.SpecLemmas (8.4s)
✔ [1271/4169] Built Std.Time.Date.Unit.Year (1.1s)
✔ [1272/4169] Built Std.Do.Triple.SpecLemmas:c.o (790ms)
✔ [1273/4169] Built Std.Do.Triple (710ms)
✔ [1274/4169] Built Std.Do.Triple:c.o (210ms)
✔ [1275/4169] Built Init.Grind.Ring.CommSemiringAdapter:c.o (2.2s)
✔ [1276/4169] Built Init.Grind.Order (2.1s)
✔ [1277/4169] Built Lean.Meta.Tactic.Grind.Arith.CommRing.Poly:c.o (3.2s)
✔ [1278/4169] Built Std.Do (889ms)
✔ [1279/4169] Built Init.Grind.Order:c.o (205ms)
✔ [1280/4169] Built Std.Time.Date.Unit.Basic (923ms)
✔ [1281/4169] Built Std.Do:c.o (196ms)
✔ [1282/4169] Built Std.Time.Date.Unit.Year:c.o (1.1s)
✔ [1283/4169] Built Std.Time.Date.Unit.Basic:c.o (283ms)
✔ [1284/4169] Built Std.Time.Date.Unit.Month:c.o (2.4s)
✔ [1285/4169] Built Init.Grind (792ms)
✔ [1286/4169] Built Init.Grind:c.o (213ms)
✔ [1287/4169] Built Std.Time.Date.ValidDate (3.8s)
✔ [1288/4169] Built Std.Tactic.BVDecide.LRAT.Internal.Assignment (1.5s)
✔ [1289/4169] Built Std.Time.Date.ValidDate:c.o (708ms)
✔ [1290/4169] Built Std.Tactic.BVDecide.LRAT.Internal.Assignment:c.o (605ms)
✔ [1291/4169] Built Std.Time.Date.Basic (2.1s)
✔ [1292/4169] Built Init.Data.Vector.Algebra (3.5s)
✔ [1293/4169] Built Init.Data.Vector.Algebra:c.o (591ms)
✔ [1294/4169] Built Init.Data.Vector (608ms)
✔ [1295/4169] Built Init.Data.Vector:c.o (191ms)
✔ [1296/4169] Built Std.Time.Date.PlainDate (1.7s)
✔ [1297/4169] Built Std.Time.Date (399ms)
✔ [1298/4169] Built Std.Time.Date:c.o (101ms)
✔ [1299/4169] Built Std.Tactic.Do.Syntax (6.5s)
✔ [1300/4169] Built Init.Grind.Ring.CommSolver:c.o (11s)
✔ [1301/4169] Built Std.Time.Date.Basic:c.o (2.9s)
✔ [1302/4169] Built Std.Tactic.Do (322ms)
✔ [1303/4169] Built Init.Data.String.Slice (11s)
✔ [1304/4169] Built Std.Tactic.Do:c.o (86ms)
✔ [1305/4169] Built Std.Time.Duration (1.2s)
✔ [1306/4169] Built Std.Internal.Parsec.String (590ms)
✔ [1307/4169] Built Std.Time.Date.PlainDate:c.o (2.2s)
✔ [1308/4169] Built Std.Internal.Parsec (254ms)
✔ [1309/4169] Built Std.Internal.Parsec:c.o (73ms)
✔ [1310/4169] Built Std.Internal.Parsec.String:c.o (510ms)
✔ [1311/4169] Built Init.Data.String.Substring (1.4s)
✔ [1312/4169] Built Std.Time.Duration:c.o (1.5s)
✔ [1313/4169] Built Init.Data.String.Search (2.1s)
✔ [1314/4169] Built Init.Data.String.TakeDrop (1.2s)
✔ [1315/4169] Built Init.Data.String.Lemmas.Search (585ms)
✔ [1316/4169] Built Std.Time.Zoned.Database.TzIf (1.9s)
✔ [1317/4169] Built Lake.Util.Casing (688ms)
✔ [1318/4169] Built Init.Data.String.Lemmas.Search:c.o (164ms)
✔ [1319/4169] Built Init.Data.Format.Instances (708ms)
✔ [1320/4169] Built Lake.Util.Date (958ms)
✔ [1321/4169] Built Lake.Util.Casing:c.o (401ms)
✔ [1322/4169] Built Init.Data.String.Lemmas (659ms)
✔ [1323/4169] Built Init.System.FilePath (1.4s)
✔ [1324/4169] Built Init.Data.String.Lemmas:c.o (117ms)
✔ [1325/4169] Built Std.Tactic.Do.Syntax:c.o (3.9s)
✔ [1326/4169] Built Init.Data.ToString.Name (1.0s)
✔ [1327/4169] Built Init.Data.Format.Instances:c.o (716ms)
✔ [1328/4169] Built Lake.Util.Cli (1.2s)
✔ [1329/4169] Built Lake.Util.Date:c.o (835ms)
✔ [1330/4169] Built Init.Data.ToString (492ms)
✔ [1331/4169] Built Lake.Config.Defaults (513ms)
✔ [1332/4169] Built Lake.Config.Defaults:c.o (116ms)
✔ [1333/4169] Built Init.Data.ToString:c.o (121ms)
✔ [1334/4169] Built Lean.Compiler.FFI (715ms)
✔ [1335/4169] Built Init.Data.Format.Syntax (731ms)
✔ [1336/4169] Built Lean.Data.OpenDecl (710ms)
✔ [1337/4169] Built Init.Data.String.TakeDrop:c.o (1.8s)
✔ [1338/4169] Built Init.Data.Ord.String (1.2s)
✔ [1339/4169] Built Std.Sat.CNF.Literal (440ms)
✔ [1340/4169] Built Lean.Data.OpenDecl:c.o (213ms)
✔ [1341/4169] Built Lake.Toml.Data.DateTime (1.5s)
✔ [1342/4169] Built Lake.Version (435ms)
✔ [1343/4169] Built Init.Data.String.Extra (2.5s)
✔ [1344/4169] Built Init.Data.ToString.Name:c.o (1.0s)
✔ [1345/4169] Built Init.Data.Format (265ms)
✔ [1346/4169] Built Init.System.Uri (1.2s)
✔ [1347/4169] Built Lake.Util.Cycle (633ms)
✔ [1348/4169] Built Lake.Version:c.o (153ms)
✔ [1349/4169] Built Init.Data.Ord.String:c.o (117ms)
✔ [1350/4169] Built Init.Data.Format:c.o (104ms)
✔ [1351/4169] Built Std.Sat.CNF.Literal:c.o (165ms)
✔ [1352/4169] Built Lake.Util.Family (733ms)
✔ [1353/4169] Built Init.Data.Format.Syntax:c.o (500ms)
✔ [1354/4169] Built Init.Data.Ord (423ms)
✔ [1355/4169] Built Lean.Compiler.FFI:c.o (749ms)
✔ [1356/4169] Built Lake.Util.Cycle:c.o (302ms)
✔ [1357/4169] Built Lake.CLI.Help (476ms)
✔ [1358/4169] Built Init.Data.String.Extra:c.o (454ms)
✔ [1359/4169] Built Init.Data.String (355ms)
✔ [1360/4169] Built Init.Data.Ord:c.o (86ms)
✔ [1361/4169] Built Init.Data.String.Substring:c.o (3.7s)
✔ [1362/4169] Built Init.Data.String:c.o (118ms)
✔ [1363/4169] Built Init.System.FilePath:c.o (1.7s)
✔ [1364/4169] Built Lean.Data.Name (605ms)
✔ [1365/4169] Built Lean.Data.NameTrie (584ms)
✔ [1366/4169] Built Lean.Data.Xml.Basic (559ms)
✔ [1367/4169] Built Lake.Build.Topological (438ms)
✔ [1368/4169] Built Lake.CLI.Error (1.1s)
✔ [1369/4169] Built Lake.CLI.Help:c.o (169ms)
✔ [1370/4169] Built Std.Sat.CNF.Basic (682ms)
✔ [1371/4169] Built Lean.Data.KVMap (926ms)
✔ [1372/4169] Built Lean.Data.Xml.Basic:c.o (167ms)
✔ [1373/4169] Built Lake.Util.Family:c.o (485ms)
✔ [1374/4169] Built Init.Data.String.Search:c.o (3.2s)
✔ [1375/4169] Built Init.System.Uri:c.o (647ms)
✔ [1376/4169] Built Std.Sat.CNF.Basic:c.o (124ms)
✔ [1377/4169] Built Lake.Build.Topological:c.o (175ms)
✔ [1378/4169] Built Lean.Data.NameMap.Basic (380ms)
✔ [1379/4169] Built Std.Sat.CNF.Relabel (403ms)
✔ [1380/4169] Built Lean.Data.Name:c.o (451ms)
✔ [1381/4169] Built Lean.Data.Json.Basic (1.1s)
✔ [1382/4169] Built Lake.Util.Cli:c.o (1.8s)
✔ [1383/4169] Built Std.Sat.CNF.Relabel:c.o (138ms)
✔ [1384/4169] Built Lean.Data.NameMap.AdditionalOperations (242ms)
✔ [1385/4169] Built Lean.Data.NameMap.AdditionalOperations:c.o (88ms)
✔ [1386/4169] Built Lake.Config.MetaClasses (313ms)
✔ [1387/4169] Built Std.Sat.CNF.RelabelFin (374ms)
✔ [1388/4169] Built Std.Time.Zoned.Database.TzIf:c.o (3.2s)
✔ [1389/4169] Built Lake.Config.MetaClasses:c.o (113ms)
✔ [1390/4169] Built Lake.Config.Dependency (359ms)
✔ [1391/4169] Built Lake.Util.StoreInsts (385ms)
✔ [1392/4169] Built Lake.CLI.Error:c.o (760ms)
✔ [1393/4169] Built Init.System.IO (2.6s)
✔ [1394/4169] Built Init.Simproc (2.5s)
✔ [1395/4169] Built Lean.Data.NameMap (224ms)
✔ [1396/4169] Built Lean.Data.NameMap:c.o (69ms)
✔ [1397/4169] Built Lake.Config.Dependency:c.o (277ms)
✔ [1398/4169] Built Lake.Toml.Data.DateTime:c.o (1.5s)
✔ [1399/4169] Built Lake.Toml.Data.Dict (491ms)
✔ [1400/4169] Built Init.Data.String.Slice:c.o (6.2s)
✔ [1401/4169] Built Std.Sat.CNF.RelabelFin:c.o (208ms)
✔ [1402/4169] Built Lean.Data.KVMap:c.o (975ms)
✔ [1403/4169] Built Lean.Data.NameTrie:c.o (1.0s)
✔ [1404/4169] Built Std.Sync.Basic (225ms)
✔ [1405/4169] Built Lake.Util.StoreInsts:c.o (338ms)
✔ [1406/4169] Built Init.System.Promise (279ms)
✔ [1407/4169] Built Std.Sat.CNF.Dimacs (342ms)
✔ [1408/4169] Built Std.Sync.Basic:c.o (66ms)
✔ [1409/4169] Built Lean.ImportingFlag (343ms)
✔ [1410/4169] Built Lean.Util.LakePath (345ms)
✔ [1411/4169] Built Lake.Util.Error (345ms)
✔ [1412/4169] Built Lake.Util.Lift (396ms)
✔ [1413/4169] Built Lake.Util.NativeLib (376ms)
✔ [1414/4169] Built Lake.Util.IO (344ms)
✔ [1415/4169] Built Lake.Util.Lock (377ms)
✔ [1416/4169] Built Init.System.Promise:c.o (107ms)
✔ [1417/4169] Built Lean.InternalExceptionId (430ms)
✔ [1418/4169] Built Lean.LoadDynlib (451ms)
✔ [1419/4169] Built Lean.Util.LakePath:c.o (103ms)
✔ [1420/4169] Built Init.Data.Random (483ms)
✔ [1421/4169] Built Std.Sat.CNF.Dimacs:c.o (214ms)
✔ [1422/4169] Built Std.Sat.CNF (248ms)
✔ [1423/4169] Built Std.Tactic.BVDecide.Syntax (510ms)
✔ [1424/4169] Built Std.Internal.UV.Timer (264ms)
✔ [1425/4169] Built Std.Internal.UV.Loop (270ms)
✔ [1426/4169] Built Lean.ImportingFlag:c.o (126ms)
✔ [1427/4169] Built Lean.Data.NameMap.Basic:c.o (1000ms)
✔ [1428/4169] Built Lean.DocString.Types (1.6s)
✔ [1429/4169] Built Lake.Util.Error:c.o (152ms)
✔ [1430/4169] Built Lake.Util.NativeLib:c.o (89ms)
✔ [1431/4169] Built Lake.Util.IO:c.o (118ms)
✔ [1432/4169] Built Lake.Util.Lock:c.o (177ms)
✔ [1433/4169] Built Init.System (270ms)
✔ [1434/4169] Built Init.Task (298ms)
✔ [1435/4169] Built Std.Sat.CNF:c.o (68ms)
✔ [1436/4169] Built Std.Sync.Mutex (399ms)
✔ [1437/4169] Built Std.Sync.RecursiveMutex (329ms)
✔ [1438/4169] Built Std.Sync.SharedMutex (364ms)
✔ [1439/4169] Built Std.Time.DateTime.Timestamp (640ms)
✔ [1440/4169] Built Std.Internal.UV.Timer:c.o (100ms)
✔ [1441/4169] Built Std.Internal.UV.Loop:c.o (69ms)
✔ [1442/4169] Built Lean.Data.Json.Parser (1.0s)
✔ [1443/4169] Built Lean.InternalExceptionId:c.o (146ms)
✔ [1444/4169] Built Lake.Util.Lift:c.o (194ms)
✔ [1445/4169] Built Init.System:c.o (77ms)
✔ [1446/4169] Built Init.Task:c.o (101ms)
✔ [1447/4169] Built Std.Net.Addr (672ms)
✔ [1448/4169] Built Lean.LoadDynlib:c.o (306ms)
✔ [1449/4169] Built Lean.Compiler.IR.LLVMBindings (691ms)
✔ [1450/4169] Built Lake.Toml.Data.Value (738ms)
✔ [1451/4169] Built Init.Data (362ms)
✔ [1452/4169] Built Std.Sync.Mutex:c.o (223ms)
✔ [1453/4169] Built Std.Sync.RecursiveMutex:c.o (183ms)
✔ [1454/4169] Built Std.Sync.SharedMutex:c.o (249ms)
✔ [1455/4169] Built Std.Tactic.BVDecide.Syntax:c.o (309ms)
✔ [1456/4169] Built Std.Tactic.BVDecide.Normalize.Canonicalize (324ms)
✔ [1457/4169] Built Std.Tactic.BVDecide.Normalize.Canonicalize:c.o (62ms)
✔ [1458/4169] Built Lean.Util.Path (788ms)
✔ [1459/4169] Built Std.Net (263ms)
✔ [1460/4169] Built Lake.Toml.Data (281ms)
✔ [1461/4169] Built Init.Data:c.o (131ms)
✔ [1462/4169] Built Std.Sync.Barrier (371ms)
✔ [1463/4169] Built Std.Tactic.BVDecide.LRAT.Actions (481ms)
✔ [1464/4169] Built Std.Net.Addr:c.o (348ms)
✔ [1465/4169] Built Std.Net:c.o (61ms)
✔ [1466/4169] Built Lean.Data.Options (706ms)
✔ [1467/4169] Built Lean.Server.ServerTask (515ms)
✔ [1468/4169] Built Lake.Toml.Data:c.o (79ms)
✔ [1469/4169] Built Lean.Data.Xml.Parser (2.1s)
✔ [1470/4169] Built Std.Sync.Barrier:c.o (221ms)
✔ [1471/4169] Built Std.Internal.UV.TCP (313ms)
✔ [1472/4169] Built Std.Internal.UV.UDP (289ms)
✔ [1473/4169] Built Std.Internal.UV.DNS (252ms)
✔ [1474/4169] Built Std.Internal.UV.DNS:c.o (68ms)
✔ [1475/4169] Built Std.Internal.UV.Signal (273ms)
✔ [1476/4169] Built Lake.Toml.Data.Dict:c.o (1.2s)
✔ [1477/4169] Built Init.Data.Random:c.o (804ms)
✔ [1478/4169] Built Std.Internal.UV.TCP:c.o (109ms)
✔ [1479/4169] Built Std.Internal.UV.UDP:c.o (110ms)
✔ [1480/4169] Built Std.Internal.UV.Signal:c.o (76ms)
✔ [1481/4169] Built Lean.Util.Profile (318ms)
✔ [1482/4169] Built Lean.Util.RecDepth (299ms)
✔ [1483/4169] Built Lean.Compiler.IR.LLVMBindings:c.o (637ms)
✔ [1484/4169] Built Std.Tactic.BVDecide.LRAT.Actions:c.o (443ms)
✔ [1485/4169] Built Lean.Data.Format (374ms)
✔ [1486/4169] Built Lean.Data.Xml (271ms)
✔ [1487/4169] Built Lean.Compiler.LCNF.ConfigOptions (339ms)
✔ [1488/4169] Built Lean.Server.ServerTask:c.o (356ms)
✔ [1489/4169] Built Lake.Toml.Data.Value:c.o (758ms)
✔ [1490/4169] Built Std.Data.DHashMap.Internal.RawLemmas (25s)
✔ [1491/4169] Built Std.Internal.Async.Basic (1.2s)
✔ [1492/4169] Built Lean.Util.Path:c.o (689ms)
✔ [1493/4169] Built Lean.Data.Xml:c.o (65ms)
✔ [1494/4169] Built Lean.Util.RecDepth:c.o (124ms)
✔ [1495/4169] Built Lean.Server.RequestCancellation (378ms)
✔ [1496/4169] Built Lean.Meta.Tactic.Grind.AC.Seq (2.6s)
✔ [1497/4169] Built Lake.Toml.Decode (507ms)
✔ [1498/4169] Built Init.Internal.Order.Basic (1.6s)
✔ [1499/4169] Built Std.Time.DateTime.PlainDateTime (991ms)
✔ [1500/4169] Built Lean.Util.Profile:c.o (256ms)
✔ [1501/4169] Built Lean.Compiler.LCNF.ConfigOptions:c.o (238ms)
✔ [1502/4169] Built Lean.Server.RequestCancellation:c.o (172ms)
✔ [1503/4169] Built Std.Time.DateTime.Timestamp:c.o (1.0s)
✔ [1504/4169] Built Std.Tactic.BVDecide.Normalize.BitVec (955ms)
✔ [1505/4169] Built Lean.Data.Options:c.o (688ms)
✔ [1506/4169] Built Lean.DocString.Markdown (1.2s)
✔ [1507/4169] Built Lean.PrettyPrinter.Delaborator.Options (679ms)
✔ [1508/4169] Built Lean.Server.AsyncList (652ms)
✔ [1509/4169] Built Std.Data.DHashMap.DecidableEquiv (279ms)
✔ [1510/4169] Built Std.Data.DHashMap.DecidableEquiv:c.o (72ms)
✔ [1511/4169] Built Std.Data.DHashMap.RawDecidableEquiv (278ms)
✔ [1512/4169] Built Std.Data.DHashMap.RawDecidableEquiv:c.o (65ms)
✔ [1513/4169] Built Std.Tactic.BVDecide.Normalize.BitVec:c.o (63ms)
✔ [1514/4169] Built Init.Simproc:c.o (1.9s)
✔ [1515/4169] Built Init.Internal.Order.Basic:c.o (235ms)
✔ [1516/4169] Built Std.Time.DateTime (294ms)
✔ [1517/4169] Built Std.Tactic.BVDecide.LRAT.Parser (907ms)
✔ [1518/4169] Built Std.Internal.UV.System (1.0s)
✔ [1519/4169] Built Lean.Hygiene (463ms)
✔ [1520/4169] Built Std.Data.HashMap.DecidableEquiv (254ms)
✔ [1521/4169] Built Std.Data.HashMap.RawDecidableEquiv (268ms)
✔ [1522/4169] Built Std.Tactic.BVDecide.Normalize (270ms)
✔ [1523/4169] Built Lean.Data.Json.Basic:c.o (2.4s)
✔ [1524/4169] Built Lean.Data.Trie (598ms)
✔ [1525/4169] Built Std.Data.HashMap.DecidableEquiv:c.o (73ms)
✔ [1526/4169] Built Std.Data.HashMap.RawDecidableEquiv:c.o (72ms)
✔ [1527/4169] Built Std.Tactic.BVDecide.Normalize:c.o (66ms)
✔ [1528/4169] Built Std.Time.DateTime:c.o (263ms)
✔ [1529/4169] Built Std.Internal.UV (242ms)
✔ [1530/4169] Built Std.Internal.UV:c.o (62ms)
✔ [1531/4169] Built Lean.Server.AsyncList:c.o (422ms)
✔ [1532/4169] Built Std.Data.HashSet.DecidableEquiv (252ms)
✔ [1533/4169] Built Std.Data.HashSet.DecidableEquiv:c.o (65ms)
✔ [1534/4169] Built Std.Data.HashSet.RawDecidableEquiv (261ms)
✔ [1535/4169] Built Lean.Hygiene:c.o (395ms)
✔ [1536/4169] Built Lean.DocString.Types:c.o (1.8s)
✔ [1537/4169] Built Lean.Meta.Tactic.Grind.AC.Seq:c.o (867ms)
✔ [1538/4169] Built Std.Data.HashSet.RawDecidableEquiv:c.o (63ms)
✔ [1539/4169] Built Std.Time.Zoned.ZoneRules (585ms)
✔ [1540/4169] Built Std.Time.Zoned.DateTime (665ms)
✔ [1541/4169] Built Std.Internal.UV.System:c.o (617ms)
✔ [1542/4169] Built Lake.Toml.Decode:c.o (1.1s)
✔ [1543/4169] Built Std.Internal.Async.Select (1.2s)
✔ [1544/4169] Built Lean.Data.Trie:c.o (728ms)
✔ [1545/4169] Built Init.System.IO:c.o (2.8s)
✔ [1546/4169] Built Lean.Data.Json.Printer (1.4s)
✔ [1547/4169] Built Std.Time.Zoned.Database.Basic (387ms)
✔ [1548/4169] Built Init.Internal.Order.Lemmas (1.4s)
✔ [1549/4169] Built Std.Internal.Async.IO (231ms)
✔ [1550/4169] Built Std.Internal.Async.IO:c.o (56ms)
✔ [1551/4169] Built Lean.Syntax (1.6s)
✔ [1552/4169] Built Std.Time.Zoned.ZoneRules:c.o (605ms)
✔ [1553/4169] Built Std.Time.Zoned.Database.Basic:c.o (248ms)
✔ [1554/4169] Built Lean.Data.Format:c.o (1.7s)
✔ [1555/4169] Built Lean.Data.Json.Stream (313ms)
✔ [1556/4169] Built Init.Internal.Order.Lemmas:c.o (139ms)
✔ [1557/4169] Built Lean.PrettyPrinter.Delaborator.Options:c.o (1.5s)
✔ [1558/4169] Built Init.Internal.Order (263ms)
✔ [1559/4169] Built Std.Sync.Notify (541ms)
✔ [1560/4169] Built Std.Time.Zoned.ZonedDateTime (796ms)
✔ [1561/4169] Built Std.Time.Zoned.Database.TZdb (427ms)
✔ [1562/4169] Built Std.Time.Zoned.Database.Windows (417ms)
✔ [1563/4169] Built Lean.Data.Json.Stream:c.o (132ms)
✔ [1564/4169] Built Init.Internal.Order:c.o (74ms)
✔ [1565/4169] Built Lean.Data.Json.FromToJson.Basic (673ms)
✔ [1566/4169] Built Lean.DocString.Markdown:c.o (1.8s)
✔ [1567/4169] Built Init.Internal (249ms)
✔ [1568/4169] Built Init.Internal:c.o (61ms)
✔ [1569/4169] Built Std.Time.DateTime.PlainDateTime:c.o (1.0s)
✔ [1570/4169] Built Std.Time.Zoned.Database.TZdb:c.o (312ms)
✔ [1571/4169] Built Std.Time.Zoned.Database.Windows:c.o (283ms)
✔ [1572/4169] Built Std.Time.Zoned.Database (274ms)
✔ [1573/4169] Built Lean.DocString.Links (650ms)
✔ [1574/4169] Built Lean.Data.Json.Parser:c.o (3.1s)
✔ [1575/4169] Built Std.Sync.Notify:c.o (500ms)
✔ [1576/4169] Built Std.Time.Zoned.Database:c.o (167ms)
✔ [1577/4169] Built Lean.Data.Json.FromToJson.Extra (357ms)
✔ [1578/4169] Built Init (317ms)
✔ [1579/4169] Built Lean.Data.Json.Printer:c.o (1.1s)
✔ [1580/4169] Built Init:c.o (94ms)
✔ [1581/4169] Built Std.Data.Iterators.Lemmas.Equivalence.Basic (733ms)
✔ [1582/4169] Built Std.Time.Zoned (418ms)
✔ [1583/4169] Built Lean.Data.Json.FromToJson.Extra:c.o (122ms)
✔ [1584/4169] Built Lean.Data.Lsp.BasicAux (508ms)
✔ [1585/4169] Built Lean.Data.Lsp.Window (519ms)
✔ [1586/4169] Built Std.Data.Iterators.Lemmas.Equivalence.Basic:c.o (92ms)
✔ [1587/4169] Built Lean.Data.Json.FromToJson (260ms)
✔ [1588/4169] Built Lean.Util.LeanOptions (583ms)
✔ [1589/4169] Built Lean.Data.Json.FromToJson.Basic:c.o (766ms)
✔ [1590/4169] Built Lean.Data.Json.FromToJson:c.o (66ms)
✔ [1591/4169] Built Lean.Server.Rpc.Basic (731ms)
✔ [1592/4169] Built Init:static (372ms)
✔ [1593/4169] Built Std.Internal.Async.Basic:c.o (2.8s)
✔ [1594/4169] Built Init:static (397ms)
✔ [1596/4169] Built Std.Internal.Async.Select:c.o (1.7s)
✔ [1597/4169] Built Lean.Data.Lsp.BasicAux:c.o (368ms)
✔ [1598/4169] Built Leanc (576ms)
✔ [1599/4169] Built Std.Data.Iterators.Lemmas.Producers.Monadic.List (479ms)
✔ [1600/4169] Built Lean.Data.Lsp.Window:c.o (516ms)
✔ [1601/4169] Built Std.Data.Iterators.Lemmas.Producers.Monadic.List:c.o (104ms)
✔ [1602/4169] Built Lean.Widget.Types (417ms)
✔ [1603/4169] Built Std.Data.DHashMap.Internal.RawLemmas:c.o (3.2s)
✔ [1604/4169] Built Lean.DocString.Links:c.o (1.0s)
✔ [1605/4169] Built Std.Data.Iterators.Lemmas.Equivalence.StepCongr (735ms)
✔ [1606/4169] Built Lean.Level (2.9s)
✔ [1607/4169] Built Lean.Widget.Types:c.o (195ms)
✔ [1608/4169] Built Std.Data.Iterators.Lemmas.Equivalence.StepCongr:c.o (89ms)
✔ [1609/4169] Built Lean.Data.JsonRpc (1.5s)
✔ [1610/4169] Built Leanc:c.o (437ms)
✔ [1611/4169] Built Leanc:static (49ms)
✔ [1613/4169] Built Std.Data.Iterators.Lemmas.Equivalence (227ms)
✔ [1614/4169] Built Lean.Widget.TaggedText (779ms)
✔ [1615/4169] Built Std.Data.Iterators.Lemmas.Equivalence:c.o (62ms)
✔ [1616/4169] Built Std.Sync.Channel (2.2s)
✔ [1617/4169] Built Lean.Data.Json.Elab (1.1s)
✔ [1618/4169] Built Lean.Data.Lsp.CancelParams (295ms)
✔ [1619/4169] Built Lean.Util.LeanOptions:c.o (1.1s)
✔ [1620/4169] Built Std.Time.Zoned:c.o (1.3s)
✔ [1621/4169] Built Lean.Data.Lsp.CancelParams:c.o (147ms)
✔ [1622/4169] Built Lean.Data.Lsp.Communication (477ms)
✔ [1623/4169] Built Std.Data.Iterators.Lemmas.Consumers.Monadic.Collect (699ms)
✔ [1624/4169] Built Lean.Data.Json (271ms)
✔ [1625/4169] Built Lean.Data.Json:c.o (67ms)
✔ [1626/4169] Built Lean.Setup (1.4s)
✔ [1627/4169] Built Std.Data.Iterators.Lemmas.Consumers.Monadic.Collect:c.o (94ms)
✔ [1628/4169] Built Std.Tactic.BVDecide.LRAT.Parser:c.o (3.7s)
✔ [1629/4169] Built Lean.Syntax:c.o (2.6s)
✔ [1630/4169] Built Lean.Server.Rpc.Basic:c.o (1.4s)
✔ [1631/4169] Built Std.Data.Iterators.Lemmas.Consumers.Collect (263ms)
✔ [1632/4169] Built Std.Data.Iterators.Lemmas.Consumers.Collect:c.o (60ms)
✔ [1633/4169] Built Lake.Config.OutFormat (441ms)
✔ [1634/4169] Built Lake.Util.JsonObject (454ms)
✔ [1635/4169] Built Lake.Util.FilePath (583ms)
✔ [1636/4169] Built Lake.Config.OutFormat:c.o (238ms)
✔ [1637/4169] Built Lake.Util.Name (660ms)
✔ [1638/4169] Built Std.Data.Iterators.Lemmas.Consumers.Monadic.Loop (776ms)
✔ [1639/4169] Built Std.Data.Iterators.Lemmas.Combinators.Monadic.FilterMap (1.5s)
✔ [1640/4169] Built Lake.Util.FilePath:c.o (247ms)
✔ [1641/4169] Built Std.Data.Iterators.Lemmas.Consumers.Monadic.Loop:c.o (62ms)
✔ [1642/4169] Built Lake.Config.Dynlib (367ms)
✔ [1643/4169] Built Std.Data.Iterators.Lemmas.Consumers.Monadic (218ms)
✔ [1644/4169] Built Std.Data.Iterators.Lemmas.Combinators.Monadic.FilterMap:c.o (126ms)
✔ [1645/4169] Built Lean.Data.Json.Elab:c.o (1.3s)
✔ [1646/4169] Built Lean.Data.Lsp.Communication:c.o (997ms)
✔ [1647/4169] Built Lake.Build.Trace (944ms)
✔ [1648/4169] Built Lake.Util.Name:c.o (313ms)
✔ [1649/4169] Built Lake.Toml.Encode (413ms)
✔ [1650/4169] Built Std.Data.Iterators.Lemmas.Consumers.Monadic:c.o (69ms)
✔ [1651/4169] Built Std.Data.Iterators.Lemmas.Consumers.Loop (293ms)
✔ [1652/4169] Built Lake.Config.Dynlib:c.o (211ms)
✔ [1653/4169] Built Std.Data.Iterators.Lemmas.Consumers.Loop:c.o (61ms)
✔ [1654/4169] Built Lake.Config.Glob (546ms)
✔ [1655/4169] Built Std.Data.Iterators.Lemmas.Consumers (214ms)
✔ [1656/4169] Built Lake.Toml.Encode:c.o (267ms)
✔ [1657/4169] Built Std.Data.Iterators.Lemmas.Consumers:c.o (61ms)
✔ [1658/4169] Built Lake.Config.Artifact (498ms)
✔ [1659/4169] Built Lake.Config.Glob:c.o (307ms)
✔ [1660/4169] Built Lake.Config.Pattern (843ms)
✔ [1661/4169] Built Std.Data.Iterators.Lemmas.Combinators.Monadic.TakeWhile (577ms)
✔ [1662/4169] Built Std.Data.Iterators.Lemmas.Producers.Monadic.Array (691ms)
✔ [1663/4169] Built Lean.Level:c.o (2.4s)
✔ [1664/4169] Built Lake.Build.Key (974ms)
✔ [1665/4169] Built Std.Data.Iterators.Lemmas.Combinators.Monadic.TakeWhile:c.o (159ms)
✔ [1666/4169] Built Std.Data.Iterators.Lemmas.Combinators.Monadic (211ms)
✔ [1667/4169] Built Std.Data.Iterators.Lemmas.Producers.Monadic.Array:c.o (91ms)
✔ [1668/4169] Built Lake.Build.Trace:c.o (827ms)
✔ [1669/4169] Built Lake.Config.Artifact:c.o (328ms)
✔ [1670/4169] Built Std.Data.Iterators.Lemmas.Combinators.Monadic:c.o (63ms)
✔ [1671/4169] Built Lake.Build.Target.Basic (197ms)
✔ [1672/4169] Built Std.Data.Iterators.Lemmas.Producers.Monadic (266ms)
✔ [1673/4169] Built Lake.Build.ModuleArtifacts (498ms)
✔ [1674/4169] Built Lake.Build.Target.Basic:c.o (108ms)
✔ [1675/4169] Built Std.Data.Iterators.Lemmas.Producers.Monadic:c.o (61ms)
✔ [1676/4169] Built Std.Data.Iterators.Lemmas.Producers.Array (406ms)
✔ [1677/4169] Built Lean.Data.Lsp.Basic (2.1s)
✔ [1678/4169] Built Std.Data.Iterators.Lemmas.Producers.Array:c.o (64ms)
✔ [1679/4169] Built Lean.Compiler.NameMangling (2.2s)
✔ [1680/4169] Built Lake.Config.InstallPath (1.4s)
✔ [1681/4169] Built Lake.Util.Version (2.3s)
✔ [1682/4169] Built Std.Data.Iterators.Lemmas.Combinators.TakeWhile (738ms)
✔ [1683/4169] Built Std.Data.Iterators.Lemmas.Producers (242ms)
✔ [1684/4169] Built Std.Data.Iterators.Lemmas.Producers:c.o (69ms)
✔ [1685/4169] Built Lake.Build.ModuleArtifacts:c.o (482ms)
✔ [1686/4169] Built Std.Data.Iterators.Lemmas.Combinators.TakeWhile:c.o (160ms)
✔ [1687/4169] Built Lean.Data.Lsp.Client (411ms)
✔ [1688/4169] Built Std.Data.Iterators.Lemmas.Combinators (216ms)
✔ [1689/4169] Built Std.Data.Iterators.Lemmas.Combinators:c.o (63ms)
✔ [1690/4169] Built Lake.Build.Key:c.o (972ms)
✔ [1691/4169] Built Lake.Config.Pattern:c.o (1.1s)
✔ [1692/4169] Built Lean.Data.Lsp.Workspace (542ms)
✔ [1693/4169] Built Std.Data.Iterators.Lemmas (219ms)
✔ [1694/4169] Built Std.Data.Iterators.Lemmas:c.o (58ms)
✔ [1695/4169] Built Lean.Data.Lsp.TextSync (709ms)
✔ [1696/4169] Built Lean.Data.Lsp.Client:c.o (243ms)
✔ [1697/4169] Built Lean.Compiler.NameMangling:c.o (554ms)
✔ [1698/4169] Built Std.Data.Iterators (251ms)
✔ [1699/4169] Built Lean.Setup:c.o (2.0s)
✔ [1700/4169] Built Lake.Util.JsonObject:c.o (2.5s)
✔ [1701/4169] Built Lake.Build.Data (1.3s)
✔ [1702/4169] Built Std.Data.Iterators:c.o (63ms)
✔ [1703/4169] Built Std.Time.Zoned.ZonedDateTime:c.o (5.2s)
✔ [1704/4169] Built Lean.Expr (3.9s)
✔ [1705/4169] Built Lean.Data.Lsp.Workspace:c.o (587ms)
✔ [1706/4169] Built Lake.Config.InstallPath:c.o (1.2s)
✔ [1707/4169] Built Lake.Load.Manifest (1.2s)
✔ [1708/4169] Built Std.Sync.Channel:c.o (3.8s)
✔ [1709/4169] Built Lean.ToLevel (309ms)
✔ [1710/4169] Built Lean.Util.FindMVar (371ms)
✔ [1711/4169] Built Lean.Elab.RecAppSyntax (354ms)
✔ [1712/4169] Built Lean.Widget.TaggedText:c.o (4.0s)
✔ [1713/4169] Built Lean.ToLevel:c.o (70ms)
✔ [1714/4169] Built Lean.Util.FindExpr (461ms)
✔ [1715/4169] Built Lean.Data.Lsp.TextSync:c.o (864ms)
✔ [1716/4169] Built Lean.Util.CollectMVars (423ms)
✔ [1717/4169] Built Lean.Compiler.BorrowedAnnotation (400ms)
✔ [1718/4169] Built Lean.Util.ForEachExpr (446ms)
✔ [1719/4169] Built Lean.Elab.RecAppSyntax:c.o (106ms)
✔ [1720/4169] Built Lean.Util.HasConstCache (414ms)
✔ [1721/4169] Built Lean.Meta.Tactic.Grind.ExprPtr (461ms)
✔ [1722/4169] Built Lean.Util.ReplaceExpr (528ms)
✔ [1723/4169] Built Lean.Compiler.BorrowedAnnotation:c.o (97ms)
✔ [1724/4169] Built Lean.Util.CollectLevelParams (499ms)
✔ [1725/4169] Built Lean.Util.FindMVar:c.o (127ms)
✔ [1726/4169] Built Lean.Util.FindLevelMVar (521ms)
✔ [1727/4169] Built Lean.Util.ReplaceLevel (481ms)
✔ [1728/4169] Built Lean.Util.NumObjs (571ms)
✔ [1729/4169] Built Lean.Util.SortExprs (491ms)
✔ [1730/4169] Built Lean.HeadIndex (509ms)
✔ [1731/4169] Built Lean.Util.CollectLevelMVars (491ms)
✔ [1732/4169] Built Lean.Util.NumApps (483ms)
✔ [1733/4169] Built Lean.Meta.Tactic.Grind.ExprPtr:c.o (77ms)
✔ [1734/4169] Built Lean.Meta.Tactic.Grind.CastLike (484ms)
✔ [1735/4169] Built Lean.Util.FindExpr:c.o (139ms)
✔ [1736/4169] Built Lean.Util.CollectMVars:c.o (245ms)
✔ [1737/4169] Built Lean.Util.ForEachExprWhere (596ms)
✔ [1738/4169] Built Lean.Util.CollectLooseBVars (637ms)
✔ [1739/4169] Built Lean.Meta.Tactic.Grind.CastLike:c.o (94ms)
✔ [1740/4169] Built Lean.Util.ReplaceExpr:c.o (134ms)
✔ [1741/4169] Built Lean.Util.FindLevelMVar:c.o (172ms)
✔ [1742/4169] Built Lean.Util.ForEachExpr:c.o (310ms)
✔ [1743/4169] Built Lean.ToExpr (528ms)
✔ [1744/4169] Built Lean.Util.ReplaceLevel:c.o (335ms)
✔ [1745/4169] Built Lean.Util.NumObjs:c.o (343ms)
✔ [1746/4169] Built Lean.HeadIndex:c.o (301ms)
✔ [1747/4169] Built Lean.Util.HasConstCache:c.o (382ms)
✔ [1748/4169] Built Lean.Util.InstantiateLevelParams (370ms)
✔ [1749/4169] Built Lean.Util.CollectLevelParams:c.o (447ms)
✔ [1750/4169] Built Lean.Util.SortExprs:c.o (420ms)
✔ [1751/4169] Built Lean.Meta.Match.MVarRenaming (357ms)
✔ [1752/4169] Built Lean.Util.CollectLevelMVars:c.o (425ms)
✔ [1753/4169] Built Lean.Util.NumApps:c.o (475ms)
✔ [1754/4169] Built Lean.Data.Lsp.Extra (1.5s)
✔ [1755/4169] Built Lean.Util.ForEachExprWhere:c.o (385ms)
✔ [1756/4169] Built Lean.Meta.Match.MVarRenaming:c.o (138ms)
✔ [1757/4169] Built Lean.Util.CollectLooseBVars:c.o (509ms)
✔ [1758/4169] Built Lean.Meta.Tactic.Grind.Arith.Linear.ToExpr (318ms)
✔ [1759/4169] Built Lean.Meta.Tactic.Grind.AC.ToExpr (279ms)
✔ [1760/4169] Built Lean.Util.InstantiateLevelParams:c.o (320ms)
✔ [1761/4169] Built Lean.Meta.Tactic.Grind.AlphaShareCommon (735ms)
✔ [1762/4169] Built Lean.Meta.Tactic.Grind.Arith.CommRing.ToExpr (345ms)
✔ [1763/4169] Built Lean.Meta.Tactic.Grind.AC.ToExpr:c.o (101ms)
✔ [1764/4169] Built Lake.Build.Data:c.o (1.4s)
✔ [1765/4169] Built Lean.Meta.DiscrTreeTypes (492ms)
✔ [1766/4169] Built Lean.Meta.Tactic.Grind.Arith.Linear.ToExpr:c.o (147ms)
✔ [1767/4169] Built Lean.Data.JsonRpc:c.o (5.1s)
✔ [1768/4169] Built Lean.ToExpr:c.o (601ms)
✔ [1769/4169] Built Lean.Data.Position (551ms)
✔ [1770/4169] Built Lean.LocalContext (1.4s)
✔ [1771/4169] Built Lean.Declaration (1.4s)
✔ [1772/4169] Built Lean.Meta.Tactic.Grind.Arith.CommRing.ToExpr:c.o (204ms)
✔ [1773/4169] Built Std.Time.Format.Basic (6.2s)
✔ [1774/4169] Built Lean.Meta.DiscrTreeTypes:c.o (264ms)
✔ [1775/4169] Built Lean.Util.Sorry (355ms)
✔ [1776/4169] Built Lean.Meta.Tactic.FVarSubst (372ms)
✔ [1777/4169] Built Lean.Data.Position:c.o (473ms)
✔ [1778/4169] Built Lean.Util.FoldConsts (441ms)
✔ [1779/4169] Built Lean.Util.CollectFVars (396ms)
✔ [1780/4169] Built Std.Time.Zoned.DateTime:c.o (8.1s)
✔ [1781/4169] Built Lean.Data.DeclarationRange (535ms)
✔ [1782/4169] Built Lean.Util.Sorry:c.o (291ms)
✔ [1783/4169] Built Lean.Meta.Tactic.FVarSubst:c.o (253ms)
✔ [1784/4169] Built Lean.Util.CollectFVars:c.o (270ms)
✔ [1785/4169] Built Lean.Meta.Tactic.Grind.AlphaShareCommon:c.o (888ms)
✔ [1786/4169] Built Std.Data.DTreeMap.Internal.Lemmas (30s)
✔ [1787/4169] Built Lean.Data.Xml.Parser:c.o (9.7s)
✔ [1788/4169] Built Lean.Util.FVarSubset (294ms)
✔ [1789/4169] Built Lean.Util.FVarSubset:c.o (102ms)
✔ [1790/4169] Built Lean.Data.Lsp.Basic:c.o (3.4s)
✔ [1791/4169] Built Lean.Data.DeclarationRange:c.o (305ms)
✔ [1792/4169] Built Lean.Util.FoldConsts:c.o (416ms)
✔ [1793/4169] Built Std.Data.DTreeMap.Raw.DecidableEquiv (280ms)
✔ [1794/4169] Built Lean.Declaration:c.o (1.0s)
✔ [1795/4169] Built Std.Data.DTreeMap.Raw.DecidableEquiv:c.o (70ms)
✔ [1796/4169] Built Std.Data.DTreeMap.Raw.WF (469ms)
✔ [1797/4169] Built Std.Data.DTreeMap.Raw.WF:c.o (64ms)
✔ [1798/4169] Built Lake.Util.Version:c.o (3.6s)
✔ [1799/4169] Built Lake.Load.Manifest:c.o (2.4s)
✔ [1800/4169] Built Std.Data.TreeMap.Raw.WF (329ms)
✔ [1801/4169] Built Std.Data.TreeMap.Raw.WF:c.o (60ms)
✔ [1802/4169] Built Lean.Data.Lsp.Extra:c.o (2.0s)
✔ [1803/4169] Built Std.Time.Notation.Spec (1.5s)
✔ [1804/4169] Built Std.Data.TreeSet.Raw.WF (269ms)
✔ [1805/4169] Built Std.Data.TreeSet.Raw.WF:c.o (62ms)
✔ [1806/4169] Built Lean.Data.Lsp.Internal (1.8s)
✔ [1807/4169] Built Std.Data.DHashMap.Lemmas (11s)
✔ [1808/4169] Built Std.Data.DHashMap.Lemmas:c.o (82ms)
✔ [1809/4169] Built Lean.MetavarContext (2.7s)
✔ [1810/4169] Built Std.Time.Format (1.1s)
✔ [1811/4169] Built Lean.Expr:c.o (4.4s)
✔ [1812/4169] Built Lean.Util.OccursCheck (445ms)
✔ [1813/4169] Built Lean.Util.OccursCheck:c.o (512ms)
✔ [1814/4169] Built Std.Data.ExtDHashMap.Basic (1.3s)
✔ [1815/4169] Built Lean.Data.Lsp.LanguageFeatures (5.4s)
✔ [1816/4169] Built Std.Time.Format:c.o (1.6s)
✔ [1817/4169] Built Std.Data.ExtHashMap.Basic (631ms)
✔ [1818/4169] Built Std.Data.DTreeMap.Internal.Lemmas:c.o (3.8s)
✔ [1819/4169] Built Lean.LocalContext:c.o (4.5s)
✔ [1820/4169] Built Std.Time.Notation.Spec:c.o (3.1s)
✔ [1821/4169] Built Std.Time.Notation (2.0s)
✔ [1822/4169] Built Lean.Environment (4.4s)
✔ [1823/4169] Built Std.Data.ExtDHashMap.Basic:c.o (1.1s)
✔ [1824/4169] Built Std.Data.ExtHashSet.Basic (481ms)
✔ [1825/4169] Built Std.Time (271ms)
✔ [1826/4169] Built Std.Time:c.o (70ms)
✔ [1827/4169] Built Lake.DSL.Extensions (310ms)
✔ [1828/4169] Built Lean.Compiler.Old (348ms)
✔ [1829/4169] Built Lean.Compiler.ClosedTermCache (392ms)
✔ [1830/4169] Built Lean.Compiler.ModPkgExt (379ms)
✔ [1831/4169] Built Lake.DSL.Extensions:c.o (92ms)
✔ [1832/4169] Built Std.Data.ExtHashMap.Basic:c.o (834ms)
✔ [1833/4169] Built Lean.Compiler.Old:c.o (172ms)
✔ [1834/4169] Built Std.Data.ExtHashSet.Basic:c.o (441ms)
✔ [1835/4169] Built Std.Internal.Async.DNS (409ms)
✔ [1836/4169] Built Lean.EnvExtension (567ms)
✔ [1837/4169] Built Lean.Compiler.ModPkgExt:c.o (199ms)
✔ [1838/4169] Built Std.Data.DHashMap.RawLemmas (14s)
✔ [1839/4169] Built Std.Internal.Async.Timer (422ms)
✔ [1840/4169] Built Std.Internal.Async.UDP (461ms)
✔ [1841/4169] Built Lean.Util.Recognizers (685ms)
✔ [1842/4169] Built Std.Data.DTreeMap.Internal.Zipper (4.0s)
✔ [1843/4169] Built Std.Internal.Async.TCP (567ms)
✔ [1844/4169] Built Std.Internal.Async.DNS:c.o (196ms)
✔ [1845/4169] Built Lean.Compiler.ClosedTermCache:c.o (413ms)
✔ [1846/4169] Built Std.Internal.Async.Signal (660ms)
✔ [1847/4169] Built Lean.Modifiers (343ms)
✔ [1848/4169] Built Lean.Namespace (372ms)
✔ [1849/4169] Built Lean.Compiler.NoncomputableAttr (314ms)
✔ [1850/4169] Built Lean.Compiler.NoncomputableAttr:c.o (79ms)
✔ [1851/4169] Built Lean.AuxRecursor (407ms)
✔ [1852/4169] Built Lean.Modifiers:c.o (88ms)
✔ [1853/4169] Built Lean.Compiler.MetaAttr (420ms)
✔ [1854/4169] Built Lean.ProjFns (398ms)
✔ [1855/4169] Built Lean.Elab.InfoTree.Types (1.2s)
✔ [1856/4169] Built Std.Data.DHashMap.RawLemmas:c.o (485ms)
✔ [1857/4169] Built Std.Data.DTreeMap.Raw.Iterator (361ms)
✔ [1858/4169] Built Std.Internal.Async.Timer:c.o (501ms)
✔ [1859/4169] Built Lean.AuxRecursor:c.o (236ms)
✔ [1860/4169] Built Lean.ProjFns:c.o (253ms)
✔ [1861/4169] Built Std.Data.DHashMap.IteratorLemmas (619ms)
✔ [1862/4169] Built Std.Data.DTreeMap.Raw.Iterator:c.o (90ms)
✔ [1863/4169] Built Std.Data.DTreeMap.Raw.Slice (498ms)
✔ [1864/4169] Built Std.Internal.Async.UDP:c.o (590ms)
✔ [1865/4169] Built Lean.EnvExtension:c.o (704ms)
✔ [1866/4169] Built Lean.Compiler.MetaAttr:c.o (338ms)
✔ [1867/4169] Built Lean.Server.Completion.CompletionItemCompression (2.2s)
✔ [1868/4169] Built Std.Data.DHashMap.IteratorLemmas:c.o (72ms)
✔ [1869/4169] Built Std.Data.DTreeMap.Iterator (352ms)
✔ [1870/4169] Built Std.Data.DTreeMap.Raw.Slice:c.o (143ms)
✔ [1871/4169] Built Std.Data.TreeMap.Raw.Iterator (340ms)
✔ [1872/4169] Built Lean.Elab.InfoTree.Types:c.o (370ms)
✔ [1873/4169] Built Lean.Namespace:c.o (623ms)
✔ [1874/4169] Built Std.Data.DHashMap (300ms)
✔ [1875/4169] Built Std.Data.DTreeMap.Iterator:c.o (83ms)
✔ [1876/4169] Built Std.Data.TreeMap.Raw.Iterator:c.o (101ms)
✔ [1877/4169] Built Std.Internal.Async.Signal:c.o (751ms)
✔ [1878/4169] Built Std.Data.DHashMap:c.o (64ms)
✔ [1879/4169] Built Std.Internal.Async.TCP:c.o (877ms)
✔ [1880/4169] Built Lean.Util.PPExt (554ms)
✔ [1881/4169] Built Std.Data.DTreeMap.Slice (594ms)
✔ [1882/4169] Built Std.Data.TreeMap.Iterator (330ms)
✔ [1883/4169] Built Std.Data.DTreeMap.Internal.Zipper:c.o (1.2s)
✔ [1884/4169] Built Std.Data.TreeMap.Iterator:c.o (94ms)
✔ [1885/4169] Built Std.Data.TreeMap.Raw.Slice (639ms)
✔ [1886/4169] Built Lean.Server.Completion.CompletionItemCompression:c.o (655ms)
✔ [1887/4169] Built Std.Data.DTreeMap.Slice:c.o (147ms)
✔ [1888/4169] Built Std.Data.TreeMap.Raw.Slice:c.o (142ms)
✔ [1889/4169] Built Lean.Util.Recognizers:c.o (1.4s)
✔ [1890/4169] Built Lean.Util.PPExt:c.o (501ms)
✔ [1891/4169] Built Std.Data.TreeMap.Slice (584ms)
✔ [1892/4169] Built Std.Data.TreeSet.Raw.Slice (508ms)
✔ [1893/4169] Built Std.Data.TreeSet.Raw.Slice:c.o (138ms)
✔ [1894/4169] Built Std.Data.TreeMap.Slice:c.o (154ms)
✔ [1895/4169] Built Std.Data.TreeSet.Slice (510ms)
✔ [1896/4169] Built Lean.Data.Lsp.Internal:c.o (5.6s)
✔ [1897/4169] Built Std.Data.TreeSet.Slice:c.o (140ms)
✔ [1898/4169] Built Lean.Message (2.2s)
✔ [1899/4169] Built Std.Time.Notation:c.o (4.1s)
✔ [1900/4169] Built Lean.Elab.ErrorUtils (417ms)
✔ [1901/4169] Built Lean.Elab.ErrorUtils:c.o (195ms)
✔ [1902/4169] Built Lake.Util.Log (1.4s)
✔ [1903/4169] Built Lean.ErrorExplanation (1.5s)
✔ [1904/4169] Built Std.Data.HashMap.Lemmas (7.8s)
✔ [1905/4169] Built Std.Data.HashMap.Lemmas:c.o (82ms)
✔ [1906/4169] Built Lean.MetavarContext:c.o (7.9s)
✔ [1907/4169] Built Lean.ErrorExplanations.CtorResultingTypeMismatch (356ms)
✔ [1908/4169] Built Lean.ErrorExplanations.DependsOnNoncomputable (404ms)
✔ [1909/4169] Built Lean.ErrorExplanations.InductiveParamMissing (405ms)
✔ [1910/4169] Built Lean.ErrorExplanations.InvalidDottedIdent (355ms)
✔ [1911/4169] Built Lean.ErrorExplanations.InvalidField (355ms)
✔ [1912/4169] Built Lean.ErrorExplanations.PropRecLargeElim (324ms)
✔ [1913/4169] Built Lean.ErrorExplanations.PropRecLargeElim:c.o (70ms)
✔ [1914/4169] Built Lean.ErrorExplanations.RedundantMatchAlt (336ms)
✔ [1915/4169] Built Lean.ErrorExplanations.UnknownIdentifier (334ms)
✔ [1916/4169] Built Lean.ErrorExplanations.UnknownIdentifier:c.o (68ms)
✔ [1917/4169] Built Lake.Util.MainM (449ms)
✔ [1918/4169] Built Lean.ErrorExplanations.CtorResultingTypeMismatch:c.o (76ms)
✔ [1919/4169] Built Lean.ErrorExplanations.DependsOnNoncomputable:c.o (63ms)
✔ [1920/4169] Built Lean.ErrorExplanations.InductionWithNoAlts (466ms)
✔ [1921/4169] Built Lean.ErrorExplanations.InductiveParamMismatch (425ms)
✔ [1922/4169] Built Lean.ErrorExplanations.InductiveParamMissing:c.o (71ms)
✔ [1923/4169] Built Lean.ErrorExplanations.InferBinderTypeFailed (406ms)
✔ [1924/4169] Built Lean.ErrorExplanations.InferBinderTypeFailed:c.o (79ms)
✔ [1925/4169] Built Lean.ErrorExplanations.InferDefTypeFailed (405ms)
✔ [1926/4169] Built Lean.ErrorExplanations.InferDefTypeFailed:c.o (64ms)
✔ [1927/4169] Built Lean.ErrorExplanations.InvalidDottedIdent:c.o (63ms)
✔ [1928/4169] Built Lean.ErrorExplanations.InvalidField:c.o (67ms)
✔ [1929/4169] Built Lean.ErrorExplanations.ProjNonPropFromProp (404ms)
✔ [1930/4169] Built Lean.ErrorExplanations.RedundantMatchAlt:c.o (70ms)
✔ [1931/4169] Built Lean.ErrorExplanations.SynthInstanceFailed (414ms)
✔ [1932/4169] Built Lean.ErrorExplanations.SynthInstanceFailed:c.o (64ms)
✔ [1933/4169] Built Lake.Util.Proc (550ms)
✔ [1934/4169] Built Lean.ErrorExplanations.InductionWithNoAlts:c.o (73ms)
✔ [1935/4169] Built Lean.ErrorExplanations.InductiveParamMismatch:c.o (91ms)
✔ [1936/4169] Built Lean.ErrorExplanations.ProjNonPropFromProp:c.o (83ms)
✔ [1937/4169] Built Lake.Build.Job.Basic (646ms)
✔ [1938/4169] Built Lean.ErrorExplanations (318ms)
✔ [1939/4169] Built Lake.Util.MainM:c.o (454ms)
✔ [1940/4169] Built Lean.ErrorExplanations:c.o (74ms)
✔ [1941/4169] Built Lake.Config.ExternLibConfig (313ms)
✔ [1942/4169] Built Lake.Util.Proc:c.o (456ms)
✔ [1943/4169] Built Lake.Config.ExternLibConfig:c.o (78ms)
✔ [1944/4169] Built Lake.Build.Store (510ms)
✔ [1945/4169] Built Lake.Util.Git (627ms)
✔ [1946/4169] Built Lake.Util.Url (708ms)
✔ [1947/4169] Built Lake.Build.Job.Basic:c.o (614ms)
✔ [1948/4169] Built Lean.Log (474ms)
✔ [1949/4169] Built Lake.Build.Store:c.o (236ms)
✔ [1950/4169] Built Lake.Build.Actions (885ms)
✔ [1951/4169] Built Lean.Message:c.o (3.1s)
✔ [1952/4169] Built Lean.Exception (812ms)
✔ [1953/4169] Built Lean.Log:c.o (361ms)
✔ [1954/4169] Built Lake.Util.Url:c.o (484ms)
✔ [1955/4169] Built Lake.Util.Git:c.o (738ms)
✔ [1956/4169] Built Lean.Elab.Exception (355ms)
✔ [1957/4169] Built Lean.Elab.Exception:c.o (200ms)
✔ [1958/4169] Built Lake.Build.Facets (1.6s)
✔ [1959/4169] Built Lean.Exception:c.o (691ms)
✔ [1960/4169] Built Lake.Build.Actions:c.o (923ms)
✔ [1961/4169] Built Lake.Build.Facets:c.o (170ms)
✔ [1962/4169] Built Lake.Util.Log:c.o (2.6s)
✔ [1963/4169] Built Std.Data.HashSet.Lemmas (2.5s)
✔ [1964/4169] Built Std.Data.HashSet.Lemmas:c.o (61ms)
✔ [1965/4169] Built Std.Data.DTreeMap.Lemmas (12s)
✔ [1966/4169] Built Std.Data.DTreeMap.Lemmas:c.o (112ms)
✔ [1967/4169] Built Lean.MonadEnv (751ms)
✔ [1968/4169] Built Lean.Structure (1.2s)
✔ [1969/4169] Built Lake.Config.Cache (1.5s)
✔ [1970/4169] Built Std.Data.TreeSet.Iterator (312ms)
✔ [1971/4169] Built Lean.ResolveName (1.3s)
✔ [1972/4169] Built Std.Data.TreeSet.Iterator:c.o (70ms)
✔ [1973/4169] Built Lean.Util.Trace (1.1s)
✔ [1974/4169] Built Lean.DeclarationRange (412ms)
✔ [1975/4169] Built Lean.Util.CollectAxioms (439ms)
✔ [1976/4169] Built Lean.Linter.Basic (468ms)
✔ [1977/4169] Built Lean.ErrorExplanation:c.o (3.2s)
✔ [1978/4169] Built Lean.DeclarationRange:c.o (218ms)
✔ [1979/4169] Built Lean.Util.CollectAxioms:c.o (325ms)
✔ [1980/4169] Built Lean.Compiler.Options (333ms)
✔ [1981/4169] Built Std.Data.ExtDHashMap.Lemmas (9.9s)
✔ [1982/4169] Built Lean.Data.Lsp.Utf16 (381ms)
✔ [1983/4169] Built Lean.Compiler.Options:c.o (123ms)
✔ [1984/4169] Built Std.Data.DTreeMap.Raw.Lemmas (13s)
✔ [1985/4169] Built Std.Data.DTreeMap.Raw.Lemmas:c.o (88ms)
✔ [1986/4169] Built Std.Data.ExtDHashMap.Lemmas:c.o (76ms)
✔ [1987/4169] Built Lean.Linter.Basic:c.o (422ms)
✔ [1988/4169] Built Lake.Config.Env (867ms)
✔ [1989/4169] Built Std.Data.ExtDHashMap (238ms)
✔ [1990/4169] Built Std.Data.DTreeMap.Raw (255ms)
✔ [1991/4169] Built Std.Data.ExtDHashMap:c.o (63ms)
✔ [1992/4169] Built Lean.Data.Lsp.LanguageFeatures:c.o (10s)
✔ [1993/4169] Built Lean.MonadEnv:c.o (1.2s)
✔ [1994/4169] Built Lean.Data.Lsp.Utf16:c.o (331ms)
✔ [1995/4169] Built Std.Data.HashMap.RawLemmas (8.6s)
✔ [1996/4169] Built Std.Data.HashMap.RawLemmas:c.o (70ms)
✔ [1997/4169] Built Std.Data.DTreeMap.Raw:c.o (73ms)
✔ [1998/4169] Built Std.Data.TreeSet.Raw.Iterator (359ms)
✔ [1999/4169] Built Std.Data.TreeSet.Raw.Iterator:c.o (71ms)
✔ [2000/4169] Built Std.Data.DTreeMap.DecidableEquiv (282ms)
✔ [2001/4169] Built Lake.Load.Config (438ms)
✔ [2002/4169] Built Lake.Load.Config:c.o (78ms)
✔ [2003/4169] Built Std.Data.DTreeMap.DecidableEquiv:c.o (69ms)
✔ [2004/4169] Built Std.Data.DTreeMap (286ms)
✔ [2005/4169] Built Std.Data.DTreeMap:c.o (69ms)
✔ [2006/4169] Built Std.Data.TreeMap.DecidableEquiv (297ms)
✔ [2007/4169] Built Std.Data.ExtDTreeMap.Basic (1.8s)
✔ [2008/4169] Built Std.Data.TreeMap.Raw.DecidableEquiv (330ms)
✔ [2009/4169] Built Std.Data.HashMap.IteratorLemmas (642ms)
✔ [2010/4169] Built Std.Data.TreeMap.DecidableEquiv:c.o (88ms)
✔ [2011/4169] Built Std.Data.TreeMap.Raw.DecidableEquiv:c.o (84ms)
✔ [2012/4169] Built Lean.Data.Lsp.Diagnostics (1.1s)
✔ [2013/4169] Built Std.Data.HashMap.IteratorLemmas:c.o (73ms)
✔ [2014/4169] Built Std.Data.TreeSet.DecidableEquiv (283ms)
✔ [2015/4169] Built Std.Data.TreeSet.DecidableEquiv:c.o (76ms)
✔ [2016/4169] Built Std.Data.TreeSet.Raw.DecidableEquiv (334ms)
✔ [2017/4169] Built Lean.DocString.Extension (1.6s)
✔ [2018/4169] Built Lake.Reservoir (1.0s)
✔ [2019/4169] Built Std.Data.HashMap (264ms)
✔ [2020/4169] Built Std.Data.HashMap:c.o (65ms)
✔ [2021/4169] Built Std.Data.TreeSet.Raw.DecidableEquiv:c.o (76ms)
✔ [2022/4169] Built Lean.Util.Trace:c.o (1.9s)
✔ [2023/4169] Built Lean.Structure:c.o (2.4s)
✔ [2024/4169] Built Lake.Config.Env:c.o (1.6s)
✔ [2025/4169] Built Std.Data.ExtTreeMap.Basic (919ms)
✔ [2026/4169] Built Lake.Config.Cache:c.o (2.7s)
✔ [2027/4169] Built Std.Internal.Async.Process (720ms)
✔ [2028/4169] Built Lean.Util.Profiler (2.5s)
✔ [2029/4169] Built Lean.Elab.Tactic.BVDecide.LRAT.Trim (754ms)
✔ [2030/4169] Built Lean.ResolveName:c.o (2.7s)
✔ [2031/4169] Built Lean.Data.Lsp.CodeActions (1.2s)
✔ [2032/4169] Built Lean.Elab.Tactic.BVDecide.LRAT (231ms)
✔ [2033/4169] Built Std.Internal.Async.System (1.0s)
✔ [2034/4169] Built Lean.Parser.Types (1.1s)
✔ [2035/4169] Built Lean.Elab.Tactic.BVDecide.LRAT:c.o (61ms)
✔ [2036/4169] Built Std.Internal.Async.Process:c.o (374ms)
✔ [2037/4169] Built Lake.Reservoir:c.o (1.3s)
✔ [2038/4169] Built Std.Data.ExtDTreeMap.Basic:c.o (1.6s)
✔ [2039/4169] Built Std.Data.ExtTreeSet.Basic (676ms)
✔ [2040/4169] Built Std.Internal.Async (287ms)
✔ [2041/4169] Built Std.Internal.Async:c.o (74ms)
✔ [2042/4169] Built Lean.Data.Lsp.Ipc (1.8s)
✔ [2043/4169] Built Std.Data.HashSet.RawLemmas (2.5s)
✔ [2044/4169] Built Std.Data.HashSet.RawLemmas:c.o (65ms)
✔ [2045/4169] Built Std.Internal (284ms)
✔ [2046/4169] Built Std.Internal:c.o (64ms)
✔ [2047/4169] Built Std.Data.ExtTreeMap.Basic:c.o (1.2s)
✔ [2048/4169] Built Lean.Elab.Tactic.BVDecide.LRAT.Trim:c.o (990ms)
✔ [2049/4169] Built Lean.Environment:c.o (12s)
✔ [2050/4169] Built Lean.Data.Lsp.Diagnostics:c.o (2.1s)
✔ [2051/4169] Built Std.Data.HashSet.IteratorLemmas (386ms)
✔ [2052/4169] Built Std.Tactic.BVDecide.LRAT.Internal.Clause (1.9s)
✔ [2053/4169] Built Std.Data.HashSet.IteratorLemmas:c.o (71ms)
✔ [2054/4169] Built Lean.Language.Basic (976ms)
✔ [2055/4169] Built Std.Internal.Async.System:c.o (1.1s)
✔ [2056/4169] Built Lean.Data.Lsp.Capabilities (1.3s)
✔ [2057/4169] Built Std.Data.HashSet (236ms)
✔ [2058/4169] Built Std.Data.HashSet:c.o (68ms)
✔ [2059/4169] Built Std.Tactic.BVDecide.LRAT.Internal.Formula.Class (374ms)
✔ [2060/4169] Built Std.Tactic.BVDecide.LRAT.Internal.Formula.Class:c.o (70ms)
✔ [2061/4169] Built Std.Tactic.BVDecide.LRAT.Internal.Actions (435ms)
✔ [2062/4169] Built Std.Data.ExtTreeSet.Basic:c.o (1.3s)
✔ [2063/4169] Built Std.Tactic.BVDecide.LRAT.Internal.Clause:c.o (628ms)
✔ [2064/4169] Built Std.Tactic.BVDecide.LRAT.Internal.LRATChecker (412ms)
✔ [2065/4169] Built Lean.Meta.Tactic.Grind.VarRename (378ms)
✔ [2066/4169] Built Std.Tactic.BVDecide.LRAT.Internal.Actions:c.o (414ms)
✔ [2067/4169] Built Std.Tactic.BVDecide.LRAT.Internal.CNF (571ms)
✔ [2068/4169] Built Lean.Data.Lsp.CodeActions:c.o (1.0s)
✔ [2069/4169] Built Lean.Parser.Types:c.o (1.8s)
✔ [2070/4169] Built Std.Tactic.BVDecide.LRAT.Internal.CNF:c.o (58ms)
✔ [2071/4169] Built Std.Tactic.BVDecide.LRAT.Internal.LRATChecker:c.o (241ms)
✔ [2072/4169] Built Lean.Data.Lsp.InitShutdown (762ms)
✔ [2073/4169] Built Lean.Meta.Tactic.Grind.Arith.Cutsat.VarRename (327ms)
✔ [2074/4169] Built Lean.Meta.Tactic.Grind.Arith.CommRing.VarRename (363ms)
✔ [2075/4169] Built Lean.Meta.Tactic.Grind.Arith.Linear.VarRename (308ms)
✔ [2076/4169] Built Lean.Meta.Tactic.Grind.AC.VarRename (297ms)
✔ [2077/4169] Built Std.Tactic.BVDecide.LRAT.Internal.Formula.Implementation (749ms)
✔ [2078/4169] Built Lean.Language.Basic:c.o (1.0s)
✔ [2079/4169] Built Lean.Meta.Tactic.Grind.VarRename:c.o (432ms)
✔ [2080/4169] Built Lean.Meta.Tactic.Grind.AC.VarRename:c.o (186ms)
✔ [2081/4169] Built Lean.Meta.Tactic.Grind.Arith.Cutsat.VarRename:c.o (198ms)
✔ [2082/4169] Built Lean.Meta.Tactic.Grind.Arith.Linear.VarRename:c.o (202ms)
✔ [2083/4169] Built Lean.Data.Lsp (336ms)
✔ [2084/4169] Built Lean.Meta.Tactic.Grind.Arith.CommRing.VarRename:c.o (248ms)
✔ [2085/4169] Built Lean.Data.Lsp:c.o (75ms)
✔ [2086/4169] Built Lean.Parser.Basic (2.3s)
✔ [2087/4169] Built Lean.Server.Logging (719ms)
✔ [2088/4169] Built Std.Tactic.BVDecide.LRAT.Internal.LRATCheckerSound (927ms)
✔ [2089/4169] Built Lean.Parser.StrInterpolation (377ms)
✔ [2090/4169] Built Lean.Server.FileSource (503ms)
✔ [2091/4169] Built Lake.Util.Message (422ms)
✔ [2092/4169] Built Lean.Parser.StrInterpolation:c.o (153ms)
✔ [2093/4169] Built Std.Tactic.BVDecide.LRAT.Internal.LRATCheckerSound:c.o (147ms)
✔ [2094/4169] Built Lean.Data.Lsp.InitShutdown:c.o (1.1s)
✔ [2095/4169] Built Lake.Util.Message:c.o (165ms)
✔ [2096/4169] Built Lean.Server.FileSource:c.o (274ms)
✔ [2097/4169] Built Lean.Data.Lsp.Capabilities:c.o (2.0s)
✔ [2098/4169] Built Lean.CoreM (2.4s)
✔ [2099/4169] Built Lean.Server.Logging:c.o (980ms)
✔ [2100/4169] Built Std.Tactic.BVDecide.LRAT.Internal.Formula.Implementation:c.o (1.7s)
✔ [2101/4169] Built Lean.Util.SafeExponentiation (384ms)
✔ [2102/4169] Built Lean.Util.Heartbeats (411ms)
✔ [2103/4169] Built Std.Data.ExtHashMap.Lemmas (6.4s)
✔ [2104/4169] Built Lean.DocString.Extension:c.o (5.1s)
✔ [2105/4169] Built Lean.ReservedNameAction (683ms)
✔ [2106/4169] Built Std.Data.ExtHashMap.Lemmas:c.o (76ms)
✔ [2107/4169] Built Lean.Util.SafeExponentiation:c.o (375ms)
✔ [2108/4169] Built Lean.ExtraModUses (733ms)
✔ [2109/4169] Built Lean.Elab.Tactic.BVDecide.External (778ms)
✔ [2110/4169] Built Lean.Util.Heartbeats:c.o (424ms)
✔ [2111/4169] Built Std.Data.ExtHashMap (232ms)
✔ [2112/4169] Built Std.Data.ExtHashMap:c.o (63ms)
✔ [2113/4169] Built Std.Data.TreeMap.Lemmas (7.7s)
✔ [2114/4169] Built Std.Data.TreeMap.Lemmas:c.o (74ms)
✔ [2115/4169] Built Std.Tactic.BVDecide.LRAT.Internal.Formula.Lemmas (2.6s)
✔ [2116/4169] Built Std.Data.TreeMap (246ms)
✔ [2117/4169] Built Std.Data.TreeMap:c.o (67ms)
✔ [2118/4169] Built Std.Tactic.BVDecide.LRAT.Internal.Formula.Lemmas:c.o (173ms)
✔ [2119/4169] Built Std.Sat.AIG.Basic (3.8s)
✔ [2120/4169] Built Lean.Data.Lsp.Ipc:c.o (4.5s)
✔ [2121/4169] Built Std.Tactic.BVDecide.Bitblast.BVExpr.Circuit.Lemmas.Basic (242ms)
✔ [2122/4169] Built Lean.ExtraModUses:c.o (1.1s)
✔ [2123/4169] Built Std.Tactic.BVDecide.Bitblast.BVExpr.Circuit.Lemmas.Basic:c.o (75ms)
✔ [2124/4169] Built Lean.Attributes (1.9s)
✔ [2125/4169] Built Lean.Elab.Tactic.BVDecide.External:c.o (1.3s)
✔ [2126/4169] Built Lean.ReservedNameAction:c.o (1.6s)
✔ [2127/4169] Built Lean.Compiler.NeverExtractAttr (349ms)
✔ [2128/4169] Built Lean.Meta.Match.MatchPatternAttr (459ms)
✔ [2129/4169] Built Lean.PrettyPrinter.Delaborator.Attributes (411ms)
✔ [2130/4169] Built Lean.Compiler.NeverExtractAttr:c.o (133ms)
✔ [2131/4169] Built Lean.Compiler.ExportAttr (496ms)
✔ [2132/4169] Built Lean.PrettyPrinter.Delaborator.Attributes:c.o (123ms)
✔ [2133/4169] Built Lake.Util.OrderedTagAttribute (515ms)
✔ [2134/4169] Built Std.Sat.AIG.LawfulOperator (940ms)
✔ [2135/4169] Built Lean.Class (578ms)
✔ [2136/4169] Built Lean.Compiler.InlineAttrs (610ms)
✔ [2137/4169] Built Std.Sat.AIG.LawfulOperator:c.o (84ms)
✔ [2138/4169] Built Lean.Compiler.ExternAttr (725ms)
✔ [2139/4169] Built Lean.Compiler.ExportAttr:c.o (310ms)
✔ [2140/4169] Built Std.Data.ExtHashSet.Lemmas (2.2s)
✔ [2141/4169] Built Std.Data.ExtHashSet.Lemmas:c.o (62ms)
✔ [2142/4169] Built Std.Data.TreeMap.Raw.Lemmas (8.5s)
✔ [2143/4169] Built Lean.ScopedEnvExtension (963ms)
✔ [2144/4169] Built Lean.Meta.Match.MatchPatternAttr:c.o (501ms)
✔ [2145/4169] Built Std.Data.TreeMap.Raw.Lemmas:c.o (80ms)
✔ [2146/4169] Built Lake.Util.OrderedTagAttribute:c.o (489ms)
✔ [2147/4169] Built Lake.DSL.AttributesCore (465ms)
✔ [2148/4169] Built Std.Data.ExtHashSet (242ms)
✔ [2149/4169] Built Std.Data.ExtHashSet:c.o (62ms)
✔ [2150/4169] Built Std.Data.TreeMap.Raw (279ms)
✔ [2151/4169] Built Lean.Compiler.ExternAttr:c.o (531ms)
✔ [2152/4169] Built Std.Data.TreeMap.Raw:c.o (64ms)
✔ [2153/4169] Built Std.Sat.AIG.Basic:c.o (1.8s)
✔ [2154/4169] Built Lean.Compiler.InlineAttrs:c.o (822ms)
✔ [2155/4169] Built Lean.Meta.Tactic.Grind.FunCC (487ms)
✔ [2156/4169] Built Lake.DSL.AttributesCore:c.o (394ms)
✔ [2157/4169] Built Lake.DSL.Attributes (373ms)
✔ [2158/4169] Built Lean.Class:c.o (1.1s)
✔ [2159/4169] Built Lean.Compiler.CSimpAttr (638ms)
✔ [2160/4169] Built Lake.DSL.Attributes:c.o (292ms)
✔ [2161/4169] Built Lean.ReducibilityAttrs (793ms)
✔ [2162/4169] Built Lean.Parser.Basic:c.o (4.8s)
✔ [2163/4169] Built Std.Sat.AIG.Lemmas (1.2s)
✔ [2164/4169] Built Std.Data.TreeSet.Lemmas (2.8s)
✔ [2165/4169] Built Std.Sat.AIG.Lemmas:c.o (89ms)
✔ [2166/4169] Built Std.Data.TreeSet.Lemmas:c.o (64ms)
✔ [2167/4169] Built Lean.Util.Profiler:c.o (7.7s)
✔ [2168/4169] Built Std.Data.TreeSet (252ms)
✔ [2169/4169] Built Std.Data.TreeSet:c.o (64ms)
✔ [2170/4169] Built Std.Sat.AIG.Cached (526ms)
✔ [2171/4169] Built Lean.Compiler.IR.Basic (1.9s)
✔ [2172/4169] Built Lean.ScopedEnvExtension:c.o (2.0s)
✔ [2173/4169] Built Lean.Compiler.CSimpAttr:c.o (1.3s)
✔ [2174/4169] Built Std.Sat.AIG.Cached:c.o (663ms)
✔ [2175/4169] Built Std.Sat.AIG.Relabel (1.2s)
✔ [2176/4169] Built Lean.Compiler.IR.UnboxResult (427ms)
✔ [2177/4169] Built Lean.Meta.Tactic.Grind.FunCC:c.o (1.7s)
✔ [2178/4169] Built Std.Sat.AIG.CachedLemmas (892ms)
✔ [2179/4169] Built Std.Sat.AIG.Relabel:c.o (156ms)
✔ [2180/4169] Built Lean.ReducibilityAttrs:c.o (1.6s)
✔ [2181/4169] Built Lean.Compiler.IR.FreeVars (755ms)
✔ [2182/4169] Built Lean.Compiler.IR.NormIds (718ms)
✔ [2183/4169] Built Lean.Compiler.IR.UnboxResult:c.o (381ms)
✔ [2184/4169] Built Std.Sat.AIG.CachedLemmas:c.o (188ms)
✔ [2185/4169] Built Lean.Attributes:c.o (3.4s)
✔ [2186/4169] Built Std.Sat.AIG.CachedGates (350ms)
✔ [2187/4169] Built Lean.Compiler.IR.Format (1.1s)
✔ [2188/4169] Built Lean.Compiler.IR.ElimDeadVars (376ms)
✔ [2189/4169] Built Lean.Compiler.IR.PushProj (393ms)
✔ [2190/4169] Built Lean.Compiler.IR.ElimDeadVars:c.o (226ms)
✔ [2191/4169] Built Std.Sat.AIG.CachedGates:c.o (407ms)
✔ [2192/4169] Built Lean.Compiler.IR.LiveVars (720ms)
✔ [2193/4169] Built Lean.Compiler.IR.PushProj:c.o (383ms)
✔ [2194/4169] Built Lean.Compiler.IR.SimpCase (526ms)
✔ [2195/4169] Built Std.Data.TreeSet.Raw.Lemmas (3.3s)
✔ [2196/4169] Built Std.Sat.AIG.CNF (2.5s)
✔ [2197/4169] Built Std.Sat.AIG.RelabelNat (1.2s)
✔ [2198/4169] Built Std.Data.ExtDTreeMap.Lemmas (11s)
✔ [2199/4169] Built Std.Data.TreeSet.Raw.Lemmas:c.o (72ms)
✔ [2200/4169] Built Std.Sat.AIG.CachedGatesLemmas (709ms)
✔ [2201/4169] Built Std.Sat.AIG.CachedGatesLemmas:c.o (75ms)
✔ [2202/4169] Built Std.Data.ExtDTreeMap.Lemmas:c.o (60ms)
✔ [2203/4169] Built Std.Data.ExtDTreeMap (228ms)
✔ [2204/4169] Built Std.Data.TreeSet.Raw (229ms)
✔ [2205/4169] Built Std.Data.TreeSet.Raw:c.o (67ms)
✔ [2206/4169] Built Std.Sat.AIG.RelabelNat:c.o (284ms)
✔ [2207/4169] Built Lean.Compiler.IR.SimpCase:c.o (373ms)
✔ [2208/4169] Built Std.Data.ExtDTreeMap:c.o (62ms)
✔ [2209/4169] Built Std.Sat.AIG.CNF:c.o (387ms)
✔ [2210/4169] Built Lean.Compiler.IR.Format:c.o (977ms)
✔ [2211/4169] Built Lean.Compiler.IR.FreeVars:c.o (1.3s)
✔ [2212/4169] Built Lean.CoreM:c.o (7.1s)
✔ [2213/4169] Built Lean.Compiler.IR.NormIds:c.o (1.9s)
✔ [2214/4169] Built Std.Sat.AIG.RefVec (1.4s)
✔ [2215/4169] Built Std.Sat.AIG.RefVec:c.o (321ms)
✔ [2216/4169] Built Std.Tactic.BVDecide.Bitblast.BVExpr.Circuit.Impl.Operations.GetLsbD (300ms)
✔ [2217/4169] Built Std.Sat.AIG.LawfulVecOperator (429ms)
✔ [2218/4169] Built Std.Tactic.BVDecide.Bitblast.BVExpr.Circuit.Impl.Operations.GetLsbD:c.o (84ms)
✔ [2219/4169] Built Std.Sat.AIG.LawfulVecOperator:c.o (143ms)
✔ [2220/4169] Built Std.Tactic.BVDecide.Bitblast.BVExpr.Circuit.Lemmas.Operations.GetLsbD (286ms)
✔ [2221/4169] Built Std.Tactic.BVDecide.Bitblast.BVExpr.Circuit.Lemmas.Operations.GetLsbD:c.o (64ms)
✔ [2222/4169] Built Std.Tactic.BVDecide.Bitblast.BVExpr.Circuit.Impl.Operations.Append (390ms)
✔ [2223/4169] Built Std.Tactic.BVDecide.Bitblast.BVExpr.Circuit.Impl.Operations.Reverse (410ms)
✔ [2224/4169] Built Std.Tactic.BVDecide.Bitblast.BVExpr.Circuit.Impl.Operations.Append:c.o (97ms)
✔ [2225/4169] Built Std.Tactic.BVDecide.Bitblast.BVExpr.Circuit.Impl.Operations.Reverse:c.o (78ms)
✔ [2226/4169] Built Lean.Compiler.IR.LiveVars:c.o (2.6s)
✔ [2227/4169] Built Std.Tactic.BVDecide.Bitblast.BVExpr.Circuit.Impl.Operations.Replicate (620ms)
✔ [2228/4169] Built Std.Tactic.BVDecide.Bitblast.BVExpr.Circuit.Impl.Operations.Extract (605ms)
✔ [2229/4169] Built Std.Tactic.BVDecide.Bitblast.BVExpr.Circuit.Impl.Const (570ms)
✔ [2230/4169] Built Std.Tactic.BVDecide.Bitblast.BVExpr.Circuit.Impl.Operations.Replicate:c.o (130ms)
✔ [2231/4169] Built Std.Tactic.BVDecide.Bitblast.BVExpr.Circuit.Impl.Operations.RotateLeft (679ms)
✔ [2232/4169] Built Std.Tactic.BVDecide.Bitblast.BVExpr.Circuit.Impl.Operations.RotateRight (695ms)
✔ [2233/4169] Built Std.Tactic.BVDecide.Bitblast.BVExpr.Circuit.Impl.Const:c.o (106ms)
✔ [2234/4169] Built Std.Tactic.BVDecide.Bitblast.BVExpr.Circuit.Lemmas.Operations.Append (364ms)
✔ [2235/4169] Built Std.Tactic.BVDecide.Bitblast.BVExpr.Circuit.Lemmas.Operations.Reverse (299ms)
✔ [2236/4169] Built Std.Tactic.BVDecide.Bitblast.BVExpr.Circuit.Impl.Var (816ms)
✔ [2237/4169] Built Std.Tactic.BVDecide.Bitblast.BVExpr.Circuit.Impl.Operations.Extract:c.o (158ms)
✔ [2238/4169] Built Std.Tactic.BVDecide.Bitblast.BVExpr.Circuit.Lemmas.Operations.Append:c.o (70ms)
✔ [2239/4169] Built Std.Tactic.BVDecide.Bitblast.BVExpr.Circuit.Lemmas.Operations.Reverse:c.o (63ms)
✔ [2240/4169] Built Std.Tactic.BVDecide.Bitblast.BVExpr.Circuit.Impl.Operations.RotateLeft:c.o (227ms)
✔ [2241/4169] Built Std.Tactic.BVDecide.Bitblast.BVExpr.Circuit.Impl.Operations.RotateRight:c.o (233ms)
✔ [2242/4169] Built Lean.Compiler.IR.Basic:c.o (4.5s)
✔ [2243/4169] Built Std.Tactic.BVDecide.Bitblast.BVExpr.Circuit.Impl.Operations.ZeroExtend (1.0s)
✔ [2244/4169] Built Std.Sat.AIG.RefVecOperator.Fold (1.1s)
✔ [2245/4169] Built Std.Time.Format.Basic:c.o (28s)
✔ [2246/4169] Built Std.Tactic.BVDecide.Bitblast.BVExpr.Circuit.Lemmas.Const (567ms)
✔ [2247/4169] Built Std.Sat.AIG.RefVecOperator.Map (1.2s)
✔ [2248/4169] Built Std.Sat.AIG.RefVecOperator.Fold:c.o (128ms)
✔ [2249/4169] Built Std.Tactic.BVDecide.Bitblast.BVExpr.Circuit.Impl.Var:c.o (392ms)
✔ [2250/4169] Built Std.Tactic.BVDecide.Bitblast.BVExpr.Circuit.Impl.Operations.ZeroExtend:c.o (151ms)
✔ [2251/4169] Built Std.Tactic.BVDecide.Bitblast.BVExpr.Circuit.Lemmas.Operations.Extract (623ms)
✔ [2252/4169] Built Std.Tactic.BVDecide.Bitblast.BVExpr.Circuit.Lemmas.Const:c.o (59ms)
✔ [2253/4169] Built Std.Tactic.BVDecide.Bitblast.BVExpr.Circuit.Lemmas.Operations.Replicate (682ms)
✔ [2254/4169] Built Std.Tactic.BVDecide.Bitblast.BVExpr.Circuit.Lemmas.Operations.Extract:c.o (58ms)
✔ [2255/4169] Built Std.Sat.AIG.RefVecOperator.Map:c.o (156ms)
✔ [2256/4169] Built Std.Tactic.BVDecide.Bitblast.BVExpr.Circuit.Lemmas.Var (611ms)
✔ [2257/4169] Built Std.Tactic.BVDecide.Bitblast.BVExpr.Circuit.Lemmas.Operations.Replicate:c.o (64ms)
✔ [2258/4169] Built Std.Tactic.BVDecide.Bitblast.BVExpr.Circuit.Lemmas.Var:c.o (62ms)
✔ [2259/4169] Built Std.Tactic.BVDecide.LRAT.Internal.Formula.RupAddResult (8.5s)
✔ [2260/4169] Built Std.Sat.AIG.RefVecOperator.Zip (1.6s)
✔ [2261/4169] Built Std.Tactic.BVDecide.Bitblast.BVExpr.Circuit.Lemmas.Operations.RotateLeft (921ms)
✔ [2262/4169] Built Std.Tactic.BVDecide.Bitblast.BVExpr.Circuit.Lemmas.Operations.RotateRight (931ms)
✔ [2263/4169] Built Lean.Meta.Basic (6.0s)
✔ [2264/4169] Built Std.Tactic.BVDecide.Bitblast.BVExpr.Circuit.Lemmas.Operations.RotateLeft:c.o (68ms)
✔ [2265/4169] Built Std.Tactic.BVDecide.Bitblast.BVExpr.Circuit.Lemmas.Operations.RotateRight:c.o (60ms)
✔ [2266/4169] Built Std.Tactic.BVDecide.LRAT.Internal.Formula.RupAddResult:c.o (164ms)
✔ [2267/4169] Built Std.Sat.AIG.RefVecOperator.Zip:c.o (250ms)
✔ [2268/4169] Built Std.Sat.AIG.RefVecOperator (360ms)
✔ [2269/4169] Built Std.Sat.AIG.If (1.9s)
✔ [2270/4169] Built Std.Tactic.BVDecide.Bitblast.BVExpr.Circuit.Impl.Operations.Add (1.9s)
✔ [2271/4169] Built Std.Tactic.BVDecide.Bitblast.BVExpr.Circuit.Lemmas.Operations.ZeroExtend (903ms)
✔ [2272/4169] Built Std.Sat.AIG.RefVecOperator:c.o (122ms)
✔ [2273/4169] Built Std.Tactic.BVDecide.Bitblast.BVExpr.Circuit.Lemmas.Operations.ZeroExtend:c.o (103ms)
✔ [2274/4169] Built Lean.Elab.Config (477ms)
✔ [2275/4169] Built Lean.Meta.Inductive (495ms)
✔ [2276/4169] Built Lean.Meta.CheckTactic (472ms)
✔ [2277/4169] Built Lean.Meta.GlobalInstances (575ms)
✔ [2278/4169] Built Lean.Elab.Config:c.o (70ms)
✔ [2279/4169] Built Lean.Meta.KExprMap (535ms)
✔ [2280/4169] Built Lean.Meta.Iterator (564ms)
✔ [2281/4169] Built Std.Sat.AIG.If:c.o (341ms)
✔ [2282/4169] Built Std.Sat.AIG (398ms)
✔ [2283/4169] Built Std.Tactic.BVDecide.Bitblast.BVExpr.Circuit.Impl.Operations.Not (357ms)
✔ [2284/4169] Built Std.Tactic.BVDecide.Bitblast.BVExpr.Circuit.Impl.Operations.Eq (367ms)
✔ [2285/4169] Built Lean.Compiler.LCNF.Util (682ms)
✔ [2286/4169] Built Lean.Meta.Tactic.Simp.Arith.Util (636ms)
✔ [2287/4169] Built Lean.Elab.InfoTree.InlayHints (621ms)
✔ [2288/4169] Built Lean.Meta.Tactic.FunIndInfo (637ms)
✔ [2289/4169] Built Std.Sat.AIG:c.o (95ms)
✔ [2290/4169] Built Std.Tactic.BVDecide.Bitblast.BVExpr.Circuit.Impl.Operations.Not:c.o (103ms)
✔ [2291/4169] Built Std.Tactic.BVDecide.Bitblast.BVExpr.Circuit.Impl.Operations.Eq:c.o (102ms)
✔ [2292/4169] Built Lean.Meta.KAbstract (826ms)
✔ [2293/4169] Built Lean.Meta.CheckTactic:c.o (342ms)
✔ [2294/4169] Built Std.Tactic.BVDecide.Bitblast.BVExpr.Circuit.Impl.Operations.Add:c.o (577ms)
✔ [2295/4169] Built Lean.Compiler.Specialize (836ms)
✔ [2296/4169] Built Lean.Meta.NatInstTesters (879ms)
✔ [2297/4169] Built Lean.Meta.AbstractMVars (846ms)
✔ [2298/4169] Built Lean.SubExpr (866ms)
✔ [2299/4169] Built Lean.Meta.CollectFVars (929ms)
✔ [2300/4169] Built Lean.Meta.Tactic.Simp.Arith.Util:c.o (184ms)
✔ [2301/4169] Built Lean.Meta.IntInstTesters (894ms)
✔ [2302/4169] Built Lean.Elab.InfoTree.InlayHints:c.o (201ms)
✔ [2303/4169] Built Lean.Meta.GlobalInstances:c.o (435ms)
✔ [2304/4169] Built Lean.Meta.CasesInfo (931ms)
✔ [2305/4169] Built Lean.Meta.BinderNameHint (956ms)
✔ [2306/4169] Built Lean.Meta.GeneralizeVars (1.0s)
✔ [2307/4169] Built Std.Sat (318ms)
✔ [2308/4169] Built Std.Sat:c.o (83ms)
✔ [2309/4169] Built Std.Tactic.BVDecide.Bitblast.BVExpr.Circuit.Impl.Operations.Neg (398ms)
✔ [2310/4169] Built Std.Tactic.BVDecide.Bitblast.BVExpr.Circuit.Lemmas.Operations.Not (360ms)
✔ [2311/4169] Built Std.Tactic.BVDecide.Bitblast.BVExpr.Circuit.Lemmas.Operations.Not:c.o (71ms)
✔ [2312/4169] Built Std.Tactic.BVDecide.Bitblast.BVExpr.Circuit.Lemmas.Operations.Eq (437ms)
✔ [2313/4169] Built Lean.Meta.Match.MatcherInfo (1.1s)
✔ [2314/4169] Built Lean.Meta.CollectMVars (1.0s)
✔ [2315/4169] Built Lean.Meta.Inductive:c.o (592ms)
✔ [2316/4169] Built Std.Tactic.BVDecide.Bitblast.BVExpr.Circuit.Impl.Operations.Neg:c.o (96ms)
✔ [2317/4169] Built Std.Tactic.BVDecide.Bitblast.BVExpr.Circuit.Lemmas.Operations.Eq:c.o (67ms)
✔ [2318/4169] Built Lean.Meta.GetUnfoldableConst (559ms)
✔ [2319/4169] Built Lean.Meta.LitValues (1.2s)
✔ [2320/4169] Built Lean.Meta.ForEachExpr (1.1s)
✔ [2321/4169] Built Lean.Compiler.LCNF.Util:c.o (507ms)
✔ [2322/4169] Built Lean.Meta.KExprMap:c.o (696ms)
✔ [2323/4169] Built Lean.Meta.Tactic.Repeat (1.2s)
✔ [2324/4169] Built Std.Tactic.BVDecide.Bitblast.BVExpr.Circuit.Impl.Carry (947ms)
✔ [2325/4169] Built Std.Tactic.BVDecide.Bitblast.BVExpr.Circuit.Impl.Operations.Sub (346ms)
✔ [2326/4169] Built Std.Tactic.BVDecide.Bitblast.BVExpr.Circuit.Impl.Operations.Clz (1.0s)
✔ [2327/4169] Built Lean.Meta.NatInstTesters:c.o (532ms)
✔ [2328/4169] Built Lean.Meta.KAbstract:c.o (561ms)
✔ [2329/4169] Built Lean.Meta.Iterator:c.o (772ms)
✔ [2330/4169] Built Lean.Meta.ExprTraverse (522ms)
✔ [2331/4169] Built Std.Tactic.BVDecide.Bitblast.BVExpr.Circuit.Impl.Carry:c.o (150ms)
✔ [2332/4169] Built Std.Tactic.BVDecide.Bitblast.BVExpr.Circuit.Impl.Operations.Clz:c.o (152ms)
✔ [2333/4169] Built Lean.Meta.Transform (1.5s)
✔ [2334/4169] Built Lean.Meta.IntInstTesters:c.o (573ms)
✔ [2335/4169] Built Lean.Meta.Tactic.Simp.SimpCongrTheorems (1.5s)
✔ [2336/4169] Built Lean.Meta.Tactic.Repeat:c.o (299ms)
✔ [2337/4169] Built Std.Tactic.BVDecide.Bitblast.BVExpr.Circuit.Impl.Operations.Sub:c.o (96ms)
✔ [2338/4169] Built Lean.Meta.InferType (1.6s)
✔ [2339/4169] Built Lean.PrettyPrinter.Delaborator.SubExpr (666ms)
✔ [2340/4169] Built Lean.Meta.RecursorInfo (1.6s)
✔ [2341/4169] Built Lean.Meta.CompletionName (440ms)
✔ [2342/4169] Built Lean.Elab.PreDefinition.Structural.Basic (458ms)
✔ [2343/4169] Built Lean.Meta.Tactic.FunIndInfo:c.o (911ms)
✔ [2344/4169] Built Lean.Meta.ExprLens (755ms)
✔ [2345/4169] Built Std.Tactic.BVDecide.Bitblast.BVExpr.Circuit.Impl.Operations.Ult (433ms)
✔ [2346/4169] Built Lean.Meta.CollectFVars:c.o (778ms)
✔ [2347/4169] Built Lean.Meta.Match.Value (490ms)
✔ [2348/4169] Built Lean.Meta.CompletionName:c.o (155ms)
✔ [2349/4169] Built Lean.Meta.ExprTraverse:c.o (256ms)
✔ [2350/4169] Built Lean.Compiler.Specialize:c.o (965ms)
✔ [2351/4169] Built Lean.Meta.GetUnfoldableConst:c.o (633ms)
✔ [2352/4169] Built Lean.Meta.BinderNameHint:c.o (854ms)
✔ [2353/4169] Built Lean.Meta.Match.MatcherApp.Basic (668ms)
✔ [2354/4169] Built Std.Tactic.BVDecide.Bitblast.BVExpr.Circuit.Impl.Operations.Ult:c.o (142ms)
✔ [2355/4169] Built Std.Tactic.BVDecide.Bitblast.BVExpr.Circuit.Lemmas.Operations.Add (1.7s)
✔ [2356/4169] Built Lean.Meta.SameCtorUtils (500ms)
✔ [2357/4169] Built Lean.SubExpr:c.o (1.1s)
✔ [2358/4169] Built Lean.Elab.PreDefinition.WF.FloatRecApp (477ms)
✔ [2359/4169] Built Std.Tactic.BVDecide.Bitblast.BVExpr.Circuit.Impl.Operations.ShiftLeft (1.7s)
✔ [2360/4169] Built Std.Tactic.BVDecide.Bitblast.BVExpr.Circuit.Lemmas.Operations.Add:c.o (93ms)
✔ [2361/4169] Built Lean.Meta.AbstractMVars:c.o (1.3s)
✔ [2362/4169] Built Lean.Meta.CasesInfo:c.o (1.2s)
✔ [2363/4169] Built Lean.Elab.PreDefinition.Structural.Basic:c.o (452ms)
✔ [2364/4169] Built Lean.Meta.DecLevel (637ms)
✔ [2365/4169] Built Lean.Meta.Offset (1.3s)
✔ [2366/4169] Built Lean.Meta.Sorry (623ms)
✔ [2367/4169] Built Lean.Meta.Match.MatcherApp.Basic:c.o (389ms)
✔ [2368/4169] Built Lean.Elab.PreDefinition.Structural.IndGroupInfo (725ms)
✔ [2369/4169] Built Std.Tactic.BVDecide.Bitblast.BVExpr.Circuit.Impl.Operations.ShiftLeft:c.o (276ms)
✔ [2370/4169] Built Std.Tactic.BVDecide.Bitblast.BVExpr.Circuit.Lemmas.Operations.Neg (330ms)
✔ [2371/4169] Built Std.Tactic.BVDecide.Bitblast.BVExpr.Circuit.Lemmas.Operations.Neg:c.o (64ms)
✔ [2372/4169] Built Lean.Meta.PPGoal (752ms)
✔ [2373/4169] Built Lean.Meta.ExprLens:c.o (780ms)
✔ [2374/4169] Built Lean.Meta.FunInfo (917ms)
✔ [2375/4169] Built Lean.Meta.PProdN (931ms)
✔ [2376/4169] Built Std.Tactic.BVDecide.Bitblast.BVExpr.Circuit.Impl.Operations.ShiftRight (2.3s)
✔ [2377/4169] Built Std.Tactic.BVDecide.Bitblast.BVExpr.Circuit.Lemmas.Operations.Sub (335ms)
✔ [2378/4169] Built Lean.Meta.Sorry:c.o (514ms)
✔ [2379/4169] Built Lean.PrettyPrinter.Delaborator.SubExpr:c.o (1.2s)
✔ [2380/4169] Built Lean.Meta.GeneralizeVars:c.o (1.7s)
✔ [2381/4169] Built Std.Tactic.BVDecide.Bitblast.BVExpr.Circuit.Lemmas.Operations.Sub:c.o (70ms)
✔ [2382/4169] Built Std.Tactic.BVDecide.Bitblast.BVExpr.Circuit.Lemmas.Carry (811ms)
✔ [2383/4169] Built Lean.Meta.CtorRecognizer (585ms)
✔ [2384/4169] Built Lean.Meta.SameCtorUtils:c.o (772ms)
✔ [2385/4169] Built Lean.Meta.ReduceEval (653ms)
✔ [2386/4169] Built Lean.Meta.ProdN (533ms)
✔ [2387/4169] Built Std.Tactic.BVDecide.Bitblast.BVExpr.Circuit.Lemmas.Carry:c.o (70ms)
✔ [2388/4169] Built Lean.Meta.CollectMVars:c.o (1.8s)
✔ [2389/4169] Built Lean.Meta.NatTable (1.3s)
✔ [2390/4169] Built Lean.Meta.ForEachExpr:c.o (1.9s)
✔ [2391/4169] Built Std.Tactic.BVDecide.LRAT.Internal.Formula.RupAddSound (3.2s)
✔ [2392/4169] Built Lean.Meta.NatTable:c.o (177ms)
✔ [2393/4169] Built Lean.Meta.LevelDefEq (868ms)
✔ [2394/4169] Built Std.Tactic.BVDecide.Bitblast.BVExpr.Circuit.Impl.Operations.ShiftRight:c.o (511ms)
✔ [2395/4169] Built Std.Tactic.BVDecide.Bitblast.BVExpr.Circuit.Lemmas.Operations.Ult (357ms)
✔ [2396/4169] Built Lean.Meta.DecLevel:c.o (1.0s)
✔ [2397/4169] Built Lean.Meta.MatchUtil (467ms)
✔ [2398/4169] Built Lean.Meta.Reduce (650ms)
✔ [2399/4169] Built Std.Tactic.BVDecide.Bitblast.BVExpr.Circuit.Lemmas.Operations.Ult:c.o (78ms)
✔ [2400/4169] Built Std.Tactic.BVDecide.LRAT.Internal.Formula.RupAddSound:c.o (184ms)
✔ [2401/4169] Built Lean.Meta.Match.MatcherInfo:c.o (2.2s)
✔ [2402/4169] Built Lean.Meta.CoeAttr (759ms)
✔ [2403/4169] Built Lean.Elab.PreDefinition.WF.FloatRecApp:c.o (1.4s)
✔ [2404/4169] Built Std.Tactic.BVDecide.Bitblast.BVExpr.Circuit.Lemmas.Operations.ShiftLeft (1.3s)
✔ [2405/4169] Built Lean.Meta.Canonicalizer (838ms)
✔ [2406/4169] Built Std.Tactic.BVDecide.Bitblast.BVExpr.Circuit.Lemmas.Operations.ShiftLeft:c.o (67ms)
✔ [2407/4169] Built Std.Tactic.BVDecide.Bitblast.BVExpr.Circuit.Lemmas.Operations.Clz (2.2s)
✔ [2408/4169] Built Lean.Meta.PPGoal:c.o (1.2s)
✔ [2409/4169] Built Lean.Elab.InfoTree.Main (1.1s)
✔ [2410/4169] Built Lean.Meta.Match.Value:c.o (1.8s)
✔ [2411/4169] Built Lean.Elab.PreDefinition.Structural.IndGroupInfo:c.o (1.1s)
✔ [2412/4169] Built Std.Tactic.BVDecide.Bitblast.BVExpr.Circuit.Lemmas.Operations.Clz:c.o (61ms)
✔ [2413/4169] Built Lean.Data.RArray (1.5s)
✔ [2414/4169] Built Lean.AddDecl (1.5s)
✔ [2415/4169] Built Lean.Meta.HasNotBit (440ms)
✔ [2416/4169] Built Std.Tactic.BVDecide.Bitblast.BVExpr.Circuit.Impl.Operations.Udiv (2.1s)
✔ [2417/4169] Built Lean.Elab.InfoTree (334ms)
✔ [2418/4169] Built Lean.Data.RArray:c.o (191ms)
✔ [2419/4169] Built Lean.Elab.InfoTree:c.o (67ms)
✔ [2420/4169] Built Lean.Meta.ProdN:c.o (1.1s)
✔ [2421/4169] Built Lean.Data (350ms)
✔ [2422/4169] Built Lean.Meta.CtorRecognizer:c.o (1.3s)
✔ [2423/4169] Built Lean.Meta.Reduce:c.o (885ms)
✔ [2424/4169] Built Std.Data.ExtTreeMap.Lemmas (7.6s)
✔ [2425/4169] Built Lean.Meta.HasNotBit:c.o (452ms)
✔ [2426/4169] Built Std.Data.ExtTreeMap.Lemmas:c.o (75ms)
✔ [2427/4169] Built Lean.Data:c.o (101ms)
✔ [2428/4169] Built Lean.Meta.CoeAttr:c.o (882ms)
✔ [2429/4169] Built Lean.Meta.MatchUtil:c.o (1.0s)
✔ [2430/4169] Built Lean.Meta.Constructions.CasesOn (524ms)
✔ [2431/4169] Built Lean.Meta.Constructions.RecOn (511ms)
✔ [2432/4169] Built Std.Data.ExtTreeMap (219ms)
✔ [2433/4169] Built Std.Tactic.BVDecide.Bitblast.BVExpr.Circuit.Impl.Operations.Umod (420ms)
✔ [2434/4169] Built Lean.Linter.Deprecated (778ms)
✔ [2435/4169] Built Lean.Elab.SetOption (527ms)
✔ [2436/4169] Built Std.Data.ExtTreeMap:c.o (62ms)
✔ [2437/4169] Built Std.Tactic.BVDecide.Bitblast.BVExpr.Circuit.Impl.Operations.Udiv:c.o (543ms)
✔ [2438/4169] Built Std.Tactic.BVDecide.Bitblast.BVExpr.Circuit.Impl.Operations.Umod:c.o (142ms)
✔ [2439/4169] Built Lean.Compiler.InitAttr (738ms)
✔ [2440/4169] Built Lean.Meta.RecursorInfo:c.o (2.8s)
✔ [2441/4169] Built Lean.Language.Util (551ms)
✔ [2442/4169] Built Lean.Meta.ReduceEval:c.o (1.7s)
✔ [2443/4169] Built Lean.Meta.FunInfo:c.o (2.1s)
✔ [2444/4169] Built Lean.Meta.Tactic.Simp.SimpCongrTheorems:c.o (3.1s)
✔ [2445/4169] Built Lean.Elab.SetOption:c.o (337ms)
✔ [2446/4169] Built Lean.Replay (974ms)
✔ [2447/4169] Built Lean.BuiltinDocAttr (459ms)
✔ [2448/4169] Built Lean.ParserCompiler.Attribute (502ms)
✔ [2449/4169] Built Lean.Meta.PProdN:c.o (2.4s)
✔ [2450/4169] Built Lean.Meta.Canonicalizer:c.o (1.6s)
✔ [2451/4169] Built Lean.Server.Completion.EligibleHeaderDecls (625ms)
✔ [2452/4169] Built Lean.Compiler.LCNF.Types (1.4s)
✔ [2453/4169] Built Lean.Meta.Constructions.CasesOn:c.o (866ms)
✔ [2454/4169] Built Lean.Meta.Check (1.6s)
✔ [2455/4169] Built Lean.BuiltinDocAttr:c.o (418ms)
✔ [2456/4169] Built Lean.Meta.Constructions.RecOn:c.o (1.1s)
✔ [2457/4169] Built Std.Tactic.BVDecide.Bitblast.BVExpr.Circuit.Lemmas.Operations.ShiftRight (2.8s)
✔ [2458/4169] Built Lean.Meta.LevelDefEq:c.o (2.5s)
✔ [2459/4169] Built Std.Tactic.BVDecide.Bitblast.BVExpr.Circuit.Lemmas.Operations.ShiftRight:c.o (62ms)
✔ [2460/4169] Built Lean.Meta.WHNF (2.9s)
✔ [2461/4169] Built Lean.Meta.Transform:c.o (4.2s)
✔ [2462/4169] Built Lean.Language.Util:c.o (1.3s)
✔ [2463/4169] Built Std.Tactic.BVDecide.LRAT.Internal.Formula.RatAddResult (2.8s)
✔ [2464/4169] Built Lean.Compiler.InitAttr:c.o (1.4s)
✔ [2465/4169] Built Lean.ParserCompiler.Attribute:c.o (839ms)
✔ [2466/4169] Built Lean.Meta.GeneralizeTelescope (480ms)
✔ [2467/4169] Built Std.Tactic.BVDecide.LRAT.Internal.Formula.RatAddResult:c.o (103ms)
✔ [2468/4169] Built Lean.Linter.Deprecated:c.o (1.7s)
✔ [2469/4169] Built Lean.Meta.Eval (578ms)
✔ [2470/4169] Built Lean.Elab.PreDefinition.Structural.Preprocess (509ms)
✔ [2471/4169] Built Lean.DefEqAttrib (746ms)
✔ [2472/4169] Built Lean.Server.Completion.EligibleHeaderDecls:c.o (1.4s)
✔ [2473/4169] Built Lean.PrettyPrinter.Delaborator.FieldNotation (762ms)
✔ [2474/4169] Built Lean.Meta.GeneralizeTelescope:c.o (605ms)
✔ [2475/4169] Built Lean.Server.Completion.CompletionUtils (878ms)
✔ [2476/4169] Built Lean.Meta.Eval:c.o (775ms)
✔ [2477/4169] Built Lean.Meta.Offset:c.o (4.8s)
✔ [2478/4169] Built Lean.Meta.Tactic.AuxLemma (571ms)
✔ [2479/4169] Built Lean.Parser.Extension (2.1s)
✔ [2480/4169] Built Lean.Meta.Tactic.ElimInfo (1.6s)
✔ [2481/4169] Built Std.Data.ExtTreeSet.Lemmas (2.0s)
✔ [2482/4169] Built Std.Data.ExtTreeSet.Lemmas:c.o (62ms)
✔ [2483/4169] Built Std.Tactic.BVDecide.Bitblast.BVExpr.Circuit.Lemmas.Operations.Udiv (3.3s)
✔ [2484/4169] Built Std.Tactic.BVDecide.Bitblast.BVExpr.Circuit.Lemmas.Operations.Udiv:c.o (84ms)
✔ [2485/4169] Built Std.Data.ExtTreeSet (229ms)
✔ [2486/4169] Built Std.Tactic.BVDecide.Bitblast.BVExpr.Circuit.Impl.Operations.Mul (5.2s)
✔ [2487/4169] Built Lean.Elab.InfoTree.Main:c.o (3.8s)
✔ [2488/4169] Built Lean.AddDecl:c.o (3.6s)
✔ [2489/4169] Built Std.Data.ExtTreeSet:c.o (73ms)
✔ [2490/4169] Built Lean.Meta.DiscrTree (1.8s)
✔ [2491/4169] Built Std.Tactic.BVDecide.Bitblast.BVExpr.Circuit.Impl.Operations.Mul:c.o (258ms)
✔ [2492/4169] Built Lean.Parser.Term.Doc (535ms)
✔ [2493/4169] Built Lean.Elab.PreDefinition.Structural.Preprocess:c.o (1.4s)
✔ [2494/4169] Built Lean.Replay:c.o (2.9s)
✔ [2495/4169] Built Std.Data (366ms)
✔ [2496/4169] Built Std.Data:c.o (83ms)
✔ [2497/4169] Built Lean.Meta.Tactic.AuxLemma:c.o (816ms)
✔ [2498/4169] Built Lean.Meta.LetToHave (2.4s)
✔ [2499/4169] Built Lean.Meta.LitValues:c.o (6.6s)
✔ [2500/4169] Built Std.Tactic.BVDecide.Bitblast.BVExpr.Circuit.Lemmas.Operations.Umod (739ms)
✔ [2501/4169] Built Std.Tactic.BVDecide.Bitblast.BVExpr.Circuit.Lemmas.Operations.Umod:c.o (79ms)
✔ [2502/4169] Built Lean.Compiler.LCNF.Types:c.o (2.8s)
✔ [2503/4169] Built Lean.Meta.Tactic.Ext (633ms)
✔ [2504/4169] Built Lean.Meta.InferType:c.o (6.5s)
✔ [2505/4169] Built Std.Sync.StreamMap (539ms)
✔ [2506/4169] Built Lean.Parser.Term.Doc:c.o (724ms)
✔ [2507/4169] Built Lean.DefEqAttrib:c.o (1.8s)
✔ [2508/4169] Built Lean.Meta.ACLt (928ms)
✔ [2509/4169] Built Std.Sync.CancellationToken (734ms)
✔ [2510/4169] Built Lean.Meta.Tactic.Grind.ExtAttr (478ms)
✔ [2511/4169] Built Std.Sync.StreamMap:c.o (433ms)
✔ [2512/4169] Built Lean.Meta.Closure (1.8s)
✔ [2513/4169] Built Std.Tactic.BVDecide.LRAT.Internal.Formula.RatAddSound (2.0s)
✔ [2514/4169] Built Std.Tactic.BVDecide.LRAT.Internal.Formula.RatAddSound:c.o (95ms)
✔ [2515/4169] Built Std.Sync.CancellationToken:c.o (650ms)
✔ [2516/4169] Built Std.Tactic.BVDecide.Bitblast.BVExpr.Circuit.Lemmas.Operations.Mul (1.8s)
✔ [2517/4169] Built Std.Tactic.BVDecide.LRAT.Internal.Formula.Instance (290ms)
✔ [2518/4169] Built Std.Tactic.BVDecide.Bitblast.BVExpr.Circuit.Lemmas.Operations.Mul:c.o (66ms)
✔ [2519/4169] Built Std.Tactic.BVDecide.LRAT.Internal.Formula.Instance:c.o (76ms)
✔ [2520/4169] Built Std.Tactic.BVDecide.LRAT.Internal.Formula (253ms)
✔ [2521/4169] Built Lean.Meta.Instances (1.9s)
✔ [2522/4169] Built Lean.Meta.Tactic.Grind.ExtAttr:c.o (737ms)
✔ [2523/4169] Built Std.Tactic.BVDecide.LRAT.Internal.Formula:c.o (68ms)
✔ [2524/4169] Built Lean.PrettyPrinter.Delaborator.FieldNotation:c.o (3.1s)
✔ [2525/4169] Built Lean.Server.Completion.CompletionUtils:c.o (2.9s)
✔ [2526/4169] Built Std.Sync.Broadcast (1.8s)
✔ [2527/4169] Built Lean.Meta.AbstractNestedProofs (780ms)
✔ [2528/4169] Built Lean.Meta.Tactic.Ext:c.o (1.4s)
✔ [2529/4169] Built Std.Sync (343ms)
✔ [2530/4169] Built Std.Tactic.BVDecide.LRAT.Internal.Convert (494ms)
✔ [2531/4169] Built Std.Sync:c.o (68ms)
✔ [2532/4169] Built Std.Tactic.BVDecide.LRAT.Internal.Convert:c.o (127ms)
✔ [2533/4169] Built Std.Tactic.BVDecide.LRAT.Checker (397ms)
✔ [2534/4169] Built Std.Tactic.BVDecide.LRAT.Checker:c.o (243ms)
✔ [2535/4169] Built Std.Tactic.BVDecide.LRAT (261ms)
✔ [2536/4169] Built Std.Tactic.BVDecide.LRAT:c.o (60ms)
✔ [2537/4169] Built Lean.Meta.Check:c.o (5.2s)
✔ [2538/4169] Built Lean.Meta.ACLt:c.o (2.2s)
✔ [2539/4169] Built Lean.Meta.Tactic.ElimInfo:c.o (3.8s)
✔ [2540/4169] Built Lean.Meta.LazyDiscrTree (3.4s)
✔ [2541/4169] Built Lean.Meta.AbstractNestedProofs:c.o (1.6s)
✔ [2542/4169] Built Lean.Parser.Extension:c.o (4.3s)
✔ [2543/4169] Built Lean.Compiler.LCNF.Basic (2.1s)
✔ [2544/4169] Built Lean.Compiler.LCNF.MonadScope (365ms)
✔ [2545/4169] Built Lean.Compiler.LCNF.DeclHash (405ms)
✔ [2546/4169] Built Lean.Compiler.LCNF.DependsOn (473ms)
✔ [2547/4169] Built Lean.Compiler.LCNF.LCtx (530ms)
✔ [2548/4169] Built Lean.Compiler.LCNF.Level (592ms)
✔ [2549/4169] Built Lean.Compiler.LCNF.MonadScope:c.o (177ms)
✔ [2550/4169] Built Lean.Compiler.LCNF.DeclHash:c.o (196ms)
✔ [2551/4169] Built Lean.Compiler.LCNF.DependsOn:c.o (191ms)
✔ [2552/4169] Built Lean.Meta.SynthInstance (3.0s)
✔ [2553/4169] Built Lean.Compiler.LCNF.AlphaEqv (963ms)
✔ [2554/4169] Built Lean.Compiler.LCNF.ToExpr (963ms)
✔ [2555/4169] Built Lean.Compiler.LCNF.FixedParams (994ms)
✔ [2556/4169] Built Lean.Compiler.LCNF.LCtx:c.o (613ms)
✔ [2557/4169] Built Lean.Meta.DiscrTree:c.o (5.3s)
✔ [2558/4169] Built Lean.Compiler.LCNF.Level:c.o (785ms)
✔ [2559/4169] Built Lean.Compiler.LCNF.ToExpr:c.o (553ms)
✔ [2560/4169] Built Lean.Meta.Tactic.Grind.Arith.Util (770ms)
✔ [2561/4169] Built Lean.Compiler.LCNF.CompilerM (1.3s)
✔ [2562/4169] Built Lean.Meta.UnificationHint (1.2s)
✔ [2563/4169] Built Lean.Compiler.LCNF.AlphaEqv:c.o (1.2s)
✔ [2564/4169] Built Lean.Compiler.LCNF.ScopeM (432ms)
✔ [2565/4169] Built Lean.Compiler.LCNF.Simp.Basic (416ms)
✔ [2566/4169] Built Lean.Compiler.LCNF.Renaming (469ms)
✔ [2567/4169] Built Lean.Compiler.LCNF.Basic:c.o (2.4s)
✔ [2568/4169] Built Lean.Compiler.LCNF.BaseTypes (512ms)
✔ [2569/4169] Built Lean.Compiler.LCNF.ElimDead (559ms)
✔ [2570/4169] Built Lean.Compiler.LCNF.Simp.Basic:c.o (117ms)
✔ [2571/4169] Built Lean.Meta.Tactic.Grind.Arith.Util:c.o (684ms)
✔ [2572/4169] Built Lean.Meta.Tactic.Grind.Arith.Cutsat.ToIntInfo (718ms)
✔ [2573/4169] Built Lean.Compiler.LCNF.FixedParams:c.o (1.4s)
✔ [2574/4169] Built Lean.Compiler.LCNF.ScopeM:c.o (200ms)
✔ [2575/4169] Built Lean.Compiler.LCNF.FVarUtil (774ms)
✔ [2576/4169] Built Lean.Compiler.LCNF.PassManager (842ms)
✔ [2577/4169] Built Lean.Compiler.LCNF.Closure (918ms)
✔ [2578/4169] Built Lean.Meta.Tactic.Grind.Arith.Cutsat.ToIntInfo:c.o (375ms)
✔ [2579/4169] Built Lean.Compiler.LCNF.Simp.FunDeclInfo (697ms)
✔ [2580/4169] Built Lean.Meta.AppBuilder (2.1s)
✔ [2581/4169] Built Lean.Compiler.LCNF.Irrelevant (787ms)
✔ [2582/4169] Built Lean.Compiler.LCNF.ElimDead:c.o (737ms)
✔ [2583/4169] Built Lean.Compiler.LCNF.Renaming:c.o (824ms)
✔ [2584/4169] Built Lean.Compiler.LCNF.BaseTypes:c.o (860ms)
✔ [2585/4169] Built Lean.Compiler.LCNF.PhaseExt (759ms)
✔ [2586/4169] Built Lean.Compiler.LCNF.PullLetDecls (697ms)
✔ [2587/4169] Built Lean.Meta.LetToHave:c.o (7.1s)
✔ [2588/4169] Built Lean.Compiler.LCNF.CSE (835ms)
✔ [2589/4169] Built Lean.Compiler.LCNF.PullFunDecls (824ms)
✔ [2590/4169] Built Lean.Meta.Match.NamedPatterns (558ms)
✔ [2591/4169] Built Lean.Meta.Order (576ms)
✔ [2592/4169] Built Lean.Compiler.LCNF.PassManager:c.o (955ms)
✔ [2593/4169] Built Lean.Compiler.LCNF.MonoTypes (595ms)
✔ [2594/4169] Built Lean.Compiler.LCNF.FVarUtil:c.o (1.1s)
✔ [2595/4169] Built Lean.Compiler.LCNF.Simp.FunDeclInfo:c.o (830ms)
✔ [2596/4169] Built Lean.Compiler.LCNF.FloatLetIn (1.2s)
✔ [2597/4169] Built Lean.Meta.Instances:c.o (6.0s)
✔ [2598/4169] Built Lean.Compiler.ImplementedByAttr (526ms)
✔ [2599/4169] Built Lean.Meta.Constructions.CtorIdx (947ms)
✔ [2600/4169] Built Std.Sync.Broadcast:c.o (5.9s)
✔ [2601/4169] Built Lean.Meta.Tactic.Grind.EqResolution (1.0s)
✔ [2602/4169] Built Lean.Compiler.LCNF.OtherDecl (345ms)
✔ [2603/4169] Built Lean.Compiler.LCNF.OtherDecl:c.o (107ms)
✔ [2604/4169] Built Lean.Meta.Tactic.Util (1.2s)
✔ [2605/4169] Built Lean.Meta.Eqns (1.2s)
✔ [2606/4169] Built Lean.Meta.Tactic.Simp.Arith.Nat.Basic (1.3s)
✔ [2607/4169] Built Lean.Meta.Match.AltTelescopes (673ms)
✔ [2608/4169] Built Lean.Meta.Order:c.o (655ms)
✔ [2609/4169] Built Lean.Compiler.IR.CompilerM (892ms)
✔ [2610/4169] Built Lean.Compiler.LCNF.PullLetDecls:c.o (991ms)
✔ [2611/4169] Built Lean.Elab.Tactic.BVDecide.Frontend.BVDecide.Reflect (1.4s)
✔ [2612/4169] Built Lean.Compiler.LCNF.Irrelevant:c.o (1.4s)
✔ [2613/4169] Built Lean.Compiler.LCNF.PullFunDecls:c.o (981ms)
✔ [2614/4169] Built Lean.Meta.Structure (1.5s)
✔ [2615/4169] Built Lean.Meta.Closure:c.o (7.2s)
✔ [2616/4169] Built Lean.Meta.Tactic.Simp.Arith.Int.Basic (1.5s)
✔ [2617/4169] Built Lean.Compiler.LCNF.Probing (1.2s)
✔ [2618/4169] Built Lean.Meta.Coe (1.6s)
✔ [2619/4169] Built Lean.Meta.Tactic.IndependentOf (472ms)
✔ [2620/4169] Built Lean.Meta.Tactic.Rename (486ms)
✔ [2621/4169] Built Lean.Meta.Tactic.Assumption (579ms)
✔ [2622/4169] Built Lean.Compiler.LCNF.CompilerM:c.o (3.0s)
✔ [2623/4169] Built Lean.Compiler.ImplementedByAttr:c.o (826ms)
✔ [2624/4169] Built Lean.Meta.Constructions.SparseCasesOn (961ms)
✔ [2625/4169] Built Lean.Compiler.LCNF.MonoTypes:c.o (1.2s)
✔ [2626/4169] Built Lean.Compiler.IR.EmitUtil (645ms)
✔ [2627/4169] Built Lean.Meta.Tactic.Clear (771ms)
✔ [2628/4169] Built Lean.Elab.Tactic.Omega.OmegaM (1.0s)
✔ [2629/4169] Built Lean.Compiler.LCNF.PhaseExt:c.o (1.6s)
✔ [2630/4169] Built Lean.Compiler.IR.Sorry (679ms)
✔ [2631/4169] Built Lean.Meta.Match.NamedPatterns:c.o (1.5s)
✔ [2632/4169] Built Lean.Meta.ArgsPacker (2.0s)
✔ [2633/4169] Built Lean.Compiler.IR.Meta (839ms)
✔ [2634/4169] Built Lean.Compiler.IR.Toposort (825ms)
✔ [2635/4169] Built Lean.Meta.Tactic.Intro (995ms)
✔ [2636/4169] Built Lean.Meta.Tactic.Simp.Arith.Nat.Simp (866ms)
✔ [2637/4169] Built Lean.Meta.Tactic.ExposeNames (921ms)
✔ [2638/4169] Built Lean.Meta.Tactic.Rename:c.o (487ms)
✔ [2639/4169] Built Lean.Compiler.IR.ToIRType (1.5s)
✔ [2640/4169] Built Lean.Compiler.IR.ExpandResetReuse (915ms)
✔ [2641/4169] Built Lean.Meta.Match.AltTelescopes:c.o (1.0s)
✔ [2642/4169] Built Lean.Meta.Tactic.IndependentOf:c.o (549ms)
✔ [2643/4169] Built Lean.Meta.Tactic.Grind.Theorems (1.0s)
✔ [2644/4169] Built Lean.Compiler.IR.ResetReuse (1.0s)
✔ [2645/4169] Built Lean.Meta.Tactic.FunIndCollect (1.2s)
✔ [2646/4169] Built Lean.Compiler.IR.Checker (1.1s)
✔ [2647/4169] Built Lean.Compiler.IR.Borrow (1.2s)
✔ [2648/4169] Built Lean.Compiler.IR.Sorry:c.o (530ms)
✔ [2649/4169] Built Lean.KeyedDeclsAttribute (1.2s)
✔ [2650/4169] Built Lean.Meta.Tactic.Simp.Arith.Int.Simp (1.1s)
✔ [2651/4169] Built Lean.Meta.Tactic.Grind.Injection (612ms)
✔ [2652/4169] Built Lean.Compiler.IR.EmitUtil:c.o (679ms)
✔ [2653/4169] Built Lean.Compiler.LCNF.InferType (1.5s)
✔ [2654/4169] Built Lean.Compiler.LCNF.CSE:c.o (2.1s)
✔ [2655/4169] Built Lean.Compiler.LCNF.Visibility (1.7s)
✔ [2656/4169] Built Lean.Meta.Tactic.Assumption:c.o (819ms)
✔ [2657/4169] Built Lean.Meta.Tactic.Simp.Arith.Nat (460ms)
✔ [2658/4169] Built Lean.Meta.Tactic.Simp.Arith.Nat:c.o (79ms)
✔ [2659/4169] Built Lean.Meta.Tactic.Revert (828ms)
✔ [2660/4169] Built Lean.Compiler.LCNF.Closure:c.o (3.1s)
✔ [2661/4169] Built Lean.Compiler.IR.Toposort:c.o (808ms)
✔ [2662/4169] Built Lean.Meta.Tactic.Simp.Arith.Int (416ms)
✔ [2663/4169] Built Lean.Compiler.IR.CompilerM:c.o (1.7s)
✔ [2664/4169] Built Lean.Compiler.IR.RC (1.7s)
✔ [2665/4169] Built Lean.Compiler.IR.Meta:c.o (875ms)
✔ [2666/4169] Built Lean.Meta.Tactic.Simp.Arith.Int:c.o (99ms)
✔ [2667/4169] Built Lean.PrettyPrinter.Basic (628ms)
✔ [2668/4169] Built Lean.Meta.Tactic.Simp.Arith.Nat.Simp:c.o (1.0s)
✔ [2669/4169] Built Lean.Meta.Tactic.Cleanup (1.2s)
✔ [2670/4169] Built Lean.Meta.SizeOf (3.2s)
✔ [2671/4169] Built Lean.Compiler.LCNF.CompatibleTypes (758ms)
✔ [2672/4169] Built Lean.Meta.Tactic.Simp.Arith (448ms)
✔ [2673/4169] Built Lean.Elab.Tactic.BVDecide.Frontend.BVDecide.Reflect:c.o (2.0s)
✔ [2674/4169] Built Lean.Compiler.LCNF.ReduceJpArity (826ms)
✔ [2675/4169] Built Lean.Meta.Tactic.Grind.RevertAll (690ms)
✔ [2676/4169] Built Lean.Compiler.LCNF.Simp.DiscrM (975ms)
✔ [2677/4169] Built Lean.Meta.Tactic.Simp.Arith.Nat.Basic:c.o (2.4s)
✔ [2678/4169] Built Lean.Meta.Tactic.Simp.Arith:c.o (143ms)
✔ [2679/4169] Built Lean.Compiler.IR.Boxing (1.4s)
✔ [2680/4169] Built Lean.Compiler.LCNF.Bind (1.1s)
✔ [2681/4169] Built Lean.Meta.Tactic.Clear:c.o (1.7s)
✔ [2682/4169] Built Lean.PrettyPrinter.Basic:c.o (572ms)
✔ [2683/4169] Built Lean.Meta.Tactic.Backtrack (2.2s)
✔ [2684/4169] Built Lean.Meta.Tactic.Grind.Injection:c.o (1.2s)
✔ [2685/4169] Built Lean.Compiler.IR.ExpandResetReuse:c.o (1.6s)
✔ [2686/4169] Built Lean.Meta.Tactic.Assert (1.1s)
✔ [2687/4169] Built Lean.ParserCompiler (1.4s)
✔ [2688/4169] Built Lean.Meta.Tactic.Generalize (1.2s)
✔ [2689/4169] Built Lean.Compiler.IR.AddExtern (607ms)
✔ [2690/4169] Built Lean.Compiler.LCNF.CompatibleTypes:c.o (863ms)
✔ [2691/4169] Built Lean.Compiler.LCNF.SpecInfo (1.5s)
✔ [2692/4169] Built Lean.Meta.Tactic.Grind.RevertAll:c.o (769ms)
✔ [2693/4169] Built Lean.Compiler.IR.ToIR (2.1s)
✔ [2694/4169] Built Lean.Meta.LazyDiscrTree:c.o (7.0s)
✔ [2695/4169] Built Lean.Meta.Tactic.Revert:c.o (1.6s)
✔ [2696/4169] Built Lean.Compiler.IR.ResetReuse:c.o (2.1s)
✔ [2697/4169] Built Lean.Meta.Tactic.ExposeNames:c.o (2.4s)
✔ [2698/4169] Built Lean.Meta.Tactic.FunIndCollect:c.o (2.3s)
✔ [2699/4169] Built Lean.Meta.Tactic.Induction (1.9s)
✔ [2700/4169] Built Lean.Compiler.IR.AddExtern:c.o (514ms)
✔ [2701/4169] Built Lean.Meta.Tactic.Grind.EqResolution:c.o (3.9s)
✔ [2702/4169] Built Lean.Compiler.IR.Checker:c.o (2.5s)
✔ [2703/4169] Built Lean.Compiler.LCNF.Internalize (1.2s)
✔ [2704/4169] Built Lean.Compiler.LCNF.ReduceJpArity:c.o (1.4s)
✔ [2705/4169] Built Lean.PrettyPrinter.Delaborator.TopDownAnalyze (7.0s)
✔ [2706/4169] Built Lean.Meta.Tactic.Replace (1.2s)
✔ [2707/4169] Built Lean.Meta.Tactic.Symm (1.3s)
✔ [2708/4169] Built Lean.Compiler.LCNF.FloatLetIn:c.o (4.4s)
✔ [2709/4169] Built Lean.Elab.Tactic.Omega.Core (3.4s)
✔ [2710/4169] Built Lean.Compiler.LCNF.Bind:c.o (1.7s)
✔ [2711/4169] Built Lean.Meta.Eqns:c.o (4.2s)
✔ [2712/4169] Built Lean.Meta.Tactic.Simp.Arith.Int.Basic:c.o (3.0s)
✔ [2713/4169] Built Lean.Meta.Constructions.SparseCasesOn:c.o (3.6s)
✔ [2714/4169] Built Lean.Compiler.IR.Borrow:c.o (2.0s)
✔ [2715/4169] Built Lean.Compiler.LCNF.AuxDeclCache (582ms)
✔ [2716/4169] Built Lean.Compiler.LCNF.Simp.DiscrM:c.o (2.0s)
✔ [2717/4169] Built Lean.Meta.Tactic.Grind.Theorems:c.o (3.4s)
✔ [2718/4169] Built Lean.Compiler.LCNF.ToMono (3.1s)
✔ [2719/4169] Built Lean.Meta.Tactic.Delta (673ms)
✔ [2720/4169] Built Lean.Compiler.LCNF.ElimDeadBranches (3.2s)
✔ [2721/4169] Built Lean.Meta.Tactic.Subst (1.9s)
✔ [2722/4169] Built Lean.Elab.Tactic.Omega.OmegaM:c.o (3.9s)
✔ [2723/4169] Built Lean.Compiler.LCNF.JoinPoints (3.3s)
✔ [2724/4169] Built Lean.KeyedDeclsAttribute:c.o (3.4s)
✔ [2725/4169] Built Lean.PrettyPrinter.Parenthesizer (2.7s)
✔ [2726/4169] Built Lean.Meta.Tactic.Assert:c.o (2.1s)
✔ [2727/4169] Built Lean.Meta.Constructions.CtorIdx:c.o (5.1s)
✔ [2728/4169] Built Lean.Meta.ExprDefEq (6.0s)
✔ [2729/4169] Built Lean.Compiler.LCNF.PrettyPrinter (1.2s)
✔ [2730/4169] Built Lean.Compiler.LCNF.ExtractClosed (1.2s)
✔ [2731/4169] Built Lean.Compiler.LCNF.Simp.ConstantFold (3.5s)
✔ [2732/4169] Built Lean.Compiler.LCNF.AuxDeclCache:c.o (807ms)
✔ [2733/4169] Built Lean.PrettyPrinter.Formatter (3.1s)
✔ [2734/4169] Built Lean.Meta.Tactic.Util:c.o (5.1s)
✔ [2735/4169] Built Lean.Meta.UnificationHint:c.o (7.1s)
✔ [2736/4169] Built Lean.Compiler.LCNF.ReduceArity (1.5s)
✔ [2737/4169] Built Lean.Meta.Tactic.Generalize:c.o (2.4s)
✔ [2738/4169] Built Lean.Compiler.IR.Boxing:c.o (2.8s)
✔ [2739/4169] Built Lean.Compiler.IR.EmitC (2.9s)
✔ [2740/4169] Built Lean.Compiler.LCNF.SpecInfo:c.o (2.3s)
✔ [2741/4169] Built Lean.Meta.Tactic.Backtrack:c.o (2.6s)
✔ [2742/4169] Built Lean.Meta.Tactic.Cleanup:c.o (3.3s)
✔ [2743/4169] Built Lean.Meta.Match.CaseValues (745ms)
✔ [2744/4169] Built Lean.Meta.Tactic.Simp.Arith.Int.Simp:c.o (4.1s)
✔ [2745/4169] Built Lean.Compiler.LCNF.LambdaLifting (1.3s)
✔ [2746/4169] Built Lean.Compiler.LCNF.Simp.JpCases (1.0s)
✔ [2747/4169] Built Lean.Compiler.LCNF.Visibility:c.o (4.2s)
✔ [2748/4169] Built Lean.ParserCompiler:c.o (2.9s)
✔ [2749/4169] Built Lean.Meta.Structure:c.o (5.5s)
✔ [2750/4169] Built Lean.Meta.Tactic.Injection (1.3s)
✔ [2751/4169] Built Lean.Meta.Match.Basic (1.3s)
✔ [2752/4169] Built Lean.Meta.Match.CaseArraySizes (670ms)
✔ [2753/4169] Built Lean.Meta.ArgsPacker:c.o (5.2s)
✔ [2754/4169] Built Lean.Compiler.LCNF.StructProjCases (1.2s)
✔ [2755/4169] Built Lean.Compiler.LCNF.Testing (1.1s)
✔ [2756/4169] Built Lean.Compiler.LCNF.Probing:c.o (5.8s)
✔ [2757/4169] Built Lean.Meta.Tactic.Lets (2.3s)
✔ [2758/4169] Built Lean.Meta.Match.CaseValues:c.o (964ms)
✔ [2759/4169] Built Lean.Meta.Tactic.Delta:c.o (1.7s)
✔ [2760/4169] Built Lean.Compiler.LCNF.InferType:c.o (4.9s)
✔ [2761/4169] Built Lean.Compiler.LCNF.ExtractClosed:c.o (1.4s)
✔ [2762/4169] Built Lean.PrettyPrinter.Delaborator.Basic (2.6s)
✔ [2763/4169] Built Lean.Meta.Match.MatchEqsExt (503ms)
✔ [2764/4169] Built Lean.Meta.Tactic.Intro:c.o (5.6s)
✔ [2765/4169] Built Lean.Compiler.LCNF.PrettyPrinter:c.o (1.7s)
✔ [2766/4169] Built Lean.Parser.Extra (1.6s)
✔ [2767/4169] Built Lean.Compiler.IR.ToIRType:c.o (5.8s)
✔ [2768/4169] Built Lean.Compiler.LCNF.Simp.SimpM (1.1s)
✔ [2769/4169] Built Lean.Meta.Tactic.UnifyEq (901ms)
✔ [2770/4169] Built Lean.Meta.CongrTheorems (2.1s)
✔ [2771/4169] Built Lean.Compiler.LCNF.Check (2.1s)
✔ [2772/4169] Built Lean.Meta.Tactic.Replace:c.o (3.1s)
✔ [2773/4169] Built Lean.Meta.Match.MatchEqsExt:c.o (529ms)
✔ [2774/4169] Built Lean.Meta.Match.CaseArraySizes:c.o (1.2s)
✔ [2775/4169] Built Lean.Parser.Level (525ms)
✔ [2776/4169] Built Lean.Compiler.LCNF.Internalize:c.o (3.7s)
✔ [2777/4169] Built Lean.Compiler.LCNF.Simp.DefaultAlt (566ms)
✔ [2778/4169] Built Lean.Compiler.LCNF.Simp.SimpValue (600ms)
✔ [2779/4169] Built Lean.Compiler.LCNF.ReduceArity:c.o (2.2s)
✔ [2780/4169] Built Lean.Compiler.LCNF.Testing:c.o (1.3s)
✔ [2781/4169] Built Lean.Compiler.IR.RC:c.o (5.6s)
✔ [2782/4169] Built Lean.Parser.Attr (742ms)
✔ [2783/4169] Built Lean.Compiler.LCNF.Simp.InlineCandidate (808ms)
✔ [2784/4169] Built Lean.Compiler.LCNF.ToLCNF (5.0s)
✔ [2785/4169] Built Lean.Compiler.LCNF.Simp.InlineProj (848ms)
✔ [2786/4169] Built Lean.Parser.Level:c.o (417ms)
✔ [2787/4169] Built Lean.Compiler.LCNF.Simp.Used (1.2s)
✔ [2788/4169] Built Lean.Compiler.LCNF.Simp.DefaultAlt:c.o (639ms)
✔ [2789/4169] Built Lean.Compiler.LCNF.Simp.SimpValue:c.o (551ms)
✔ [2790/4169] Built Lean.Meta.AppBuilder:c.o (9.3s)
✔ [2791/4169] Built Lean.Compiler.LCNF.LambdaLifting:c.o (2.6s)
✔ [2792/4169] Built Lean.Parser.Attr:c.o (791ms)
✔ [2793/4169] Built Lean.Meta.Tactic.Injection:c.o (2.5s)
✔ [2794/4169] Built Lean.Parser.Term.Basic (1.0s)
✔ [2795/4169] Built Lean.Compiler.LCNF.Simp.Used:c.o (574ms)
✔ [2796/4169] Built Lean.Compiler.LCNF.ToDecl (1.0s)
✔ [2797/4169] Built Lean.Meta.Tactic.Symm:c.o (4.6s)
✔ [2798/4169] Built Lean.Meta.Match.Basic:c.o (2.9s)
✔ [2799/4169] Built Lean.Compiler.LCNF.Simp.InlineCandidate:c.o (1.2s)
✔ [2800/4169] Built Lean.Meta.Tactic.UnifyEq:c.o (2.1s)
✔ [2801/4169] Built Lean.Meta.WHNF:c.o (19s)
✔ [2802/4169] Built Lean.Parser.Extra:c.o (2.4s)
✔ [2803/4169] Built Lean.DocString.Syntax (671ms)
✔ [2804/4169] Built Lean.Parser.Tactic.Doc (1.6s)
✔ [2805/4169] Built Lean.Compiler.LCNF.Simp.InlineProj:c.o (1.6s)
✔ [2806/4169] Built Lean.Compiler.IR.EmitC:c.o (3.0s)
✔ [2807/4169] Built Lean.Compiler.LCNF.Simp.SimpM:c.o (2.5s)
✔ [2808/4169] Built Lean.DocString (326ms)
✔ [2809/4169] Built Lean.Meta.Tactic.Induction:c.o (5.9s)
✔ [2810/4169] Built Lean.DocString:c.o (130ms)
✔ [2811/4169] Built Lean.Compiler.IR.ToIR:c.o (6.6s)
✔ [2812/4169] Built Lean.Compiler.LCNF.Simp.Main (1.7s)
✔ [2813/4169] Built Lean.Parser.Term.Basic:c.o (1.2s)
✔ [2814/4169] Built Lean.DocString.Syntax:c.o (602ms)
✔ [2815/4169] Built Std.Tactic.BVDecide.Bitblast.BVExpr.Circuit.Impl.Expr (18s)
✔ [2816/4169] Built Lean.Compiler.LCNF.StructProjCases:c.o (3.9s)
✔ [2817/4169] Built Lean.LabelAttribute (568ms)
✔ [2818/4169] Built Lean.Meta.SynthInstance:c.o (13s)
✔ [2819/4169] Built Lean.Meta.Tactic.Lets:c.o (4.0s)
✔ [2820/4169] Built Lean.PrettyPrinter.Parenthesizer:c.o (5.6s)
✔ [2821/4169] Built Lean.Compiler.LCNF.Simp (686ms)
✔ [2822/4169] Built Lean.Elab.Tactic.Omega.Core:c.o (6.4s)
✔ [2823/4169] Built Std.Tactic.BVDecide.Bitblast.BVExpr.Circuit.Impl.Pred (612ms)
✔ [2824/4169] Built Lean.LabelAttribute:c.o (721ms)
✔ [2825/4169] Built Lean.Compiler.LCNF.Simp.JpCases:c.o (5.1s)
✔ [2826/4169] Built Lean.Meta.Tactic.Subst:c.o (6.3s)
✔ [2827/4169] Built Lean.Compiler.LCNF.ElimDeadBranches:c.o (6.5s)
✔ [2828/4169] Built Lean.Compiler.LCNF.Simp:c.o (907ms)
✔ [2829/4169] Built Lean.Meta.Tactic.Simp.SimpTheorems (2.0s)
✔ [2830/4169] Built Lean.Compiler.LCNF.JoinPoints:c.o (6.8s)
✔ [2831/4169] Built Lean.Meta.CongrTheorems:c.o (4.8s)
✔ [2832/4169] Built Lean.PrettyPrinter.Delaborator.Basic:c.o (5.4s)
✔ [2833/4169] Built Lean.DocString.Parser (3.0s)
✔ [2834/4169] Built Lean.Parser.Tactic.Doc:c.o (3.2s)
✔ [2835/4169] Built Std.Tactic.BVDecide.Bitblast.BVExpr.Circuit.Impl.Pred:c.o (1.8s)
✔ [2836/4169] Built Lean.Compiler.LCNF.Check:c.o (5.5s)
✔ [2837/4169] Built Lean.Compiler.LCNF.Specialize (2.1s)
✔ [2838/4169] Built Lean.Meta.Basic:c.o (28s)
✔ [2839/4169] Built Std.Tactic.BVDecide.Bitblast.BVExpr.Circuit.Impl.Substructure (2.3s)
✔ [2840/4169] Built Lean.Compiler.LCNF.ToDecl:c.o (4.3s)
✔ [2841/4169] Built Lean.Meta.SizeOf:c.o (11s)
✔ [2842/4169] Built Std.Tactic.BVDecide.Bitblast.BVExpr.Circuit.Impl (253ms)
✔ [2843/4169] Built Std.Tactic.BVDecide.Bitblast.BVExpr.Circuit.Impl:c.o (66ms)
✔ [2844/4169] Built Lean.Compiler.LCNF.Passes (719ms)
✔ [2845/4169] Built Lean.Compiler.IR.EmitLLVM (11s)
✔ [2846/4169] Built Lean.DocString.Formatter (1.6s)
✔ [2847/4169] Built Lean.Compiler.IR (459ms)
✔ [2848/4169] Built Lean.Compiler.LCNF.ToMono:c.o (9.5s)
✔ [2849/4169] Built Std.Tactic.BVDecide.Bitblast.BVExpr.Circuit.Impl.Substructure:c.o (1.3s)
✔ [2850/4169] Built Lean.Compiler.LCNF.Passes:c.o (1.1s)
✔ [2851/4169] Built Lean.Compiler.IR:c.o (485ms)
✔ [2852/4169] Built Lean.PrettyPrinter.Delaborator.TopDownAnalyze:c.o (10s)
✔ [2853/4169] Built Lean.Meta.Tactic.Simp.Types (3.4s)
✔ [2854/4169] Built Std.Tactic.BVDecide.Bitblast.BVExpr.Circuit.Impl.Expr:c.o (5.1s)
✔ [2855/4169] Built Lean.Compiler.LCNF.Main (1.2s)
✔ [2856/4169] Built Lean.PrettyPrinter.Formatter:c.o (10s)
✔ [2857/4169] Built Lean.DocString.Formatter:c.o (1.7s)
✔ [2858/4169] Built Lean.Compiler.LCNF (337ms)
✔ [2859/4169] Built Lean.Meta.Tactic.Simp.LoopProtection (798ms)
✔ [2860/4169] Built Lean.Compiler.LCNF:c.o (105ms)
✔ [2861/4169] Built Lean.Compiler.Main (462ms)
✔ [2862/4169] Built Lean.Compiler (329ms)
✔ [2863/4169] Built Lean.Compiler:c.o (75ms)
✔ [2864/4169] Built Lean.Compiler.Main:c.o (635ms)
✔ [2865/4169] Built Lean.Meta.Tactic.Simp.LoopProtection:c.o (1.2s)
✔ [2866/4169] Built Lean.DocString.Parser:c.o (4.8s)
✔ [2867/4169] Built Lean.Meta.Tactic.Simp.Simproc (2.3s)
✔ [2868/4169] Built Lean.Meta.Tactic.Simp.BuiltinSimprocs.Util (442ms)
✔ [2869/4169] Built Lean.Meta.Tactic.Simp.BuiltinSimprocs.CtorIdx (406ms)
✔ [2870/4169] Built Lean.Meta.Tactic.Simp.BuiltinSimprocs.Util:c.o (155ms)
✔ [2871/4169] Built Lean.Meta.Tactic.Simp.BuiltinSimprocs.CtorIdx:c.o (318ms)
✔ [2872/4169] Built Lean.Meta.Tactic.Simp.Attr (771ms)
✔ [2873/4169] Built Lean.Meta.Tactic.Simp.BuiltinSimprocs.Core (912ms)
✔ [2874/4169] Built Lean.Elab.Tactic.BoolToPropSimps (340ms)
✔ [2875/4169] Built Lean.Parser.Term (4.4s)
✔ [2876/4169] Built Lean.Elab.Tactic.BoolToPropSimps:c.o (70ms)
✔ [2877/4169] Built Lean.Meta.Tactic.Simp.RegisterCommand (613ms)
✔ [2878/4169] Built Lean.Meta.Tactic.Grind.Util (1.4s)
✔ [2879/4169] Built Lean.Meta.Tactic.Simp.SimpTheorems:c.o (7.2s)
✔ [2880/4169] Built Lean.Elab.WhereFinally (452ms)
✔ [2881/4169] Built Lean.Meta.Tactic.NormCast (887ms)
✔ [2882/4169] Built Lean.Compiler.LCNF.Main:c.o (3.5s)
✔ [2883/4169] Built Lean.Parser.Tactic (582ms)
✔ [2884/4169] Built Lean.Elab.WhereFinally:c.o (132ms)
✔ [2885/4169] Built Lean.Elab.Command.Scope (518ms)
✔ [2886/4169] Built Lean.Meta.Tactic.Grind.AC.Var (351ms)
✔ [2887/4169] Built Lean.Elab.Command.Scope:c.o (89ms)
✔ [2888/4169] Built Lean.Meta.Tactic.Grind.AC.Var:c.o (75ms)
✔ [2889/4169] Built Lean.Meta.Tactic.Simp.RegisterCommand:c.o (551ms)
✔ [2890/4169] Built Lean.Parser.Tactic:c.o (376ms)
✔ [2891/4169] Built Lean.Elab.BindersUtil (926ms)
✔ [2892/4169] Built Lean.Meta.Tactic.Simp.Attr:c.o (1.4s)
✔ [2893/4169] Built Lean.Meta.Tactic.Simp.BuiltinSimprocs.Nat (1.7s)
✔ [2894/4169] Built Lean.Compiler.LCNF.ToLCNF:c.o (11s)
✔ [2895/4169] Built Lean.Elab.BindersUtil:c.o (507ms)
✔ [2896/4169] Built Lean.Elab.PreDefinition.TerminationHint (1.5s)
✔ [2897/4169] Built Lean.Meta.Tactic.Simp.BuiltinSimprocs.List (477ms)
✔ [2898/4169] Built Lake.Util.Binder (1.4s)
✔ [2899/4169] Built Lean.Meta.Tactic.Simp.BuiltinSimprocs.Array (694ms)
✔ [2900/4169] Built Lean.Parser.Do (1.7s)
✔ [2901/4169] Built Lean.Meta.Tactic.Simp.BuiltinSimprocs.List:c.o (261ms)
✔ [2902/4169] Built Lake.Util (370ms)
✔ [2903/4169] Built Lake.Util:c.o (104ms)
✔ [2904/4169] Built Lean.Meta.Tactic.NormCast:c.o (1.7s)
✔ [2905/4169] Built Lean.Meta.Tactic.Simp.BuiltinSimprocs.Core:c.o (2.5s)
✔ [2906/4169] Built Lake.Util.Binder:c.o (843ms)
✔ [2907/4169] Built Lean.Meta.Tactic.Simp.BuiltinSimprocs.Int (1.4s)
✔ [2908/4169] Built Lake.Util.OpaqueType (945ms)
✔ [2909/4169] Built Lean.Elab.PreDefinition.TerminationHint:c.o (1.0s)
✔ [2910/4169] Built Lean.Meta.Tactic.Simp.BuiltinSimprocs.Fin (1.6s)
✔ [2911/4169] Built Lean.Meta.Tactic.Simp.BuiltinSimprocs.Array:c.o (1.0s)
✔ [2912/4169] Built Lake.Config.Opaque (349ms)
✔ [2913/4169] Built Lake.Config.Opaque:c.o (75ms)
✔ [2914/4169] Built Lake.Config.Context (157ms)
✔ [2915/4169] Built Lake.Config.Context:c.o (87ms)
✔ [2916/4169] Built Lake.Config.Script (277ms)
✔ [2917/4169] Built Lake.Config.Script:c.o (94ms)
✔ [2918/4169] Built Lake.Build.Context (475ms)
✔ [2919/4169] Built Lean.Compiler.LCNF.Simp.ConstantFold:c.o (16s)
✔ [2920/4169] Built Lake.Build.Context:c.o (225ms)
✔ [2921/4169] Built Lean.Meta.Tactic.Simp.Rewrite (4.2s)
✔ [2922/4169] Built Lake.Util.OpaqueType:c.o (1.5s)
✔ [2923/4169] Built Lean.Meta.Tactic.Grind.MatchDiscrOnly (605ms)
✔ [2924/4169] Built Lean.Meta.Tactic.Simp.BuiltinSimprocs.UInt (3.5s)
✔ [2925/4169] Built Lean.Parser.Do:c.o (3.0s)
✔ [2926/4169] Built Lean.Parser.Command (3.2s)
✔ [2927/4169] Built Lean.Meta.Tactic.Simp.BuiltinSimprocs.BitVec (2.6s)
✔ [2928/4169] Built Lean.Meta.Tactic.Simp.BuiltinSimprocs.Char (914ms)
✔ [2929/4169] Built Lean.Elab.DeclarationRange (528ms)
✔ [2930/4169] Built Lean.Elab.DeclUtil (679ms)
✔ [2931/4169] Built Lean.Elab.DeclarationRange:c.o (202ms)
✔ [2932/4169] Built Lean.Meta.Tactic.Grind.Parser (836ms)
✔ [2933/4169] Built Lean.Elab.Util (1.1s)
✔ [2934/4169] Built Lean.Elab.DeclUtil:c.o (495ms)
✔ [2935/4169] Built Lean.Meta.Tactic.Simp.BuiltinSimprocs.String (671ms)
✔ [2936/4169] Built Lean.Parser.Module (1.2s)
✔ [2937/4169] Built Lean.Parser.Syntax (1.4s)
✔ [2938/4169] Built Lean.Meta.Tactic.Grind.MatchDiscrOnly:c.o (2.1s)
✔ [2939/4169] Built Lean.Compiler.LCNF.Specialize:c.o (12s)
✔ [2940/4169] Built Lean.Meta.Tactic.Grind.Parser:c.o (791ms)
✔ [2941/4169] Built Lean.Elab.Attributes (601ms)
✔ [2942/4169] Built Lean.Elab.Import (730ms)
✔ [2943/4169] Built Lean.Elab.ParseImportsFast (796ms)
✔ [2944/4169] Built Lean.Elab.Attributes:c.o (438ms)
✔ [2945/4169] Built Lean.Meta.Tactic.Grind.Util:c.o (6.9s)
✔ [2946/4169] Built Lean.Elab.Open (1.1s)
✔ [2947/4169] Built Lean.Server.Completion.ImportCompletion (1.0s)
✔ [2948/4169] Built Lean.Meta.Tactic.Simp.BuiltinSimprocs.SInt (4.0s)
✔ [2949/4169] Built Lean.Parser.Module:c.o (1.3s)
✔ [2950/4169] Built Lean.Parser (1.1s)
✔ [2951/4169] Built Lean.Elab.Import:c.o (616ms)
✔ [2952/4169] Built Lake.Config.Meta (2.6s)
✔ [2953/4169] Built Lean.Meta.Tactic.Simp.BuiltinSimprocs.String:c.o (1.6s)
✔ [2954/4169] Built Lean.Compiler.LCNF.Simp.Main:c.o (16s)
✔ [2955/4169] Built Lean.Meta.Tactic.Simp.Simproc:c.o (9.1s)
✔ [2956/4169] Built Lean.Elab.Mixfix (1.2s)
✔ [2957/4169] Built Lake.Config.WorkspaceConfig (458ms)
✔ [2958/4169] Built Lake.Config.InputFileConfig (538ms)
✔ [2959/4169] Built Lake.Config.WorkspaceConfig:c.o (155ms)
✔ [2960/4169] Built Lean.Elab.ParseImportsFast:c.o (1.3s)
✔ [2961/4169] Built Lake.Toml.ParserUtil (795ms)
✔ [2962/4169] Built Lean.Meta.Tactic.Simp.BuiltinSimprocs.Int:c.o (6.0s)
✔ [2963/4169] Built Lake.Config.InputFileConfig:c.o (296ms)
✔ [2964/4169] Built Lean.Meta.Tactic.Simp.BuiltinSimprocs.Char:c.o (3.1s)
✔ [2965/4169] Built Lean.Server.Completion.ImportCompletion:c.o (1.3s)
✔ [2966/4169] Built Lean.Parser.Syntax:c.o (2.3s)
✔ [2967/4169] Built Lean.Elab.Open:c.o (1.4s)
✔ [2968/4169] Built Lean.Elab.Util:c.o (2.6s)
✔ [2969/4169] Built Lake.Config.LeanConfig (1.1s)
✔ [2970/4169] Built Lean.Parser:c.o (1.6s)
✔ [2971/4169] Built Lake.Config.LeanLibConfig (682ms)
✔ [2972/4169] Built Lake.Config.LeanExeConfig (638ms)
✔ [2973/4169] Built Lake.Toml.ParserUtil:c.o (1.1s)
✔ [2974/4169] Built Lean.Meta.Tactic.Simp.BuiltinSimprocs.Nat:c.o (8.5s)
✔ [2975/4169] Built Lean.Elab.Mixfix:c.o (1.7s)
✔ [2976/4169] Built Lake.Toml.Grammar (1.3s)
✔ [2977/4169] Built Lake.Config.LeanExeConfig:c.o (635ms)
✔ [2978/4169] Built Lake.Config.PackageConfig (1.5s)
✔ [2979/4169] Built Lake.Config.LeanLibConfig:c.o (977ms)
✔ [2980/4169] Built Lake.Config.LeanConfig:c.o (1.8s)
✔ [2981/4169] Built Lake.Config.ConfigDecl (1.1s)
✔ [2982/4169] Built Lake.Toml.Grammar:c.o (1.2s)
✔ [2983/4169] Built Lake.Config.ConfigDecl:c.o (437ms)
✔ [2984/4169] Built Lean.Meta.Tactic.Simp.BuiltinSimprocs.Fin:c.o (8.4s)
✔ [2985/4169] Built Lake.Toml.Elab.Value (1.5s)
✔ [2986/4169] Built Lake.Config.Package (985ms)
✔ [2987/4169] Built Lake.Build.Info (420ms)
✔ [2988/4169] Built Lake.Config.ConfigTarget (454ms)
✔ [2989/4169] Built Lake.Config.Package:c.o (591ms)
✔ [2990/4169] Built Lake.Build.Info:c.o (126ms)
✔ [2991/4169] Built Lake.Config.ConfigTarget:c.o (176ms)
✔ [2992/4169] Built Lake.Config.ExternLib (502ms)
✔ [2993/4169] Built Lean.Parser.Command:c.o (7.6s)
✔ [2994/4169] Built Lake.Config.LeanLib (637ms)
✔ [2995/4169] Built Lake.Config.ExternLib:c.o (148ms)
✔ [2996/4169] Built Lake.Toml.Elab.Expression (1.6s)
✔ [2997/4169] Built Lake.Load.Materialize (1.1s)
✔ [2998/4169] Built Lean.Parser.Term:c.o (12s)
✔ [2999/4169] Built Lake.Config.InputFile (877ms)
✔ [3000/4169] Built Lake.Config.LeanLib:c.o (377ms)
✔ [3001/4169] Built Lake.Config.InputFile:c.o (98ms)
✔ [3002/4169] Built Lake.Toml.Elab (320ms)
✔ [3003/4169] Built Lake.Toml.Elab:c.o (68ms)
✔ [3004/4169] Built Lake.CLI.Translate.Toml (1.8s)
✔ [3005/4169] Built Lake.Config.Module (805ms)
✔ [3006/4169] Built Lake.Toml.Elab.Value:c.o (2.4s)
✔ [3007/4169] Built Lake.Toml.Load (490ms)
✔ [3008/4169] Built Lake.Toml (324ms)
✔ [3009/4169] Built Lake.Config.LeanExe (513ms)
✔ [3010/4169] Built Lake.Toml.Load:c.o (345ms)
✔ [3011/4169] Built Lake.Toml:c.o (74ms)
✔ [3012/4169] Built Lake.Config.LeanExe:c.o (471ms)
✔ [3013/4169] Built Lake.Config.Module:c.o (1.0s)
✔ [3014/4169] Built Lake.Config.PackageConfig:c.o (4.4s)
✔ [3015/4169] Built Lake.Load.Materialize:c.o (2.2s)
✔ [3016/4169] Built Lake.Build.Infos (936ms)
✔ [3017/4169] Built Lake.Build.Fetch (452ms)
✔ [3018/4169] Built Lake.Build.Infos:c.o (558ms)
✔ [3019/4169] Built Lake.Build.Fetch:c.o (284ms)
✔ [3020/4169] Built Lake.Config.FacetConfig (526ms)
✔ [3021/4169] Built Lake.Config.TargetConfig (547ms)
✔ [3022/4169] Built Lake.Build.Job.Register (615ms)
✔ [3023/4169] Built Lake.Config.FacetConfig:c.o (186ms)
✔ [3024/4169] Built Lake.Config.TargetConfig:c.o (223ms)
✔ [3025/4169] Built Lake.Toml.Elab.Expression:c.o (3.5s)
✔ [3026/4169] Built Lean.Meta.Tactic.Simp.Types:c.o (19s)
✔ [3027/4169] Built Lean.Meta.Coe:c.o (34s)
✔ [3028/4169] Built Lake.Build.Job.Register:c.o (555ms)
✔ [3029/4169] Built Lake.Build.Job.Monad (1.4s)
✔ [3030/4169] Built Lake.Load.Toml (3.2s)
✔ [3031/4169] Built Lake.Config.Workspace (958ms)
✔ [3032/4169] Built Lake.Build.Job (320ms)
✔ [3033/4169] Built Lake.Build.Job:c.o (70ms)
✔ [3034/4169] Built Lake.Config.Monad (877ms)
✔ [3035/4169] Built Lake.Load.Lean.Eval (1.1s)
✔ [3036/4169] Built Lake.Config (317ms)
✔ [3037/4169] Built Lake.Config:c.o (95ms)
✔ [3038/4169] Built Lean.Meta.ExprDefEq:c.o (31s)
✔ [3039/4169] Built Lake.Config.Workspace:c.o (1.5s)
✔ [3040/4169] Built Lake.Build.Index (818ms)
✔ [3041/4169] Built Lake.Config.Monad:c.o (914ms)
✔ [3042/4169] Built Lake.CLI.Build (914ms)
✔ [3043/4169] Built Lake.Build.Targets (1.0s)
✔ [3044/4169] Built Lake.Build.Job.Monad:c.o (2.3s)
✔ [3045/4169] Built Lake.Build.Target.Fetch (1.7s)
✔ [3046/4169] Built Lake.Build.Index:c.o (874ms)
✔ [3047/4169] Built Lake.Build.Targets:c.o (681ms)
✔ [3048/4169] Built Lake.Config.Meta:c.o (12s)
✔ [3049/4169] Built Lake.Build.Target (310ms)
✔ [3050/4169] Built Lake.Build.Target:c.o (66ms)
✔ [3051/4169] Built Lake.Build.Run (1.6s)
✔ [3052/4169] Built Lake.Load.Lean.Eval:c.o (2.2s)
✔ [3053/4169] Built Lean.Meta.Tactic.Simp.Rewrite:c.o (16s)
✔ [3054/4169] Built Lake.CLI.Build:c.o (1.8s)
✔ [3055/4169] Built Lean.PrettyPrinter.Delaborator.Builtins (15s)
✔ [3056/4169] Built Lake.Build.Target.Fetch:c.o (1.5s)
✔ [3057/4169] Built Lean.PrettyPrinter.Delaborator (289ms)
✔ [3058/4169] Built Lean.PrettyPrinter.Delaborator:c.o (70ms)
✔ [3059/4169] Built Lake.Build.Run:c.o (1.4s)
✔ [3060/4169] Built Lean.PrettyPrinter (696ms)
✔ [3061/4169] Built Lake.CLI.Translate.Toml:c.o (8.8s)
✔ [3062/4169] Built Lean.Meta.Tactic.Simp.BuiltinSimprocs.UInt:c.o (17s)
✔ [3063/4169] Built Lean.Meta.Diagnostics (782ms)
✔ [3064/4169] Built Lean.Meta.TryThis (754ms)
✔ [3065/4169] Built Lean.Elab.PreDefinition.MkInhabitant (1.2s)
✔ [3066/4169] Built Lean.PrettyPrinter:c.o (1.3s)
✔ [3067/4169] Built Lean.Meta.TryThis:c.o (537ms)
✔ [3068/4169] Built Lean.Meta.Tactic.Apply (1.4s)
✔ [3069/4169] Built Lean.Meta.Tactic.Simp.Diagnostics (723ms)
✔ [3070/4169] Built Lean.Server.InfoUtils (1.7s)
✔ [3071/4169] Built Lean.Meta.Tactic.Refl (500ms)
✔ [3072/4169] Built Lean.Meta.Tactic.Constructor (526ms)
✔ [3073/4169] Built Lean.Meta.Hint (1.3s)
✔ [3074/4169] Built Lean.Linter.Util (414ms)
✔ [3075/4169] Built Lean.Widget.Basic (415ms)
✔ [3076/4169] Built Lean.Widget.Basic:c.o (90ms)
✔ [3077/4169] Built Lean.Meta.Tactic.Rewrite (809ms)
✔ [3078/4169] Built Lean.Elab.PreDefinition.MkInhabitant:c.o (992ms)
✔ [3079/4169] Built Lean.Linter.Util:c.o (170ms)
✔ [3080/4169] Built Lean.Server.Utils (636ms)
✔ [3081/4169] Built Lean.Elab.AutoBound (470ms)
✔ [3082/4169] Built Lean.Meta.Tactic.Congr (726ms)
✔ [3083/4169] Built Lean.Meta.Diagnostics:c.o (1.8s)
✔ [3084/4169] Built Lean.Meta.Tactic.Refl:c.o (896ms)
✔ [3085/4169] Built Lean.Widget.InteractiveCode (654ms)
✔ [3086/4169] Built Lean.Elab.AutoBound:c.o (300ms)
✔ [3087/4169] Built Lean.Meta.Tactic.Constructor:c.o (1.1s)
✔ [3088/4169] Built Lean.Server.Utils:c.o (618ms)
✔ [3089/4169] Built Lean.Server.FileWorker.SignatureHelp (1.3s)
✔ [3090/4169] Built Lean.Server.FileWorker.SetupFile (641ms)
✔ [3091/4169] Built Lean.Server.Completion.SyntheticCompletion (1.4s)
✔ [3092/4169] Built Lean.Meta.Tactic.Simp.Diagnostics:c.o (1.7s)
✔ [3093/4169] Built Lean.Elab.StructInstHint (1.1s)
✔ [3094/4169] Built Lean.Elab.Level (695ms)
✔ [3095/4169] Built Lean.Widget.InteractiveCode:c.o (731ms)
✔ [3096/4169] Built Lean.Server.FileWorker.SetupFile:c.o (469ms)
✔ [3097/4169] Built Std.Tactic.BVDecide.Bitblast.BVExpr.Circuit.Lemmas.Expr (33s)
✔ [3098/4169] Built Lean.Server.Completion.CompletionInfoSelection (633ms)
✔ [3099/4169] Built Lean.Server.GoTo (1.5s)
✔ [3100/4169] Built Lean.Meta.Tactic.Rewrite:c.o (1.8s)
✔ [3101/4169] Built Lean.Server.FileWorker.SignatureHelp:c.o (1.0s)
✔ [3102/4169] Built Std.Tactic.BVDecide.Bitblast.BVExpr.Circuit.Lemmas.Expr:c.o (382ms)
✔ [3103/4169] Built Std.Tactic.BVDecide.Bitblast.BVExpr.Circuit.Lemmas.Pred (503ms)
✔ [3104/4169] Built Lean.Meta.Tactic.Congr:c.o (1.5s)
✔ [3105/4169] Built Std.Tactic.BVDecide.Bitblast.BVExpr.Circuit.Lemmas.Pred:c.o (95ms)
✔ [3106/4169] Built Lean.Elab.Level:c.o (1.0s)
✔ [3107/4169] Built Lean.Meta.Tactic.Simp.BuiltinSimprocs.BitVec:c.o (21s)
✔ [3108/4169] Built Lean.Elab.StructInstHint:c.o (1.2s)
✔ [3109/4169] Built Lean.Server.Completion.CompletionResolution (551ms)
✔ [3110/4169] Built Lean.Server.Completion.SyntheticCompletion:c.o (1.2s)
✔ [3111/4169] Built Lean.Server.Completion.CompletionInfoSelection:c.o (645ms)
✔ [3112/4169] Built Lean.Widget.InteractiveGoal (1.8s)
✔ [3113/4169] Built Lean.Server.References (2.3s)
✔ [3114/4169] Built Lean.Server.Completion.CompletionResolution:c.o (439ms)
✔ [3115/4169] Built Std.Tactic.BVDecide.Bitblast.BVExpr.Circuit.Lemmas (655ms)
✔ [3116/4169] Built Std.Tactic.BVDecide.Bitblast.BVExpr.Circuit.Lemmas:c.o (75ms)
✔ [3117/4169] Built Std.Tactic.BVDecide.Bitblast.BVExpr.Circuit (274ms)
✔ [3118/4169] Built Std.Tactic.BVDecide.Bitblast.BVExpr.Circuit:c.o (68ms)
✔ [3119/4169] Built Std.Tactic.BVDecide.Bitblast.BVExpr (283ms)
✔ [3120/4169] Built Lean.Server.InfoUtils:c.o (3.7s)
✔ [3121/4169] Built Std.Tactic.BVDecide.Bitblast.BVExpr:c.o (69ms)
✔ [3122/4169] Built Lean.Meta.Tactic.Apply:c.o (4.2s)
✔ [3123/4169] Built Std.Tactic.BVDecide.Bitblast (269ms)
✔ [3124/4169] Built Std.Tactic.BVDecide.Bitblast:c.o (69ms)
✔ [3125/4169] Built Lean.Widget.Diff (1.0s)
✔ [3126/4169] Built Std.Tactic.BVDecide.Reflect (564ms)
✔ [3127/4169] Built Lake.Build.Common (8.9s)
✔ [3128/4169] Built Std.Tactic.BVDecide (313ms)
✔ [3129/4169] Built Std.Tactic.BVDecide:c.o (76ms)
✔ [3130/4169] Built Std.Tactic.BVDecide.Reflect:c.o (422ms)
✔ [3131/4169] Built Lean.Meta.Hint:c.o (4.6s)
✔ [3132/4169] Built Lean.Elab.Tactic.BVDecide.Frontend.BVDecide.ReifiedBVExpr (552ms)
✔ [3133/4169] Built Std.Tactic (354ms)
✔ [3134/4169] Built Lake.Build.InputFile (482ms)
✔ [3135/4169] Built Std.Tactic:c.o (70ms)
✔ [3136/4169] Built Lean.Server.GoTo:c.o (3.1s)
✔ [3137/4169] Built Lean.Elab.Tactic.BVDecide.Frontend.BVDecide.ReifiedBVExpr:c.o (425ms)
✔ [3138/4169] Built Lake.Build.ExternLib (830ms)
✔ [3139/4169] Built Std (430ms)
✔ [3140/4169] Built Lean.Elab.Tactic.BVDecide.Frontend.BVDecide.ReifiedBVPred (500ms)
✔ [3141/4169] Built Std:c.o (75ms)
✔ [3142/4169] Built Lean.Meta.Tactic.Simp.Main (6.1s)
✔ [3143/4169] Built Lake.Build.InputFile:c.o (782ms)
✔ [3144/4169] Built Std:static (329ms)
✔ [3145/4169] Built Lean.Compiler.IR.EmitLLVM:c.o (34s)
✔ [3146/4169] Built Std:static (358ms)
✔ [3148/4169] Built Lean.Elab.Tactic.BVDecide.Frontend.BVDecide.ReifiedBVLogical (550ms)
✔ [3149/4169] Built Lean.Elab.Tactic.BVDecide.Frontend.BVDecide.ReifiedBVPred:c.o (666ms)
✔ [3150/4169] Built Lake.Build.Executable (1.5s)
✔ [3151/4169] Built Lean.Meta.Tactic.Simp.BuiltinSimprocs.SInt:c.o (22s)
✔ [3152/4169] Built Lake.Build.Library (1.7s)
✔ [3153/4169] Built Lean.Meta.Tactic.Acyclic (631ms)
✔ [3154/4169] Built Lake.Build.Package (1.8s)
✔ [3155/4169] Built Lean.Meta.Tactic.Unfold (700ms)
✔ [3156/4169] Built Lake.Build.ExternLib:c.o (1.1s)
✔ [3157/4169] Built Lean.Elab.Tactic.BVDecide.Frontend.BVDecide.ReifiedLemmas (610ms)
✔ [3158/4169] Built Lean.Meta.Tactic.Simp.SimpAll (1.1s)
✔ [3159/4169] Built Lean.Elab.Tactic.BVDecide.Frontend.BVDecide.ReifiedBVLogical:c.o (899ms)
✔ [3160/4169] Built Lean.Meta.MethodSpecs (1.6s)
✔ [3161/4169] Built Lean.Meta.Tactic.Unfold:c.o (860ms)
✔ [3162/4169] Built Lean.Elab.Tactic.BVDecide.Frontend.BVDecide.ReifiedLemmas:c.o (771ms)
✔ [3163/4169] Built Lean.Meta.Tactic.Acyclic:c.o (1.3s)
✔ [3164/4169] Built Lean.Meta.Tactic.Cases (1.4s)
✔ [3165/4169] Built Lean.Widget.InteractiveGoal:c.o (4.0s)
✔ [3166/4169] Built Lean.Elab.Term.TermElabM (6.5s)
✔ [3167/4169] Built Lean.Meta.Tactic.Simp.BuiltinSimprocs.MethodSpecs (614ms)
✔ [3168/4169] Built Lean.Widget.Diff:c.o (4.1s)
✔ [3169/4169] Built Lean.Meta.Tactic.Simp.BuiltinSimprocs (381ms)
✔ [3170/4169] Built Lean.Meta.Tactic.Simp.BuiltinSimprocs:c.o (86ms)
✔ [3171/4169] Built Lean.Meta.CtorIdxHInj (663ms)
✔ [3172/4169] Built Lean.Elab.Tactic.BVDecide.Frontend.BVDecide.Reify (2.1s)
✔ [3173/4169] Built Lean.Meta.Tactic.Simp.BuiltinSimprocs.MethodSpecs:c.o (844ms)
✔ [3174/4169] Built Lean.Meta.Tactic.Simp (472ms)
✔ [3175/4169] Built Lean.Meta.Tactic.Grind.Cases (974ms)
✔ [3176/4169] Built Lake.Build.Executable:c.o (2.7s)
✔ [3177/4169] Built Lean.Meta.Tactic.Simp:c.o (161ms)
✔ [3178/4169] Built Lean.Meta.Constructions.BRecOn (1.4s)
✔ [3179/4169] Built Lean.Elab.Tactic.TreeTacAttr (424ms)
✔ [3180/4169] Built Lean.Elab.Tactic.BVDecide.Frontend.BVDecide.SatAtBVLogical (586ms)
✔ [3181/4169] Built Lean.Elab.Tactic.TreeTacAttr:c.o (75ms)
✔ [3182/4169] Built Lean.Elab.Tactic.BVDecide.Frontend.Normalize.ApplyControlFlow (686ms)
✔ [3183/4169] Built Lean.Meta.Tactic.Contradiction (1.8s)
✔ [3184/4169] Built Lean.Meta.Tactic.SplitIf (1.8s)
✔ [3185/4169] Built Lake.Build.Package:c.o (3.2s)
✔ [3186/4169] Built Lean.Meta.CtorIdxHInj:c.o (1.4s)
✔ [3187/4169] Built Lean.Elab.Tactic.BVDecide.Frontend.BVDecide.SatAtBVLogical:c.o (647ms)
✔ [3188/4169] Built Lean.Elab.Tactic.BVDecide.Frontend.Normalize.ApplyControlFlow:c.o (471ms)
✔ [3189/4169] Built Lean.Elab.Tactic.Do.Attr (1.3s)
✔ [3190/4169] Built Lake.Build.Library:c.o (3.7s)
✔ [3191/4169] Built Lean.Meta.Tactic.CasesOnStuckLHS (563ms)
✔ [3192/4169] Built Lean.Elab.Tactic.Do.LetElim (1.4s)
✔ [3193/4169] Built Lean.Meta.Match.SimpH (981ms)
✔ [3194/4169] Built Lean.Meta.Tactic.CasesOnStuckLHS:c.o (454ms)
✔ [3195/4169] Built Lean.Meta.Match.SolveOverlap (1.2s)
✔ [3196/4169] Built Lean.Meta.Tactic.Grind.Cases:c.o (2.5s)
✔ [3197/4169] Built Lean.Meta.Tactic.Split (2.1s)
✔ [3198/4169] Built Lean.Meta.Injective (4.0s)
✔ [3199/4169] Built Lean.Server.References:c.o (9.1s)
✔ [3200/4169] Built Lean.Meta.MethodSpecs:c.o (5.6s)
✔ [3201/4169] Built Lean.Meta.Tactic.Simp.SimpAll:c.o (6.5s)
✔ [3202/4169] Built Lean.Meta.Match.MatcherApp.Transform (1.9s)
✔ [3203/4169] Built Lean.Meta.Match.SimpH:c.o (3.3s)
✔ [3204/4169] Built Lean.Meta.Match.MatcherApp (322ms)
✔ [3205/4169] Built Lean.Meta.Match.MatcherApp:c.o (66ms)
✔ [3206/4169] Built Lean.Elab.Tactic.Do.Attr:c.o (3.9s)
✔ [3207/4169] Built Lake.Build.Common:c.o (9.7s)
✔ [3208/4169] Built Lean.Elab.Tactic.Do.LetElim:c.o (4.2s)
✔ [3209/4169] Built Lean.Elab.Tactic.BVDecide.Frontend.BVDecide.Reify:c.o (5.0s)
✔ [3210/4169] Built Lean.Meta.Tactic.Cases:c.o (7.4s)
✔ [3211/4169] Built Lean.Meta.Match.Match (4.9s)
✔ [3212/4169] Built Lean.Elab.PreDefinition.EqnsUtils (469ms)
✔ [3213/4169] Built Lean.Meta.Tactic.SplitIf:c.o (6.6s)
✔ [3214/4169] Built Lean.Elab.PreDefinition.EqnsUtils:c.o (643ms)
✔ [3215/4169] Built Lean.Meta.Match.MatchEqs (1.8s)
✔ [3216/4169] Built Lean.Meta.Match (331ms)
✔ [3217/4169] Built Lean.Meta.Match:c.o (85ms)
✔ [3218/4169] Built Lean.Elab.PreDefinition.Eqns (1.9s)
✔ [3219/4169] Built Lean.Meta.Match.SolveOverlap:c.o (7.3s)
✔ [3220/4169] Built Lake.Build.Module (13s)
✔ [3221/4169] Built Lean.Meta.Injective:c.o (6.8s)
✔ [3222/4169] Built Lake.Build.InitFacets (393ms)
✔ [3223/4169] Built Lake.CLI.Actions (610ms)
✔ [3224/4169] Built Lake.Build (338ms)
✔ [3225/4169] Built Lake.Build:c.o (86ms)
✔ [3226/4169] Built Lake.Build.InitFacets:c.o (597ms)
✔ [3227/4169] Built Lean.Elab.DocString (11s)
✔ [3228/4169] Built Lake.CLI.Actions:c.o (947ms)
✔ [3229/4169] Built Lean.PrettyPrinter.Delaborator.Builtins:c.o (22s)
✔ [3230/4169] Built Lean.Elab.DocString.Builtin.Parsing (728ms)
✔ [3231/4169] Built Lean.Elab.DocString.Builtin.Scopes (583ms)
✔ [3232/4169] Built Lean.Elab.DocString.Builtin.Postponed (1.3s)
✔ [3233/4169] Built Lean.DocString.Add (1.4s)
✔ [3234/4169] Built Lean.Elab.DocString.Builtin.Parsing:c.o (702ms)
✔ [3235/4169] Built Lean.Elab.DocString.Builtin.Scopes:c.o (703ms)
✔ [3236/4169] Built Lean.Elab.InheritDoc (681ms)
✔ [3237/4169] Built Lean.Elab.DeclModifiers (1.5s)
✔ [3238/4169] Built Lean.Meta.Tactic.Split:c.o (10s)
✔ [3239/4169] Built Lean.Elab.InheritDoc:c.o (1.2s)
✔ [3240/4169] Built Lean.Elab.Term (614ms)
✔ [3241/4169] Built Lean.Elab.DocString.Builtin.Postponed:c.o (2.2s)
✔ [3242/4169] Built Lean.Elab.MatchAltView (479ms)
✔ [3243/4169] Built Lean.Elab.Term:c.o (529ms)
✔ [3244/4169] Built Lean.Elab.Arg (616ms)
✔ [3245/4169] Built Lean.Elab.MatchAltView:c.o (71ms)
✔ [3246/4169] Built Lean.Elab.Arg:c.o (394ms)
✔ [3247/4169] Built Lean.Elab.Quotation.Util (930ms)
✔ [3248/4169] Built Lean.IdentifierSuggestion (1.9s)
✔ [3249/4169] Built Lean.Meta.Tactic.SolveByElim (1.4s)
✔ [3250/4169] Built Lean.Elab.Quotation.Util:c.o (694ms)
✔ [3251/4169] Built Lean.Elab.MatchExpr (1.7s)
✔ [3252/4169] Built Lean.Elab.DeclModifiers:c.o (2.7s)
✔ [3253/4169] Built Lean.DocString.Add:c.o (4.3s)
✔ [3254/4169] Built Lean.Elab.Quotation.Precheck (1.6s)
✔ [3255/4169] Built Lean.IdentifierSuggestion:c.o (1.7s)
✔ [3256/4169] Built Lean.Meta.Constructions.BRecOn:c.o (17s)
✔ [3257/4169] Built Lean.Elab.Tactic.Basic (4.4s)
✔ [3258/4169] Built Lake.Load.Toml:c.o (34s)
✔ [3259/4169] Built Lean.Meta.IndPredBelow (3.4s)
✔ [3260/4169] Built Lean.Elab.Tactic.ExposeNames (453ms)
✔ [3261/4169] Built Lean.Elab.Tactic.ExposeNames:c.o (128ms)
✔ [3262/4169] Built Lean.Elab.PreDefinition.WF.Basic (637ms)
✔ [3263/4169] Built Lean.Elab.Tactic.Congr (682ms)
✔ [3264/4169] Built Lean.Elab.Tactic.Repeat (700ms)
✔ [3265/4169] Built Lean.Elab.Tactic.Classical (656ms)
✔ [3266/4169] Built Lean.Meta.Tactic.Contradiction:c.o (18s)
✔ [3267/4169] Built Lean.Elab.Quotation.Precheck:c.o (2.7s)
✔ [3268/4169] Built Lean.Meta.Tactic.SolveByElim:c.o (3.8s)
✔ [3269/4169] Built Lean.Elab.PreDefinition.WF.Basic:c.o (176ms)
✔ [3270/4169] Built Lean.Elab.Tactic.FalseOrByContra (782ms)
✔ [3271/4169] Built Lean.Elab.Task (764ms)
✔ [3272/4169] Built Lean.Elab.Tactic.Congr:c.o (193ms)
✔ [3273/4169] Built Lean.Elab.PatternVar (4.8s)
✔ [3274/4169] Built Lean.Meta.Tactic.Rfl (1.1s)
✔ [3275/4169] Built Lean.Elab.Task:c.o (495ms)
✔ [3276/4169] Built Lean.Elab.Tactic.Do.ProofMode.MGoal (1.4s)
✔ [3277/4169] Built Lean.Elab.MatchExpr:c.o (4.0s)
✔ [3278/4169] Built Lean.Elab.Tactic.Rfl (451ms)
✔ [3279/4169] Built Lean.Meta.Match.MatchEqs:c.o (11s)
✔ [3280/4169] Built Lean.Meta.MkIffOfInductiveProp (1.8s)
✔ [3281/4169] Built Lean.Elab.Tactic.Rfl:c.o (174ms)
✔ [3282/4169] Built Lean.Server.Test.Cancel (1.8s)
✔ [3283/4169] Built Lean.Elab.Tactic.Monotonicity (1.9s)
✔ [3284/4169] Built Lean.Elab.Tactic.Repeat:c.o (1.1s)
✔ [3285/4169] Built Lean.Elab.Tactic.Classical:c.o (1.3s)
✔ [3286/4169] Built Lean.Elab.Tactic.FalseOrByContra:c.o (1.2s)
✔ [3287/4169] Built Lean.Elab.Tactic.Do.ProofMode.Focus (572ms)
✔ [3288/4169] Built Lean.Elab.PreDefinition.EqUnfold (801ms)
✔ [3289/4169] Built Lean.Elab.Tactic.Do.ProofMode.LeftRight (658ms)
✔ [3290/4169] Built Lean.Elab.Tactic.Do.ProofMode.Constructor (686ms)
✔ [3291/4169] Built Lean.Elab.Tactic.Do.ProofMode.Basic (734ms)
✔ [3292/4169] Built Lean.Elab.PreDefinition.Eqns:c.o (11s)
✔ [3293/4169] Built Lean.Elab.Tactic.Do.ProofMode.Delab (1.1s)
✔ [3294/4169] Built Lean.Elab.Tactic.Do.ProofMode.Focus:c.o (517ms)
✔ [3295/4169] Built Lean.Elab.Term.TermElabM:c.o (22s)
✔ [3296/4169] Built Lean.Elab.Parallel (1.9s)
✔ [3297/4169] Built Lean.Elab.Tactic.Do.ProofMode.Clear (601ms)
✔ [3298/4169] Built Lean.Elab.Tactic.Do.ProofMode.RenameI (580ms)
✔ [3299/4169] Built Lean.Elab.Tactic.Do.ProofMode.Frame (809ms)
✔ [3300/4169] Built Lean.Elab.Tactic.Do.ProofMode.LeftRight:c.o (723ms)
✔ [3301/4169] Built Lean.Elab.Tactic.Do.ProofMode.Constructor:c.o (748ms)
✔ [3302/4169] Built Lean.Elab.Tactic.Do.ProofMode.Exfalso (621ms)
✔ [3303/4169] Built Lean.Elab.Tactic.Do.ProofMode.Revert (977ms)
✔ [3304/4169] Built Lean.Elab.SyntheticMVars (3.2s)
✔ [3305/4169] Built Lean.Elab.Tactic.Do.ProofMode.Basic:c.o (1.1s)
✔ [3306/4169] Built Lean.Elab.Tactic.Do.ProofMode.Clear:c.o (572ms)
✔ [3307/4169] Built Lean.Elab.Tactic.Do.ProofMode.RenameI:c.o (487ms)
✔ [3308/4169] Built Lean.Elab.Tactic.Do.ProofMode.MGoal:c.o (1.9s)
✔ [3309/4169] Built Lean.Elab.Tactic.Do.ProofMode.Exfalso:c.o (529ms)
✔ [3310/4169] Built Lean.Elab.PreDefinition.EqUnfold:c.o (1.4s)
✔ [3311/4169] Built Lean.Elab.Tactic.Do.ProofMode.Intro (1.2s)
✔ [3312/4169] Built Lean.Elab.Tactic.Do.ProofMode.Delab:c.o (1.0s)
✔ [3313/4169] Built Lean.Server.Test.Cancel:c.o (1.8s)
✔ [3314/4169] Built Lean.Elab.Eval (537ms)
✔ [3315/4169] Built Lean.Elab.Tactic.Meta (560ms)
✔ [3316/4169] Built Lean.Elab.Eval:c.o (343ms)
✔ [3317/4169] Built Lean.Elab.Tactic.AsAuxLemma (543ms)
✔ [3318/4169] Built Lean.Elab.Tactic.Do.VCGen.SuggestInvariant (3.3s)
✔ [3319/4169] Built Lean.Meta.Tactic.Rfl:c.o (3.7s)
✔ [3320/4169] Built Lean.Elab.Tactic.AsAuxLemma:c.o (486ms)
✔ [3321/4169] Built Lean.Elab.Tactic.Do.ProofMode.Pure (1.1s)
✔ [3322/4169] Built Lean.Elab.Tactic.Meta:c.o (1.2s)
✔ [3323/4169] Built Lean.Elab.Tactic.Do.ProofMode.Frame:c.o (2.5s)
✔ [3324/4169] Built Lake.Build.Module:c.o (14s)
✔ [3325/4169] Built Lean.Elab.Parallel:c.o (3.4s)
✔ [3326/4169] Built Lean.Elab.Tactic.Do.ProofMode.Cases (1.2s)
✔ [3327/4169] Built Lean.Meta.Tactic.Simp.Main:c.o (27s)
✔ [3328/4169] Built Lean.Elab.Tactic.Do.ProofMode.Intro:c.o (2.9s)
✔ [3329/4169] Built Lean.Elab.Tactic.Monotonicity:c.o (4.6s)
✔ [3330/4169] Built Lean.Elab.Tactic.Do.ProofMode.Revert:c.o (3.7s)
✔ [3331/4169] Built Lean.Elab.BuiltinTerm (3.2s)
✔ [3332/4169] Built Lean.Elab.Tactic.Do.ProofMode.Pure:c.o (2.1s)
✔ [3333/4169] Built Lean.Meta.MkIffOfInductiveProp:c.o (5.8s)
✔ [3334/4169] Built Lean.Elab.PatternVar:c.o (7.4s)
✔ [3335/4169] Built Lean.Meta.Match.MatcherApp.Transform:c.o (24s)
✔ [3336/4169] Built Lean.Meta.Match.Match:c.o (22s)
✔ [3337/4169] Built Lean.Elab.Match (7.6s)
✔ [3338/4169] Built Lean.Elab.Tactic.Do.ProofMode.Cases:c.o (5.4s)
✔ [3339/4169] Built Lean.Meta.IndPredBelow:c.o (13s)
✔ [3340/4169] Built Lean.Elab.Binders (6.5s)
✔ [3341/4169] Built Lean.Elab.BuiltinTerm:c.o (10s)
✔ [3342/4169] Built Lean.Elab.Tactic.RenameInaccessibles (900ms)
✔ [3343/4169] Built Lean.Elab.Tactic.Basic:c.o (18s)
✔ [3344/4169] Built Lean.Elab.PreDefinition.TerminationMeasure (1.6s)
✔ [3345/4169] Built Lean.Elab.SyntheticMVars:c.o (16s)
✔ [3346/4169] Built Lean.Elab.PreDefinition.TerminationMeasure:c.o (1.1s)
✔ [3347/4169] Built Lean.Elab.Do.Basic (3.2s)
✔ [3348/4169] Built Lean.Elab.Command (3.3s)
✔ [3349/4169] Built Lean.Elab.Tactic.RenameInaccessibles:c.o (2.7s)
✔ [3350/4169] Built Lean.Elab.GenInjective (611ms)
✔ [3351/4169] Built Lean.Elab.Command.WithWeakNamespace (566ms)
✔ [3352/4169] Built Lean.Elab.Tactic.Do.VCGen.SuggestInvariant:c.o (16s)
✔ [3353/4169] Built Lean.Util.TestExtern (711ms)
✔ [3354/4169] Built Lean.Linter.Sets (680ms)
✔ [3355/4169] Built Lean.Elab.Tactic.Grind.Annotated (752ms)
✔ [3356/4169] Built Lean.Elab.GenInjective:c.o (127ms)
✔ [3357/4169] Built Lean.Util.Reprove (784ms)
✔ [3358/4169] Built Lean.Language.Lean.Types (901ms)
✔ [3359/4169] Built Lean.Elab.Command.WithWeakNamespace:c.o (331ms)
✔ [3360/4169] Built Lean.Elab.Time (844ms)
✔ [3361/4169] Built Lean.Elab.InfoTrees (880ms)
✔ [3362/4169] Built Lean.Linter.Omit (918ms)
✔ [3363/4169] Built Lean.Linter.Coe (920ms)
✔ [3364/4169] Built Lean.Elab.Tactic.Simproc (957ms)
✔ [3365/4169] Built Lean.Elab.RecommendedSpelling (1.1s)
✔ [3366/4169] Built Lean.Linter.DocsOnAlt (1.1s)
✔ [3367/4169] Built Lean.Linter.Sets:c.o (448ms)
✔ [3368/4169] Built Lean.Language.Lean.Types:c.o (240ms)
✔ [3369/4169] Built Lean.Elab.Tactic.Grind.Annotated:c.o (455ms)
✔ [3370/4169] Built Lean.Elab.Time:c.o (386ms)
✔ [3371/4169] Built Lean.Util.TestExtern:c.o (473ms)
✔ [3372/4169] Built Lean.Elab.AuxDef (1.3s)
✔ [3373/4169] Built Lean.Util.Reprove:c.o (481ms)
✔ [3374/4169] Built Lean.Util (441ms)
✔ [3375/4169] Built Lean.Linter.ConstructorAsVariable (1.3s)
✔ [3376/4169] Built Lean.Elab.Tactic.DiscrTreeKey (1.3s)
✔ [3377/4169] Built Lean.Util:c.o (97ms)
✔ [3378/4169] Built Lean.Linter.Omit:c.o (446ms)
✔ [3379/4169] Built Lean.Elab.Do.Legacy (21s)
✔ [3380/4169] Built Lean.Elab.AuxDef:c.o (467ms)
✔ [3381/4169] Built Lean.Elab.Tactic.ConfigSetter (1.8s)
✔ [3382/4169] Built Lean.Elab.Tactic.Doc (1.8s)
✔ [3383/4169] Built Lean.Elab.InfoTrees:c.o (908ms)
✔ [3384/4169] Built Lean.Linter.Builtin (1.7s)
✔ [3385/4169] Built Lean.Linter.List (1.7s)
✔ [3386/4169] Built Lake.DSL.DeclUtil (1.8s)
✔ [3387/4169] Built Lean.Elab.Tactic.Simproc:c.o (896ms)
✔ [3388/4169] Built Lean.Elab.RecommendedSpelling:c.o (973ms)
✔ [3389/4169] Built Lean.Linter.MissingDocs (2.2s)
✔ [3390/4169] Built Lean.Linter.DocsOnAlt:c.o (1.1s)
✔ [3391/4169] Built Lean.Elab.Do.Switch (578ms)
✔ [3392/4169] Built Lean.Elab.Print (2.3s)
✔ [3393/4169] Built Lean.Linter.Coe:c.o (1.5s)
✔ [3394/4169] Built Lean.Elab.Do.Switch:c.o (434ms)
✔ [3395/4169] Built Lean.Elab.Do (420ms)
✔ [3396/4169] Built Lean.Linter.Builtin:c.o (961ms)
✔ [3397/4169] Built Lake.DSL.Syntax (878ms)
✔ [3398/4169] Built Lean.Elab.Do:c.o (70ms)
✔ [3399/4169] Built Lean.LibrarySuggestions.Basic (2.0s)
✔ [3400/4169] Built Lean.Elab.DeclNameGen (2.9s)
✔ [3401/4169] Built Lean.Elab.Tactic.DiscrTreeKey:c.o (1.5s)
✔ [3402/4169] Built Lean.Linter.ConstructorAsVariable:c.o (1.8s)
✔ [3403/4169] Built Lake.DSL.Syntax:c.o (465ms)
✔ [3404/4169] Built Lean.Language.Lean (2.4s)
✔ [3405/4169] Built Lean.Linter.UnusedVariables (3.4s)
✔ [3406/4169] Built Lean.Server.FileWorker.ExampleHover (706ms)
✔ [3407/4169] Built Lean.LibrarySuggestions.SymbolFrequency (797ms)
✔ [3408/4169] Built Lake.DSL.VerLit (805ms)
✔ [3409/4169] Built Lean.Elab.BuiltinNotation (6.9s)
✔ [3410/4169] Built Lake.DSL.Config (938ms)
✔ [3411/4169] Built Lake.DSL.Key (982ms)
✔ [3412/4169] Built Lake.DSL.DeclUtil:c.o (2.0s)
✔ [3413/4169] Built Lean.Elab.DocString:c.o (32s)
✔ [3414/4169] Built Lean.Server.FileWorker.ExampleHover:c.o (772ms)
✔ [3415/4169] Built Lake.DSL.VerLit:c.o (681ms)
✔ [3416/4169] Built Lean.Elab.Tactic.Config (2.1s)
✔ [3417/4169] Built Lean.Elab.Frontend (1.0s)
✔ [3418/4169] Built Lake.DSL.Key:c.o (633ms)
✔ [3419/4169] Built Lake.DSL.Require (1.6s)
✔ [3420/4169] Built Lean.Elab.DefView (1.5s)
✔ [3421/4169] Built Lean.Server.Completion.CompletionCollectors (2.6s)
✔ [3422/4169] Built Lake.DSL.Config:c.o (858ms)
✔ [3423/4169] Built Lean.LibrarySuggestions.SymbolFrequency:c.o (1.0s)
✔ [3424/4169] Built Lean.LibrarySuggestions.MePo (1.1s)
✔ [3425/4169] Built Lean.LibrarySuggestions.SineQuaNon (1.3s)
✔ [3426/4169] Built Lean.Elab.Tactic.ConfigSetter:c.o (3.4s)
✔ [3427/4169] Built Lean.Elab.Tactic.Do.Syntax (1.5s)
✔ [3428/4169] Built Lean.Server.Completion (701ms)
✔ [3429/4169] Built Lean.Linter.List:c.o (3.3s)
✔ [3430/4169] Built Lean.Elab.Tactic.Doc:c.o (3.5s)
✔ [3431/4169] Built Lean.LibrarySuggestions.Default (418ms)
✔ [3432/4169] Built Lean.Widget.InteractiveDiagnostic (1.9s)
✔ [3433/4169] Built Lean.LibrarySuggestions.Default:c.o (86ms)
✔ [3434/4169] Built Lean.Elab.Deriving.Util (2.5s)
✔ [3435/4169] Built Lean.Elab.Frontend:c.o (1.2s)
✔ [3436/4169] Built Lake.DSL.Require:c.o (1.3s)
✔ [3437/4169] Built Lean.LibrarySuggestions (411ms)
✔ [3438/4169] Built Lake.Load.Lean.Elab (1.3s)
✔ [3439/4169] Built Lean.LibrarySuggestions:c.o (71ms)
✔ [3440/4169] Built Lake.DSL.Script (2.0s)
✔ [3441/4169] Built Lean.Linter.MissingDocs:c.o (3.6s)
✔ [3442/4169] Built Lean.Server.Snapshots (512ms)
✔ [3443/4169] Built Lean.Elab.Tactic.SolveByElim (1.6s)
✔ [3444/4169] Built Lean.Server.Completion:c.o (846ms)
✔ [3445/4169] Built Lean.Server.Snapshots:c.o (162ms)
✔ [3446/4169] Built Lake.Load.Lean (431ms)
✔ [3447/4169] Built Lean.Elab.DocString.Builtin.Keywords (4.3s)
✔ [3448/4169] Built Lean.Elab.DeclNameGen:c.o (3.3s)
✔ [3449/4169] Built Lean.Elab.BuiltinCommand (6.3s)
✔ [3450/4169] Built Lake.DSL.Package (3.6s)
✔ [3451/4169] Built Lean.Server.FileWorker.Utils (529ms)
✔ [3452/4169] Built Lean.Elab.PreDefinition.Basic (1.0s)
✔ [3453/4169] Built Lake.DSL.Script:c.o (736ms)
✔ [3454/4169] Built Lean.Elab.DefView:c.o (2.1s)
✔ [3455/4169] Built Lake.Load.Package (518ms)
✔ [3456/4169] Built Lean.Elab.App (9.9s)
✔ [3457/4169] Built Lean.Elab.Tactic.Do.Syntax:c.o (1.5s)
✔ [3458/4169] Built Lean.Server.FileWorker.Utils:c.o (334ms)
✔ [3459/4169] Built Lean.Language.Lean:c.o (3.5s)
✔ [3460/4169] Built Lake.Load.Lean:c.o (795ms)
✔ [3461/4169] Built Lake.Load.Package:c.o (363ms)
✔ [3462/4169] Built Lean.Elab.Tactic.ElabTerm (2.7s)
✔ [3463/4169] Built Lean.Elab.PreDefinition.Mutual (720ms)
✔ [3464/4169] Built Lean.Elab.PreDefinition.Structural.SmartUnfolding (793ms)
✔ [3465/4169] Built Lean.Elab.Binders:c.o (10s)
✔ [3466/4169] Built Lean.Elab.Syntax (7.4s)
✔ [3467/4169] Built Lean.Elab.Tactic.Injection (577ms)
✔ [3468/4169] Built Lake.CLI.Translate.Lean (4.8s)
✔ [3469/4169] Built Lean.Elab.Tactic.Location (727ms)
✔ [3470/4169] Built Lean.Meta.Constructions.CtorElim (1.2s)
✔ [3471/4169] Built Lean.Elab.PreDefinition.Mutual:c.o (831ms)
✔ [3472/4169] Built Lean.Elab.Tactic.Do.ProofMode.Exact (941ms)
✔ [3473/4169] Built Lean.LibrarySuggestions.MePo:c.o (3.3s)
✔ [3474/4169] Built Lake.DSL.Targets (5.3s)
✔ [3475/4169] Built Lean.Elab.Tactic.Injection:c.o (501ms)
✔ [3476/4169] Built Lean.Elab.CheckTactic (1.1s)
✔ [3477/4169] Built Lake.CLI.Translate (550ms)
✔ [3478/4169] Built Lean.Elab.PreDefinition.WF.Unfold (1.9s)
✔ [3479/4169] Built Lean.Server.Requests (2.1s)
✔ [3480/4169] Built Lean.Elab.Deriving.Util:c.o (2.0s)
✔ [3481/4169] Built Lake.CLI.Translate:c.o (306ms)
✔ [3482/4169] Built Lean.Elab.Tactic.Location:c.o (747ms)
✔ [3483/4169] Built Lean.Elab.Tactic.Symm (720ms)
✔ [3484/4169] Built Lean.Elab.Tactic.Delta (846ms)
✔ [3485/4169] Built Lean.Elab.Calc (2.0s)
✔ [3486/4169] Built Lean.Elab.Tactic.Generalize (985ms)
✔ [3487/4169] Built Lean.Elab.Tactic.SolveByElim:c.o (2.8s)
✔ [3488/4169] Built Lean.Elab.PreDefinition.WF.Fix (2.4s)
✔ [3489/4169] Built Lean.Elab.Tactic.Unfold (1.0s)
✔ [3490/4169] Built Lean.Elab.Tactic.Do.ProofMode.Assumption (890ms)
✔ [3491/4169] Built Lake.Load.Lean.Elab:c.o (3.2s)
✔ [3492/4169] Built Lean.Elab.Tactic.Symm:c.o (424ms)
✔ [3493/4169] Built Lean.Elab.Tactic.Do.ProofMode.Specialize (1.0s)
✔ [3494/4169] Built Lean.Elab.Tactic.Change (1.3s)
✔ [3495/4169] Built Lean.Elab.Tactic.Lets (1.3s)
✔ [3496/4169] Built Lean.LibrarySuggestions.Basic:c.o (6.3s)
✔ [3497/4169] Built Lake.DSL.Package:c.o (2.7s)
✔ [3498/4169] Built Lake.Load.Resolve (2.5s)
✔ [3499/4169] Built Lean.Elab.Tactic.Delta:c.o (572ms)
✔ [3500/4169] Built Lean.Elab.PreDefinition.FixedParams (2.8s)
✔ [3501/4169] Built Lean.Elab.Tactic.Split (1.8s)
✔ [3502/4169] Built Lean.Meta.Constructions.CasesOnSameCtor (1.7s)
✔ [3503/4169] Built Lean.Elab.Tactic.Do.ProofMode.Exact:c.o (1.5s)
✔ [3504/4169] Built Lean.Server.CodeActions.Basic (1.3s)
✔ [3505/4169] Built Lean.Elab.Tactic.Unfold:c.o (988ms)
✔ [3506/4169] Built Lake.Load.Workspace (770ms)
✔ [3507/4169] Built Lean.Server.Rpc.RequestHandling (1.4s)
✔ [3508/4169] Built Lean.Elab.Extra (3.3s)
✔ [3509/4169] Built Lean.Elab.PreDefinition.Structural.SmartUnfolding:c.o (2.8s)
✔ [3510/4169] Built Lean.Elab.Tactic.Show (945ms)
✔ [3511/4169] Built Lean.Elab.Deriving.Basic (3.5s)
✔ [3512/4169] Built Lean.Elab.Tactic.Rewrite (2.3s)
✔ [3513/4169] Built Lean.Elab.Tactic.Calc (1.4s)
✔ [3514/4169] Built Lean.Elab.PreDefinition.Structural.RecArgInfo (893ms)
✔ [3515/4169] Built Lean.Server.FileWorker.InlayHints (1.8s)
✔ [3516/4169] Built Lean.Elab.Tactic.Config:c.o (5.9s)
✔ [3517/4169] Built Lean.Elab.Print:c.o (7.9s)
✔ [3518/4169] Built Lean.Elab.PreDefinition.WF.Eqns (1.3s)
✔ [3519/4169] Built Lean.Elab.PreDefinition.WF.Rel (1.4s)
✔ [3520/4169] Built Lean.Elab.Tactic.Change:c.o (1.5s)
✔ [3521/4169] Built Lean.Meta.Constructions.NoConfusion (2.8s)
✔ [3522/4169] Built Lean.Elab.Tactic.Generalize:c.o (1.7s)
✔ [3523/4169] Built Lean.Elab.Tactic.Do.ProofMode.Have (1.6s)
✔ [3524/4169] Built Lean.Elab.CheckTactic:c.o (2.5s)
✔ [3525/4169] Built Lake.Load.Workspace:c.o (799ms)
✔ [3526/4169] Built Lean.Elab.MacroArgUtil (3.4s)
✔ [3527/4169] Built Lake.Load (802ms)
✔ [3528/4169] Built Lean.Elab.Tactic.Show:c.o (893ms)
✔ [3529/4169] Built Lean.Elab.Tactic.Do.ProofMode.Assumption:c.o (1.7s)
✔ [3530/4169] Built Lake.CLI.Serve (892ms)
✔ [3531/4169] Built Lean.Elab.PreDefinition.Structural.RecArgInfo:c.o (735ms)
✔ [3532/4169] Built Lean.Elab.Tactic.Split:c.o (1.5s)
✔ [3533/4169] Built Lean.Elab.Tactic.Do.ProofMode.Refine (2.1s)
✔ [3534/4169] Built Lean.Elab.MacroRules (3.5s)
✔ [3535/4169] Built Lake.Load:c.o (130ms)
✔ [3536/4169] Built Lean.Elab.PreDefinition.Structural.Eqns (2.2s)
✔ [3537/4169] Built Lean.Elab.Deriving.SizeOf (1.4s)
✔ [3538/4169] Built Lake.CLI.Serve:c.o (544ms)
✔ [3539/4169] Built Lean.Elab.Deriving.TypeName (1.5s)
✔ [3540/4169] Built Lean.Meta.Constructions (857ms)
✔ [3541/4169] Built Lean.Server.CodeActions.Attr (1.9s)
✔ [3542/4169] Built Lean.Meta.Constructions:c.o (164ms)
✔ [3543/4169] Built Lean.Linter.UnusedVariables:c.o (8.5s)
✔ [3544/4169] Built Lean.Elab.Deriving.SizeOf:c.o (380ms)
✔ [3545/4169] Built Lean.Elab.Deriving.ReflBEq (1.8s)
✔ [3546/4169] Built Lean.Server.Rpc.RequestHandling:c.o (2.1s)
✔ [3547/4169] Built Lean.Elab.Tactic.Do.ProofMode (977ms)
✔ [3548/4169] Built Lean.Elab.Deriving.LawfulBEq (1.8s)
✔ [3549/4169] Built Lean.Elab.Deriving.Nonempty (1.0s)
✔ [3550/4169] Built Lean.Elab.Tactic.Do.ProofMode:c.o (141ms)
✔ [3551/4169] Built Lean.Server.Requests:c.o (3.8s)
✔ [3552/4169] Built Lean.Server.CodeActions.UnknownIdentifier (2.7s)
✔ [3553/4169] Built Lean.Elab.Tactic.Lets:c.o (3.5s)
✔ [3554/4169] Built Lean.Elab.Tactic.Calc:c.o (2.5s)
✔ [3555/4169] Built Lake.CLI.Init (2.7s)
✔ [3556/4169] Built Lean.LibrarySuggestions.SineQuaNon:c.o (7.9s)
✔ [3557/4169] Built Lean.Elab.PreDefinition.WF.PackMutual (2.2s)
✔ [3558/4169] Built Lean.Elab.Tactic.Do.Spec (4.0s)
✔ [3559/4169] Built Lean.Widget.InteractiveDiagnostic:c.o (7.6s)
✔ [3560/4169] Built Lean.Elab.Do.Basic:c.o (13s)
✔ [3561/4169] Built Lean.Elab.Notation (5.5s)
✔ [3562/4169] Built Lean.Elab.PreDefinition.Structural.IndPred (2.8s)
✔ [3563/4169] Built Lean.Widget.UserWidget (3.2s)
✔ [3564/4169] Built Lean.Elab.Deriving.TypeName:c.o (1.4s)
✔ [3565/4169] Built Lean.Elab.PreDefinition.WF.Eqns:c.o (2.7s)
✔ [3566/4169] Built Lean.Elab.ComputedFields (2.8s)
✔ [3567/4169] Built Lean.Elab.Deriving.ReflBEq:c.o (1.6s)
✔ [3568/4169] Built Lean.Server.FileWorker.SemanticHighlighting (4.0s)
✔ [3569/4169] Built Lean.Server.CodeActions.Basic:c.o (3.7s)
✔ [3570/4169] Built Lean.Elab.Deriving.LawfulBEq:c.o (1.6s)
✔ [3571/4169] Built Lean.Server.CodeActions.Provider (1.0s)
✔ [3572/4169] Built Lean.Elab.Tactic.Do.ProofMode.Have:c.o (2.0s)
✔ [3573/4169] Built Lean.Elab.Match:c.o (23s)
✔ [3574/4169] Built Lean.Elab.PreDefinition.Structural.BRecOn (3.7s)
✔ [3575/4169] Built Lean.Elab.BinderPredicates (3.3s)
✔ [3576/4169] Built Lean.Server.CodeActions.Attr:c.o (2.5s)
✔ [3577/4169] Built Lean.Server.Completion.CompletionCollectors:c.o (9.7s)
✔ [3578/4169] Built Lean.Server.CodeActions (632ms)
✔ [3579/4169] Built Lean.Elab.Deriving.Nonempty:c.o (2.3s)
✔ [3580/4169] Built Lean.Server.CodeActions:c.o (152ms)
✔ [3581/4169] Built Lean.Elab.Macro (3.6s)
✔ [3582/4169] Built Lean.Server.FileWorker.InlayHints:c.o (4.3s)
✔ [3583/4169] Built Lean.Elab.Deriving.Inhabited (4.5s)
✔ [3584/4169] Built Lean.Elab.MacroRules:c.o (3.6s)
✔ [3585/4169] Built Lean.Meta.Tactic.AC.Main (4.7s)
✔ [3586/4169] Built Lean.Elab.PreDefinition.Structural.FindRecArg (4.7s)
✔ [3587/4169] Built Lean.Elab.Deriving.Hashable (4.9s)
✔ [3588/4169] Built Lean.Server.Rpc.Deriving (4.9s)
✔ [3589/4169] Built Lean.Widget.Commands (2.1s)
✔ [3590/4169] Built Lean.Meta.Tactic.AC (582ms)
✔ [3591/4169] Built Lean.Elab.Tactic.Simp (7.7s)
✔ [3592/4169] Built Lean.Elab.Tactic.Rewrite:c.o (5.4s)
✔ [3593/4169] Built Lake.CLI.Init:c.o (2.0s)
✔ [3594/4169] Built Lean.Elab.Tactic.Do.ProofMode.Refine:c.o (4.6s)
✔ [3595/4169] Built Lean.Elab.Deriving.Repr (5.5s)
✔ [3596/4169] Built Lean.Meta.Tactic.AC:c.o (163ms)
✔ [3597/4169] Built Lean.Elab.Deriving.ToExpr (5.6s)
✔ [3598/4169] Built Lean.Server.Rpc (646ms)
✔ [3599/4169] Built Lean.Server.Rpc:c.o (107ms)
✔ [3600/4169] Built Lean.Widget (717ms)
✔ [3601/4169] Built Lean.Elab.Deriving.Ord (5.9s)
✔ [3602/4169] Built Lean.Widget:c.o (110ms)
✔ [3603/4169] Built Lean.Elab.GuardMsgs (3.3s)
✔ [3604/4169] Built Lean.Elab.ErrorExplanation (3.3s)
✔ [3605/4169] Built Lean.Elab.Command:c.o (16s)
✔ [3606/4169] Built Lean.Elab.PreDefinition.WF.Rel:c.o (5.0s)
✔ [3607/4169] Built Lean.Elab.BinderPredicates:c.o (2.6s)
✔ [3608/4169] Built Lean.Elab.Tactic.BVDecide.Frontend.Attr (1.4s)
✔ [3609/4169] Built Lean.Linter.UnusedSimpArgs (1.4s)
✔ [3610/4169] Built Lean.Meta.Constructions.CasesOnSameCtor:c.o (7.4s)
✔ [3611/4169] Built Lean.Elab.PreDefinition.Structural.Eqns:c.o (5.7s)
✔ [3612/4169] Built Lean.Elab.PreDefinition.WF.PackMutual:c.o (4.4s)
✔ [3613/4169] Built Lean.Elab.PreDefinition.WF.Preprocess (2.0s)
✔ [3614/4169] Built Lean.Elab.Tactic.Do.ProofMode.Specialize:c.o (8.4s)
✔ [3615/4169] Built Lean.Meta.Tactic.TryThis (3.2s)
✔ [3616/4169] Built Lean.Server.CodeActions.Provider:c.o (3.9s)
✔ [3617/4169] Built Lean.Linter (775ms)
✔ [3618/4169] Built Lean.Elab.ElabRules (6.0s)
✔ [3619/4169] Built Lean.Linter:c.o (195ms)
✔ [3620/4169] Built Lean.Server.Watchdog (9.4s)
✔ [3621/4169] Built Lean.Elab.Macro:c.o (3.6s)
✔ [3622/4169] Built Lean.Elab.Tactic.BVDecide.Frontend.LRAT (1.3s)
✔ [3623/4169] Built Lean.Server.CodeActions.UnknownIdentifier:c.o (5.6s)
✔ [3624/4169] Built Lean.Widget.UserWidget:c.o (5.1s)
✔ [3625/4169] Built Lean.Elab.Tactic.Induction (9.5s)
✔ [3626/4169] Built Lean.Elab.Deriving.DecEq (8.3s)
✔ [3627/4169] Built Lean.Elab.Tactic.BVDecide.Frontend.Normalize.Basic (1.8s)
✔ [3628/4169] Built Lean.Elab.Tactic.SimpArith (1.2s)
✔ [3629/4169] Built Lean.Elab.Tactic.ShowTerm (1.2s)
✔ [3630/4169] Built Lean.Elab.Tactic.BVDecide.Frontend.Attr:c.o (2.1s)
✔ [3631/4169] Built Lean.Elab.Tactic.Do.VCGen.Basic (3.6s)
✔ [3632/4169] Built Lean.Linter.UnusedSimpArgs:c.o (2.2s)
✔ [3633/4169] Built Lean.Elab.Tactic.BuiltinTactic (12s)
✔ [3634/4169] Built Lean.Elab.PreDefinition.Basic:c.o (12s)
✔ [3635/4169] Built Lean.Elab.Tactic.SimpArith:c.o (613ms)
✔ [3636/4169] Built Lean.Elab.PreDefinition.WF.Unfold:c.o (11s)
✔ [3637/4169] Built Lake.DSL.Meta (1.7s)
✔ [3638/4169] Built Lean.Elab.PreDefinition.Structural.IndPred:c.o (6.6s)
✔ [3639/4169] Built Lean.Elab.Notation:c.o (6.7s)
✔ [3640/4169] Built Lean.Elab.Tactic.ShowTerm:c.o (629ms)
✔ [3641/4169] Built Lean.Meta.Tactic.AC.Main:c.o (4.9s)
✔ [3642/4169] Built Lake.Load.Resolve:c.o (10s)
✔ [3643/4169] Built Lean.Elab.PreDefinition.Structural.Main (2.3s)
✔ [3644/4169] Built Lean.Elab.Tactic.BVDecide.Frontend.Normalize.ShortCircuit (1.0s)
✔ [3645/4169] Built Lean.Elab.Tactic.BVDecide.Frontend.Normalize.Rewrite (1.3s)
✔ [3646/4169] Built Lean.Server.FileWorker.SemanticHighlighting:c.o (6.5s)
✔ [3647/4169] Built Lean.Elab.Tactic.Match (1.9s)
✔ [3648/4169] Built Lean.Elab.Tactic.BVDecide.Frontend.Normalize.AndFlatten (1.5s)
✔ [3649/4169] Built Lean.Elab.Tactic.BVDecide.Frontend.Normalize.EmbeddedConstraint (1.4s)
✔ [3650/4169] Built Lean.Elab.Tactic.BVDecide.Frontend.Normalize.ShortCircuit:c.o (482ms)
✔ [3651/4169] Built Lean.Elab.Tactic.ElabTerm:c.o (13s)
✔ [3652/4169] Built Lean.Elab.Deriving.Hashable:c.o (5.3s)
✔ [3653/4169] Built Lake.DSL (842ms)
✔ [3654/4169] Built Lake.DSL:c.o (114ms)
✔ [3655/4169] Built Lean.Elab.Syntax:c.o (13s)
✔ [3656/4169] Built Lean.Elab.PreDefinition.Structural (672ms)
✔ [3657/4169] Built Lean.Meta.Tactic.Rewrites (2.0s)
✔ [3658/4169] Built Lean.Elab.PreDefinition.Structural:c.o (108ms)
✔ [3659/4169] Built Lean.Elab.Tactic.BVDecide.Frontend.LRAT:c.o (2.4s)
✔ [3660/4169] Built Lean.Elab.Deriving.BEq (10s)
✔ [3661/4169] Built Lean.Elab.Tactic.BVDecide.Frontend.Normalize.IntToBitVec (2.2s)
✔ [3662/4169] Built Lean.Elab.Tactic.Simpa (3.5s)
✔ [3663/4169] Built Lean.Elab.Tactic.BVDecide.Frontend.Normalize.Rewrite:c.o (1.0s)
✔ [3664/4169] Built Lean.Elab.MacroArgUtil:c.o (10s)
✔ [3665/4169] Built Lean.Server.FileWorker.RequestHandling (7.7s)
✔ [3666/4169] Built Lake (778ms)
✔ [3667/4169] Built Lean.Elab.Tactic.BVDecide.Frontend.Normalize.EmbeddedConstraint:c.o (1.1s)
✔ [3668/4169] Built Lean.Elab.Deriving.FromToJson (11s)
✔ [3669/4169] Built Lake:c.o (113ms)
✔ [3670/4169] Built Lean.Elab.BuiltinNotation:c.o (17s)
✔ [3671/4169] Built Lake.CLI.Main (8.0s)
✔ [3672/4169] Built Lean.Elab.Tactic.BVDecide.Frontend.Normalize.AndFlatten:c.o (1.3s)
✔ [3673/4169] Built Lean.Elab.Tactic.BVDecide.Frontend.Normalize.TypeAnalysis (2.9s)
✔ [3674/4169] Built Lean.Elab.PreDefinition.WF.Fix:c.o (12s)
✔ [3675/4169] Built Lean.Elab.Tactic.Conv.Basic (2.6s)
✔ [3676/4169] Built Lean.Elab.StructInst (15s)
✔ [3677/4169] Built Lean.Widget.Commands:c.o (6.6s)
✔ [3678/4169] Built Lean.Elab.Tactic.SimpTrace (4.2s)
✔ [3679/4169] Built Lean.Elab.Tactic.Rewrites (1.4s)
✔ [3680/4169] Built Lean.Elab.Tactic.BVDecide.Frontend.Normalize.AC (3.2s)
✔ [3681/4169] Built Lean.Elab.Deriving (669ms)
✔ [3682/4169] Built Lean.Elab.Deriving.Repr:c.o (6.5s)
✔ [3683/4169] Built Lean.Elab.Deriving:c.o (142ms)
✔ [3684/4169] Built Lean.Elab.ErrorExplanation:c.o (5.6s)
✔ [3685/4169] Built Lake.DSL.Meta:c.o (2.6s)
✔ [3686/4169] Built Lake.CLI (506ms)
✔ [3687/4169] Built Lean.Meta.Constructions.CtorElim:c.o (14s)
✔ [3688/4169] Built Lake.CLI:c.o (147ms)
✔ [3689/4169] Built LakeMain (737ms)
✔ [3690/4169] Built Lean.Elab.Calc:c.o (13s)
✔ [3691/4169] Built LakeMain:c.o (112ms)
✔ [3692/4169] Built LakeMain:static (73ms)
✔ [3694/4169] Built Lean.Elab.Tactic.Conv.Rewrite (783ms)
✔ [3695/4169] Built Lean.Elab.Tactic.Conv.Change (822ms)
✔ [3696/4169] Built Lean.Elab.Tactic.Conv.Delta (806ms)
✔ [3697/4169] Built Lean.Elab.Deriving.Inhabited:c.o (7.9s)
✔ [3698/4169] Built Lean.Elab.Tactic.Conv.Lets (979ms)
✔ [3699/4169] Built Lean.Elab.Tactic.Conv.Rewrite:c.o (340ms)
✔ [3700/4169] Built Lean.Elab.Tactic.BVDecide.Frontend.Normalize.Structures (1.2s)
✔ [3701/4169] Built Lean.Elab.Tactic.Conv.Change:c.o (356ms)
✔ [3702/4169] Built Lean.Elab.Tactic.Conv.Delta:c.o (382ms)
✔ [3703/4169] Built Lean.Elab.Tactic.RCases (4.9s)
✔ [3704/4169] Built Lean.Elab.GuardMsgs:c.o (6.9s)
✔ [3705/4169] Built Lean.Elab.Tactic.Match:c.o (3.0s)
✔ [3706/4169] Built Lean.Meta.Tactic.TryThis:c.o (5.8s)
✔ [3707/4169] Built Lean.Elab.Tactic.Conv.Simp (1.3s)
✔ [3708/4169] Built Lean.Elab.Quotation (15s)
✔ [3709/4169] Built Lean.Elab.Tactic.Conv.Pattern (1.8s)
✔ [3710/4169] Built Lean.Elab.DocString.Builtin.Keywords:c.o (17s)
✔ [3711/4169] Built Lean.Elab.Tactic.BVDecide.Frontend.Normalize.Basic:c.o (4.8s)
✔ [3712/4169] Built Lean.Elab.Extra:c.o (13s)
✔ [3713/4169] Built Lean.Elab.PreDefinition.WF.GuessLex (6.2s)
✔ [3714/4169] Built Lean.Meta.Constructions.NoConfusion:c.o (13s)
✔ [3715/4169] Built Lean.Elab.Tactic.Conv.Lets:c.o (1.3s)
✔ [3716/4169] Built Lean.Elab.ElabRules:c.o (6.3s)
✔ [3717/4169] Built Lean.Elab.Tactic.Conv.Unfold (818ms)
✔ [3718/4169] Built Lean.Elab.Tactic.Rewrites:c.o (2.2s)
✔ [3719/4169] Built Lean.Server.FileWorker.WidgetRequests (3.1s)
✔ [3720/4169] Built Lean.Elab.Tactic.Guard (2.6s)
✔ [3721/4169] Built Lean.Elab.BuiltinCommand:c.o (18s)
✔ [3722/4169] Built Lean.Elab.Tactic.Conv.Congr (2.7s)
✔ [3723/4169] Built Lean.Elab.Tactic.Conv.Simp:c.o (1.4s)
✔ [3724/4169] Built Lean.Elab.Tactic.BVDecide.Frontend.Normalize.Simproc (7.8s)
✔ [3725/4169] Built Lean.Elab.Tactic.Conv.Unfold:c.o (714ms)
✔ [3726/4169] Built Lean.Elab.Tactic.Conv (473ms)
✔ [3727/4169] Built Lean.Elab.Tactic.Conv:c.o (89ms)
✔ [3728/4169] Built Lean.Server.ProtocolOverview (894ms)
✔ [3729/4169] Built Lean.Elab.ComputedFields:c.o (11s)
✔ [3730/4169] Built Lean.Elab.Tactic.BVDecide.Frontend.Normalize.IntToBitVec:c.o (4.3s)
✔ [3731/4169] Built Lean.Elab.PreDefinition.WF.Preprocess:c.o (7.7s)
✔ [3732/4169] Built Lean.Elab.PreDefinition.WF.Main (1.6s)
✔ [3733/4169] Built Lean.Elab.Tactic.BVDecide.Frontend.Normalize.Structures:c.o (2.5s)
✔ [3734/4169] Built Lean.Elab.DocString.Builtin (19s)
✔ [3735/4169] Built Lean.Elab.Tactic.BVDecide.Frontend.Normalize.Enums (2.5s)
✔ [3736/4169] Built Lean.Server.ProtocolOverview:c.o (475ms)
✔ [3737/4169] Built Lean.Elab.Tactic.Conv.Pattern:c.o (2.3s)
✔ [3738/4169] Built Lean.Elab.PreDefinition.WF (480ms)
✔ [3739/4169] Built Lake.DSL.Targets:c.o (17s)
✔ [3740/4169] Built Lean.Elab.PreDefinition.PartialFixpoint.Eqns (1.0s)
✔ [3741/4169] Built Lean.Elab.Tactic.Ext (2.8s)
✔ [3742/4169] Built Lean.Elab.PreDefinition.WF:c.o (76ms)
✔ [3743/4169] Built Lean.Elab.Tactic.Simpa:c.o (5.0s)
✔ [3744/4169] Built Lean.Elab.Tactic.BVDecide.Frontend.Normalize.AC:c.o (4.2s)
✔ [3745/4169] Built Lean.Elab.PreDefinition.Structural.BRecOn:c.o (12s)
✔ [3746/4169] Built Lean.Elab.Tactic.Conv.Basic:c.o (4.5s)
✔ [3747/4169] Built Lean.Elab.Tactic.NormCast (2.9s)
✔ [3748/4169] Built Lean.Elab.PreDefinition.Structural.Main:c.o (6.4s)
✔ [3749/4169] Built Lean.Elab.Tactic.Do.VCGen.Basic:c.o (7.3s)
✔ [3750/4169] Built Lean.Elab.Tactic.BVDecide.Frontend.Normalize (1.2s)
✔ [3751/4169] Built Lean.Elab.PreDefinition.FixedParams:c.o (17s)
✔ [3752/4169] Built Lean.Elab.Tactic.SimpTrace:c.o (5.0s)
✔ [3753/4169] Built Lean.Elab.Tactic.Guard:c.o (2.8s)
✔ [3754/4169] Built Lake.CLI.Translate.Lean:c.o (19s)
✔ [3755/4169] Built Lean.Elab.Tactic.Do.Spec:c.o (14s)
✔ [3756/4169] Built Lean.Server.FileWorker (3.4s)
✔ [3757/4169] Built Lean.Elab.PreDefinition.PartialFixpoint.Main (1.0s)
✔ [3758/4169] Built Lean.Meta.Tactic.Rewrites:c.o (7.4s)
✔ [3759/4169] Built Lean.Elab.Deriving.Ord:c.o (11s)
✔ [3760/4169] Built Lean.Elab.PreDefinition.PartialFixpoint.Eqns:c.o (2.1s)
✔ [3761/4169] Built Lean.Elab.PreDefinition.WF.Main:c.o (3.1s)
✔ [3762/4169] Built Lean.Elab.PreDefinition.PartialFixpoint.Induction (2.6s)
✔ [3763/4169] Built Lean.Meta.Tactic.FunInd (13s)
✔ [3764/4169] Built Lean.Elab.Tactic.BVDecide.Frontend.Normalize:c.o (2.2s)
✔ [3765/4169] Built Lean.Elab.Tactic.BVDecide.Frontend.BVDecide (2.3s)
✔ [3766/4169] Built Lean.Elab.Deriving.DecEq:c.o (10s)
✔ [3767/4169] Built Lean.Elab.PreDefinition.PartialFixpoint (462ms)
✔ [3768/4169] Built Lean.Server.Test.Runner (4.8s)
✔ [3769/4169] Built Lean.Elab.PreDefinition.PartialFixpoint:c.o (87ms)
✔ [3770/4169] Built Lean.Shell (1.7s)
✔ [3771/4169] Built Lean.Elab.Tactic.Do.VCGen.Split (772ms)
✔ [3772/4169] Built Lean.Server.Test (494ms)
✔ [3773/4169] Built Lean.Elab.Tactic.BVDecide.Frontend.BVCheck (802ms)
✔ [3774/4169] Built Lean.Server.Test:c.o (86ms)
✔ [3775/4169] Built Lean.Elab.PreDefinition.Structural.FindRecArg:c.o (14s)
✔ [3776/4169] Built Lean.Elab.Do.Legacy:c.o (28s)
✔ [3777/4169] Built Lean.Elab.Deriving.FromToJson:c.o (8.6s)
✔ [3778/4169] Built Lean.Elab.Tactic.Simp:c.o (14s)
✔ [3779/4169] Built Lean.Server (505ms)
✔ [3780/4169] Built Lean.Elab.Tactic.BVDecide.Frontend.Normalize.TypeAnalysis:c.o (8.5s)
✔ [3781/4169] Built Lean.Server:c.o (85ms)
✔ [3782/4169] Built Lean.Elab.Coinductive (1.4s)
✔ [3783/4169] Built Lean.Elab.Tactic.Omega.Frontend (11s)
✔ [3784/4169] Built Lean.Meta.Tactic.Grind.EMatchTheorem (12s)
✔ [3785/4169] Built Lean.Elab.Tactic.BVDecide.Frontend.BVTrace (881ms)
✔ [3786/4169] Built Lean.Server.FileWorker.WidgetRequests:c.o (6.3s)
✔ [3787/4169] Built Lean.Server.Rpc.Deriving:c.o (15s)
✔ [3788/4169] Built Lean.Elab.Tactic.RCases:c.o (7.5s)
✔ [3789/4169] Built Lean.Meta.Tactic.Grind.EMatchTheoremPtr (382ms)
✔ [3790/4169] Built Lean.Elab.Tactic.Omega (512ms)
✔ [3791/4169] Built Lean.Meta.Tactic.Grind.EMatchTheoremPtr:c.o (94ms)
✔ [3792/4169] Built Lean.Elab.Tactic.BVDecide.Frontend.BVCheck:c.o (1.2s)
✔ [3793/4169] Built Lean.Elab.Tactic.Omega:c.o (83ms)
✔ [3794/4169] Built Lean.Elab.Tactic.BVDecide.Frontend (499ms)
✔ [3795/4169] Built Lean.Elab.Tactic.BVDecide.Frontend:c.o (83ms)
✔ [3796/4169] Built Lean.Elab.Tactic.Do.VCGen.Split:c.o (1.9s)
✔ [3797/4169] Built Lean.Meta.Tactic.Grind.Injective (882ms)
✔ [3798/4169] Built Lean.Elab.PreDefinition.Main (2.4s)
✔ [3799/4169] Built Lean.Elab.Tactic.BVDecide.Frontend.BVTrace:c.o (1.1s)
✔ [3800/4169] Built Lean.Elab.Tactic.BVDecide (504ms)
✔ [3801/4169] Built Lean.Elab.Tactic.BVDecide:c.o (87ms)
✔ [3802/4169] Built Lean.Elab.Deriving.BEq:c.o (10s)
✔ [3803/4169] Built Lean.Elab.PreDefinition (479ms)
✔ [3804/4169] Built Lean.Elab.Tactic.NormCast:c.o (5.8s)
✔ [3805/4169] Built Lean.Elab.PreDefinition:c.o (84ms)
✔ [3806/4169] Built Lean.Elab.Deriving.ToExpr:c.o (16s)
✔ [3807/4169] Built Lean.Meta.Tactic.Grind.Attr (1.0s)
✔ [3808/4169] Built Lean.Meta.Tactic.Grind.Injective:c.o (2.1s)
✔ [3809/4169] Built Lean.Elab.PreDefinition.PartialFixpoint.Main:c.o (5.8s)
✔ [3810/4169] Built Lean.Shell:c.o (4.5s)
✔ [3811/4169] Built Lean.Elab.Tactic.Ext:c.o (7.9s)
✔ [3812/4169] Built Lean.Elab.Tactic.BVDecide.Frontend.Normalize.Enums:c.o (8.5s)
✔ [3813/4169] Built Lean.Meta.Tactic.Grind.Attr:c.o (1.7s)
✔ [3814/4169] Built Lean.Elab.Tactic.Conv.Congr:c.o (9.0s)
✔ [3815/4169] Built Lean.Elab.Coinductive:c.o (4.0s)
✔ [3816/4169] Built Lean.Server.FileWorker.RequestHandling:c.o (14s)
✔ [3817/4169] Built Lean.Elab.Tactic.BVDecide.Frontend.BVDecide:c.o (7.2s)
✔ [3818/4169] Built Lean.Elab.Deriving.Basic:c.o (26s)
✔ [3819/4169] Built Lean.Elab.PreDefinition.PartialFixpoint.Induction:c.o (8.5s)
✔ [3820/4169] Built Lean.Elab.PreDefinition.WF.GuessLex:c.o (14s)
✔ [3821/4169] Built Lean.Elab.Tactic.Do.VCGen (9.4s)
✔ [3822/4169] Built Lean.Server.FileWorker:c.o (11s)
✔ [3823/4169] Built Lean.Elab.Tactic.Do (435ms)
✔ [3824/4169] Built Lean.Elab.Tactic.Do:c.o (85ms)
✔ [3825/4169] Built Lean.Server.Watchdog:c.o (21s)
✔ [3826/4169] Built Lean.Elab.MutualDef (8.6s)
✔ [3827/4169] Built Lean.Elab.Quotation:c.o (16s)
✔ [3828/4169] Built Lean.Elab.MutualInductive (9.7s)
✔ [3829/4169] Built Lean.Elab.Tactic.Induction:c.o (22s)
✔ [3830/4169] Built Lean.Elab.LetRec (1.7s)
✔ [3831/4169] Built Lean.Elab.PreDefinition.Main:c.o (10s)
✔ [3832/4169] Built Lean.Meta.Tactic.Grind.Types (9.8s)
✔ [3833/4169] Built Lean.Elab.Inductive (2.5s)
✔ [3834/4169] Built Lean.Meta.Tactic.Grind.SynthInstance (603ms)
✔ [3835/4169] Built Lean.Elab.Tactic.Grind.Anchor (637ms)
✔ [3836/4169] Built Lean.Meta.Tactic.Grind.ProofUtil (634ms)
✔ [3837/4169] Built Lean.Elab.Tactic.Grind.Anchor:c.o (161ms)
✔ [3838/4169] Built Lean.Meta.Tactic.Grind.ProofUtil:c.o (190ms)
✔ [3839/4169] Built Lean.Meta.Tactic.Grind.Filter (799ms)
✔ [3840/4169] Built Lean.Meta.Tactic.Grind.Diseq (966ms)
✔ [3841/4169] Built Lean.Meta.Tactic.Grind.CtorIdx (935ms)
✔ [3842/4169] Built Lean.Meta.Tactic.Grind.Arith.ModelUtil (1.0s)
✔ [3843/4169] Built Lean.Meta.Tactic.Grind.AC.Types (995ms)
✔ [3844/4169] Built Lean.Meta.Tactic.Grind.Beta (1.0s)
✔ [3845/4169] Built Lean.Meta.Tactic.Grind.Order.Types (1.0s)
✔ [3846/4169] Built Lean.Meta.Tactic.Grind.Arith.CommRing.Types (1.1s)
✔ [3847/4169] Built Lean.Meta.Tactic.Grind.SynthInstance:c.o (579ms)
✔ [3848/4169] Built Lean.Meta.Tactic.Grind.Filter:c.o (383ms)
✔ [3849/4169] Built Lean.Meta.Tactic.Grind.AC.Types:c.o (275ms)
✔ [3850/4169] Built Lean.Meta.Tactic.Grind.CollectParams (1.2s)
✔ [3851/4169] Built Lean.Meta.Tactic.Grind.Order.Types:c.o (222ms)
✔ [3852/4169] Built Lean.Meta.Tactic.Grind.Arith.CommRing.Types:c.o (275ms)
✔ [3853/4169] Built Lean.Meta.Tactic.Grind.LawfulEqCmp (720ms)
✔ [3854/4169] Built Lean.Meta.Tactic.Grind.ReflCmp (705ms)
✔ [3855/4169] Built Lean.Meta.Tactic.Grind.Action (1.4s)
✔ [3856/4169] Built Lean.Meta.Tactic.Grind.MarkNestedSubsingletons (1.4s)
✔ [3857/4169] Built Lean.Meta.Tactic.Grind.OrderInsts (805ms)
✔ [3858/4169] Built Lean.Elab.BuiltinEvalCommand (3.6s)
✔ [3859/4169] Built Lean.Meta.Tactic.Grind.Arith.CommRing.MonadCanon (439ms)
✔ [3860/4169] Built Lean.Meta.Tactic.Grind.Arith.CommRing.MonadCanon:c.o (145ms)
✔ [3861/4169] Built Lean.Meta.Tactic.Grind.Arith.EvalNum (1.7s)
✔ [3862/4169] Built Lean.Meta.Tactic.Grind.Diseq:c.o (742ms)
✔ [3863/4169] Built Lean.Meta.Tactic.Grind.Proof (1.9s)
✔ [3864/4169] Built Lean.Meta.Tactic.Grind.Order.OrderM (786ms)
✔ [3865/4169] Built Lean.Elab.Declaration (3.0s)
✔ [3866/4169] Built Lean.Meta.Tactic.Grind.OrderInsts:c.o (586ms)
✔ [3867/4169] Built Lean.Meta.Tactic.Grind.Arith.CommRing.MonadSemiring (456ms)
✔ [3868/4169] Built Lean.Meta.Tactic.Grind.Arith.CommRing.MonadRing (475ms)
✔ [3869/4169] Built Lean.Meta.Tactic.Grind.Arith.Linear.Types (2.1s)
✔ [3870/4169] Built Lean.Meta.Tactic.Grind.Arith.Insts (481ms)
✔ [3871/4169] Built Lean.Elab.Tactic.BVDecide.Frontend.Normalize.Simproc:c.o (19s)
✔ [3872/4169] Built Lean.Meta.Tactic.Grind.CollectParams:c.o (941ms)
✔ [3873/4169] Built Lean.Meta.Tactic.Grind.Arith.CommRing.MonadSemiring:c.o (200ms)
✔ [3874/4169] Built Lean.Meta.Tactic.Grind.Arith.CommRing.MonadRing:c.o (207ms)
✔ [3875/4169] Built Lean.Meta.Tactic.Grind.Ext (1.8s)
✔ [3876/4169] Built Lean.Meta.Tactic.Grind.Order.Util (559ms)
✔ [3877/4169] Built Lean.Meta.Tactic.Grind.Anchor (1.1s)
✔ [3878/4169] Built Lean.Meta.Tactic.Grind.Simp (972ms)
✔ [3879/4169] Built Lean.Meta.Tactic.Grind.Arith.Insts:c.o (367ms)
✔ [3880/4169] Built Lean.Meta.Tactic.Grind.Arith.Linear.Types:c.o (485ms)
✔ [3881/4169] Built Lean.Meta.Tactic.Grind.Arith.FieldNormNum (2.0s)
✔ [3882/4169] Built Lean.Meta.Tactic.Grind.Order.OrderM:c.o (793ms)
✔ [3883/4169] Built Lean.Meta.Tactic.Grind.PropagatorAttr (752ms)
✔ [3884/4169] Built Lean.Meta.Tactic.Grind.MarkNestedSubsingletons:c.o (1.3s)
✔ [3885/4169] Built Lean.Meta.Tactic.Grind.Arith.CommRing.Functions (718ms)
✔ [3886/4169] Built Lean.Meta.Tactic.Grind.LawfulEqCmp:c.o (1.5s)
✔ [3887/4169] Built Lean.Meta.Tactic.Grind.ReflCmp:c.o (1.5s)
✔ [3888/4169] Built Lean.Meta.Tactic.Grind.Beta:c.o (2.1s)
✔ [3889/4169] Built Lean.Meta.Tactic.Grind.Order.Util:c.o (771ms)
✔ [3890/4169] Built Lean.Meta.Tactic.Grind.Arith.CommRing.DenoteExpr (612ms)
✔ [3891/4169] Built Lean.Meta.Tactic.Grind.Anchor:c.o (957ms)
✔ [3892/4169] Built Lean.Meta.Tactic.Grind.Ctor (1.0s)
✔ [3893/4169] Built Lean.Meta.Tactic.Grind.PropagateInj (797ms)
✔ [3894/4169] Built Lean.Meta.Tactic.Grind.Canon (3.5s)
✔ [3895/4169] Built Lean.Meta.Tactic.Grind.Simp:c.o (1.3s)
✔ [3896/4169] Built Lean.Meta.Tactic.Grind.Arith.CommRing.RingM (1.0s)
✔ [3897/4169] Built Lean.Meta.Tactic.Grind.Arith.CommRing.Functions:c.o (1.2s)
✔ [3898/4169] Built Lean.Meta.Tactic.Grind.Arith.CommRing.DenoteExpr:c.o (645ms)
✔ [3899/4169] Built Lean.Meta.Tactic.Grind.EMatchTheoremParam (1.5s)
✔ [3900/4169] Built Lean.Meta.Tactic.Grind.Arith.Simproc (1.4s)
✔ [3901/4169] Built Lean.Meta.Tactic.Grind.PropagatorAttr:c.o (1.6s)
✔ [3902/4169] Built Lean.Server.Test.Runner:c.o (17s)
✔ [3903/4169] Built Lean.Meta.Tactic.Grind.Action:c.o (2.8s)
✔ [3904/4169] Built Lean.Meta.Tactic.Grind.Arith.ModelUtil:c.o (3.2s)
✔ [3905/4169] Built Lake.CLI.Main:c.o (25s)
✔ [3906/4169] Built Lean.Meta.Tactic.Grind.ProveEq (2.1s)
✔ [3907/4169] Built Lean.Meta.Tactic.Grind.Arith.Linear.LinearM (716ms)
✔ [3908/4169] Built Lean.Meta.Tactic.Grind.CtorIdx:c.o (3.5s)
✔ [3909/4169] Built Lean.Meta.Tactic.Grind.Arith.CommRing.NonCommRingM (739ms)
✔ [3910/4169] Built Lean.Meta.Tactic.Grind.Arith.CommRing.PP (906ms)
✔ [3911/4169] Built Lean.Meta.Tactic.Grind.Arith.CommRing.Power (723ms)
✔ [3912/4169] Built Lake:static (265ms)
✔ [3913/4169] Built Lake:static (265ms)
✔ [3915/4169] Built Lean.Meta.Tactic.Grind.Arith.CommRing.Inv (1.0s)
✔ [3916/4169] Built Lean.Elab.Tactic.BuiltinTactic:c.o (27s)
✔ [3917/4169] Built Lean.Meta.Tactic.Grind.Order.Proof (1.1s)
✔ [3918/4169] Built Lean.Meta.Tactic.Grind.Arith.Linear.LinearM:c.o (577ms)
✔ [3919/4169] Built Lean.Meta.Tactic.Grind.Arith.CommRing.RingId (1.2s)
✔ [3920/4169] Built Lean.Meta.Tactic.Grind.Arith.CommRing.NonCommRingM:c.o (641ms)
✔ [3921/4169] Built Lean.Meta.Tactic.Grind.Arith.CommRing.SemiringM (1.3s)
✔ [3922/4169] Built Lean.Meta.Tactic.Grind.Arith.Linear.SearchM (648ms)
✔ [3923/4169] Built Lean.Meta.Tactic.Grind.Arith.CommRing.SafePoly (1.5s)
✔ [3924/4169] Built Lean.Elab.App:c.o (40s)
✔ [3925/4169] Built Lean.Elab.LetRec:c.o (5.9s)
✔ [3926/4169] Built Lean.Meta.Tactic.Grind.Arith.EvalNum:c.o (3.9s)
✔ [3927/4169] Built Lean.Meta.Tactic.Grind.Propagate (3.1s)
✔ [3928/4169] Built Lean.Meta.Tactic.Grind.Arith.Linear.SearchM:c.o (572ms)
✔ [3929/4169] Built Lean.Meta.Tactic.Grind.Arith.CommRing.NonCommSemiringM (686ms)
✔ [3930/4169] Built Lean.Meta.Tactic.Grind.Arith.Linear.Util (1.4s)
✔ [3931/4169] Built Lean.Meta.Tactic.Grind.Arith.Linear.OfNatModule (1.4s)
✔ [3932/4169] Built Lean.Meta.Tactic.Grind.PropagateInj:c.o (2.6s)
✔ [3933/4169] Built Lean.Meta.Tactic.Grind.Ext:c.o (3.6s)
✔ [3934/4169] Built Lean.Meta.Tactic.Grind.Arith.CommRing.Power:c.o (1.3s)
✔ [3935/4169] Built Lean.Meta.Tactic.Grind.Proof:c.o (4.3s)
✔ [3936/4169] Built Lean.Meta.Tactic.Grind.Order.StructId (1.3s)
✔ [3937/4169] Built Lean.Meta.Tactic.Grind.Arith.Linear.Var (546ms)
✔ [3938/4169] Built Lean.Meta.Tactic.Grind.Arith.CommRing.NonCommSemiringM:c.o (647ms)
✔ [3939/4169] Built Lean.Meta.Tactic.Grind.MBTC (2.0s)
✔ [3940/4169] Built Lean.Meta.Tactic.Grind.Arith.CommRing.Inv:c.o (1.8s)
✔ [3941/4169] Built Lean.Meta.Tactic.Grind.Order.Proof:c.o (1.6s)
✔ [3942/4169] Built Lean.Meta.Tactic.Grind.Arith.Propagate (872ms)
✔ [3943/4169] Built Lean.Elab.Tactic.Omega.Frontend:c.o (18s)
✔ [3944/4169] Built Lean.Meta.Tactic.Grind.Ctor:c.o (3.3s)
✔ [3945/4169] Built Lean.Meta.Tactic.Grind.Arith.Cutsat.Types (5.8s)
✔ [3946/4169] Built Lean.Meta.Tactic.Grind.Arith.CommRing.RingM:c.o (3.2s)
✔ [3947/4169] Built Lean.Meta.Tactic.Grind.AC.Util (1.0s)
✔ [3948/4169] Built Lean.Meta.Tactic.Grind.Arith.Linear.Inv (1.4s)
✔ [3949/4169] Built Lean.Meta.Tactic.Grind.Arith.Linear.Var:c.o (885ms)
✔ [3950/4169] Built Lean.Meta.Tactic.Grind.Arith.Linear.DenoteExpr (960ms)
✔ [3951/4169] Built Lean.Meta.Tactic.Grind.Arith.Cutsat.Types:c.o (548ms)
✔ [3952/4169] Built Lean.Meta.Tactic.Grind.AC.DenoteExpr (476ms)
✔ [3953/4169] Built Lean.Meta.Tactic.Grind.Arith.Linear.Reify (1.1s)
✔ [3954/4169] Built Lean.Meta.Tactic.Grind.Arith.Cutsat.Model (791ms)
✔ [3955/4169] Built Lean.Meta.Tactic.Grind.Order.Assert (2.8s)
✔ [3956/4169] Built Lean.Meta.Tactic.Grind.AC.DenoteExpr:c.o (255ms)
✔ [3957/4169] Built Lean.Meta.Tactic.Grind.Arith.CommRing.SafePoly:c.o (2.5s)
✔ [3958/4169] Built Lean.Meta.Tactic.Grind.EMatchTheoremParam:c.o (4.0s)
✔ [3959/4169] Built Lean.Meta.Tactic.Grind.AC.Inv (1.0s)
✔ [3960/4169] Built Lean.Elab.Structure (9.0s)
✔ [3961/4169] Built Lean.Meta.Tactic.Grind.Arith.Model (366ms)
✔ [3962/4169] Built Lean.Meta.Tactic.Grind.Arith.Cutsat.Util (1.1s)
✔ [3963/4169] Built Lean.Meta.Tactic.Grind.Arith.Model:c.o (99ms)
✔ [3964/4169] Built Lean.Meta.Tactic.Grind.Arith.CommRing.RingId:c.o (3.2s)
✔ [3965/4169] Built Lean.Meta.Tactic.Grind.AC.PP (755ms)
✔ [3966/4169] Built Lean.Meta.Tactic.Grind.AC.Internalize (833ms)
✔ [3967/4169] Built Lean.Meta.Tactic.Grind.Arith.Linear.Model (979ms)
✔ [3968/4169] Built Lean.Meta.Tactic.Grind.Arith.FieldNormNum:c.o (6.0s)
✔ [3969/4169] Built Lean.Meta.Tactic.Grind.Arith.Cutsat.SearchM (630ms)
✔ [3970/4169] Built Lean.Meta.Tactic.Grind.Arith.CommRing.PP:c.o (4.2s)
✔ [3971/4169] Built Lean.Meta.Tactic.Grind.Arith.Cutsat.Norm (693ms)
✔ [3972/4169] Built Lean.Meta.Tactic.Grind.Arith.Linear.Util:c.o (3.0s)
✔ [3973/4169] Built Lean.Meta.Tactic.Grind.MatchCond (4.5s)
✔ [3974/4169] Built Lean.Meta.Tactic.Grind.Arith.Linear.PP (520ms)
✔ [3975/4169] Built Lean.Meta.Tactic.Grind.Arith.CommRing.SemiringM:c.o (3.0s)
✔ [3976/4169] Built Lean.Meta.Tactic.Grind.Arith.Cutsat.MBTC (1.0s)
✔ [3977/4169] Built Lean.Meta.Tactic.Grind.Arith.Cutsat.SearchM:c.o (458ms)
✔ [3978/4169] Built Lean.Meta.Tactic.Grind.Arith.Linear.Reify:c.o (1.7s)
✔ [3979/4169] Built Lean.Meta.Tactic.Grind.Arith.CommRing.Reify (3.5s)
✔ [3980/4169] Built Lean.Meta.Tactic.Grind.Arith.Cutsat.Norm:c.o (602ms)
✔ [3981/4169] Built Lean.Meta.Tactic.Grind.Arith.Simproc:c.o (5.4s)
✔ [3982/4169] Built Lean.Meta.Tactic.Grind.Arith.Linear.OfNatModule:c.o (3.5s)
✔ [3983/4169] Built Lean.Meta.Tactic.Grind.Arith.Linear.PP:c.o (472ms)
✔ [3984/4169] Built Lean.Meta.Tactic.Grind.Arith.Propagate:c.o (2.9s)
✔ [3985/4169] Built Lean.Meta.Tactic.Grind.CasesMatch (765ms)
✔ [3986/4169] Built Lean.Meta.Tactic.Grind.AC.PP:c.o (1.6s)
✔ [3987/4169] Built Lean.Meta.Tactic.Grind.Arith.Linear.DenoteExpr:c.o (2.4s)
✔ [3988/4169] Built Lean.Meta.Tactic.Grind.Arith.Linear.Den (528ms)
✔ [3989/4169] Built Lean.Meta.Tactic.Grind.AC.Internalize:c.o (1.6s)
✔ [3990/4169] Built Lean.Meta.Tactic.Grind.Arith.Cutsat.Model:c.o (2.3s)
✔ [3991/4169] Built Lean.Meta.Tactic.Grind.AC.Inv:c.o (2.1s)
✔ [3992/4169] Built Lean.Elab.Inductive:c.o (9.7s)
✔ [3993/4169] Built Lean.Meta.Tactic.Grind.Arith.Cutsat.MBTC:c.o (996ms)
✔ [3994/4169] Built Lean.Meta.Tactic.Grind.Arith.Linear.Den:c.o (481ms)
✔ [3995/4169] Built Lean.Elab.Declaration:c.o (8.5s)
✔ [3996/4169] Built Lean.Meta.Tactic.Grind.Inv (1.6s)
✔ [3997/4169] Built Lean.Meta.Tactic.Grind.PP (1.6s)
✔ [3998/4169] Built Lean.Meta.Tactic.Grind.Arith.Cutsat.Util:c.o (2.7s)
✔ [3999/4169] Built Lean.Meta.Tactic.Grind.Canon:c.o (7.3s)
✔ [4000/4169] Built Lean.Meta.Tactic.Grind.AC.Proof (3.9s)
✔ [4001/4169] Built Lean.Meta.Tactic.Grind.ProveEq:c.o (6.5s)
✔ [4002/4169] Built Lean.Meta.Tactic.Grind.Arith.Linear.Model:c.o (3.2s)
✔ [4003/4169] Built Lean.Meta.Tactic.Grind.Arith.CommRing.Proof (6.1s)
✔ [4004/4169] Built Lean.Meta.Tactic.Grind.Arith.CommRing.Internalize (2.5s)
✔ [4005/4169] Built Lean.Meta.Tactic.Grind.CasesMatch:c.o (2.1s)
✔ [4006/4169] Built Lean.Meta.Tactic.Grind.Arith.Cutsat.ToInt (3.3s)
✔ [4007/4169] Built Lean.Meta.Tactic.Grind.Arith.Linear.Proof (5.2s)
✔ [4008/4169] Built Lean.Meta.Tactic.Grind.Arith.Linear.Inv:c.o (5.8s)
✔ [4009/4169] Built Lean.Meta.Tactic.Grind.EMatchTheorem:c.o (24s)
✔ [4010/4169] Built Lean.Meta.Tactic.Grind.Order.StructId:c.o (6.8s)
✔ [4011/4169] Built Lean.Meta.Tactic.Grind.Arith.Cutsat.Nat (1.1s)
✔ [4012/4169] Built Lean.Elab.StructInst:c.o (34s)
✔ [4013/4169] Built Lean.Meta.Tactic.Grind.Arith.Cutsat.Var (1.1s)
✔ [4014/4169] Built Lean.Meta.Tactic.Grind.AC.Util:c.o (7.4s)
✔ [4015/4169] Built Lean.Meta.Tactic.Grind.PP:c.o (4.1s)
✔ [4016/4169] Built Lean.Meta.Tactic.Grind.Inv:c.o (4.2s)
✔ [4017/4169] Built Lean.Meta.Tactic.Grind.Arith.Cutsat.CommRing (1.3s)
✔ [4018/4169] Built Lean.Meta.Tactic.Grind.MBTC:c.o (9.3s)
✔ [4019/4169] Built Lean.Meta.Tactic.Grind.Arith.Cutsat.Inv (1.5s)
✔ [4020/4169] Built Lean.Meta.Tactic.Grind.Arith.Cutsat.Nat:c.o (2.7s)
✔ [4021/4169] Built Lean.Meta.Tactic.Grind.Propagate:c.o (10s)
✔ [4022/4169] Built Lean.Elab.BuiltinEvalCommand:c.o (15s)
✔ [4023/4169] Built Lean.Meta.Tactic.Grind.Order.Internalize (3.4s)
✔ [4024/4169] Built Lean.Meta.Tactic.Grind.Order (461ms)
✔ [4025/4169] Built Lean.Meta.Tactic.Grind.Order:c.o (210ms)
✔ [4026/4169] Built Lean.Meta.Tactic.Grind.AC.Eq (7.1s)
✔ [4027/4169] Built Lean.Meta.Tactic.Grind.Arith.Cutsat.Var:c.o (3.7s)
✔ [4028/4169] Built Lean.Meta.Tactic.Grind.AC.Action (399ms)
✔ [4029/4169] Built Lean.Meta.Tactic.Grind.AC.Action:c.o (100ms)
✔ [4030/4169] Built Lean.Meta.Tactic.Grind.AC (477ms)
✔ [4031/4169] Built Lean.Meta.Tactic.Grind.Order.Assert:c.o (11s)
✔ [4032/4169] Built Lean.Meta.Tactic.Grind.AC:c.o (187ms)
✔ [4033/4169] Built Lean.Elab.DocString.Builtin:c.o (36s)
✔ [4034/4169] Built Lean.Meta.Tactic.Grind.Arith.CommRing.EqCnstr (8.6s)
✔ [4035/4169] Built Lean.Meta.Tactic.Grind.Arith.CommRing.Action (394ms)
✔ [4036/4169] Built Lean.Meta.Tactic.Grind.Arith.CommRing.Action:c.o (101ms)
✔ [4037/4169] Built Lean.Meta.Tactic.Grind.Arith.Cutsat.CommRing:c.o (5.4s)
✔ [4038/4169] Built Lean.Meta.Tactic.Grind.Arith.CommRing (590ms)
✔ [4039/4169] Built Lean.Meta.Tactic.Grind.Arith.CommRing:c.o (242ms)
✔ [4040/4169] Built Lean.Meta.Tactic.Grind.Types:c.o (21s)
✔ [4041/4169] Built Lean.Meta.Tactic.Grind.AC.Proof:c.o (11s)
✔ [4042/4169] Built Lean.Meta.Tactic.Grind.Arith.CommRing.Internalize:c.o (10s)
✔ [4043/4169] Built Lean.Meta.Tactic.Grind.Arith.Cutsat.Proof (8.5s)
✔ [4044/4169] Built Lean.Meta.Tactic.Grind.MatchCond:c.o (15s)
✔ [4045/4169] Built Lean.Meta.Tactic.Grind.Arith.CommRing.Reify:c.o (15s)
✔ [4046/4169] Built Lean.Meta.Tactic.Grind.Arith.Cutsat.Inv:c.o (9.4s)
✔ [4047/4169] Built Lean.Elab.MutualInductive:c.o (27s)
✔ [4048/4169] Built Lean.Meta.Tactic.Grind.Arith.Cutsat.DvdCnstr (1.5s)
✔ [4049/4169] Built Lean.Meta.Tactic.Grind.Arith.Cutsat.LeCnstr (1.8s)
✔ [4050/4169] Built Lean.Meta.Tactic.Grind.Arith.Linear.StructId (14s)
✔ [4051/4169] Built Lean.Meta.Tactic.Grind.Arith.IsRelevant (499ms)
✔ [4052/4169] Built Lean.Meta.Tactic.Grind.Arith.Linear.Proof:c.o (14s)
✔ [4053/4169] Built Lean.Meta.Tactic.Grind.Arith.IsRelevant:c.o (287ms)
✔ [4054/4169] Built Lean.Meta.Tactic.Grind.Arith.Linear.Internalize (1.0s)
✔ [4055/4169] Built Lean.Meta.Tactic.Grind.Arith.Linear.IneqCnstr (1.3s)
✔ [4056/4169] Built Lean.Meta.Tactic.Grind.Arith.Cutsat.ToInt:c.o (16s)
✔ [4057/4169] Built Lean.Meta.Tactic.Grind.Arith.Linear.Internalize:c.o (1.6s)
✔ [4058/4169] Built Lean.Meta.Tactic.Grind.Arith.Linear.PropagateEq (2.7s)
✔ [4059/4169] Built Lean.Meta.Tactic.Grind.Arith.Linear.MBTC (523ms)
✔ [4060/4169] Built Lean.Meta.Tactic.Grind.Arith.CommRing.Proof:c.o (19s)
✔ [4061/4169] Built Lean.Meta.Tactic.Grind.Arith.Cutsat.EqCnstr (5.6s)
✔ [4062/4169] Built Lean.Meta.Tactic.Grind.Arith.Linear.MBTC:c.o (443ms)
✔ [4063/4169] Built Lean.Meta.Tactic.Grind.Internalize (4.6s)
✔ [4064/4169] Built Lean.Meta.Tactic.Grind.Arith.Cutsat.LeCnstr:c.o (6.5s)
✔ [4065/4169] Built Lean.Meta.Tactic.Grind.Proj (652ms)
✔ [4066/4169] Built Lean.Meta.Tactic.Grind.Arith.Cutsat.ReorderVars (1.4s)
✔ [4067/4169] Built Lean.Meta.Tactic.Grind.Arith.Linear.IneqCnstr:c.o (4.9s)
✔ [4068/4169] Built Lean.Meta.Tactic.Grind.Arith.Linear.Search (5.7s)
✔ [4069/4169] Built Lean.Meta.Tactic.Grind.ForallProp (2.0s)
✔ [4070/4169] Built Lean.Meta.Tactic.Grind.Proj:c.o (1.5s)
✔ [4071/4169] Built Lean.Meta.Tactic.Grind.Arith.Linear.Action (436ms)
✔ [4072/4169] Built Lean.Meta.Tactic.Grind.Order.Internalize:c.o (17s)
✔ [4073/4169] Built Lean.Meta.Tactic.Grind.Arith.Linear.Action:c.o (100ms)
✔ [4074/4169] Built Lean.Meta.Tactic.Grind.Arith.Cutsat.DvdCnstr:c.o (9.0s)
✔ [4075/4169] Built Lean.Meta.Tactic.Grind.Arith.Linear (552ms)
✔ [4076/4169] Built Lean.Meta.Tactic.Grind.Arith.Linear:c.o (201ms)
✔ [4077/4169] Built Lean.Meta.Tactic.Grind.SimpUtil (1.3s)
✔ [4078/4169] Built Lean.Meta.Tactic.Grind.Core (3.6s)
✔ [4079/4169] Built Lean.Meta.Tactic.Grind.Arith.Cutsat.ReorderVars:c.o (3.5s)
✔ [4080/4169] Built Lean.Meta.Tactic.Grind.SimpUtil:c.o (2.2s)
✔ [4081/4169] Built Lean.Meta.Tactic.Grind.Intro (2.6s)
✔ [4082/4169] Built Lean.Meta.Tactic.Grind.ForallProp:c.o (5.8s)
✔ [4083/4169] Built Lean.Meta.Tactic.Grind.Arith.Cutsat.Search (7.5s)
✔ [4084/4169] Built Lean.Meta.Tactic.Grind.Arith.Main (414ms)
✔ [4085/4169] Built Lean.Meta.Tactic.Grind.Arith.Cutsat.Action (454ms)
✔ [4086/4169] Built Lean.Meta.Tactic.Grind.Split (3.1s)
✔ [4087/4169] Built Lean.Elab.Tactic.Do.VCGen:c.o (44s)
✔ [4088/4169] Built Lean.Meta.Tactic.Grind.Arith.Cutsat.Action:c.o (108ms)
✔ [4089/4169] Built Lean.Meta.Tactic.Grind.Arith.Main:c.o (413ms)
✔ [4090/4169] Built Lean.Meta.Tactic.Grind.Arith.Cutsat (624ms)
✔ [4091/4169] Built Lean.Meta.Tactic.Grind.Arith.Cutsat:c.o (234ms)
✔ [4092/4169] Built Lean.Elab.MutualDef:c.o (44s)
✔ [4093/4169] Built Lean.Meta.Tactic.Grind.Arith (379ms)
✔ [4094/4169] Built Lean.Meta.Tactic.Grind.Arith:c.o (79ms)
✔ [4095/4169] Built Lean.Meta.Tactic.Grind.Arith.Cutsat.Proof:c.o (19s)
✔ [4096/4169] Built Lean.Meta.Tactic.Grind.Intro:c.o (5.5s)
✔ [4097/4169] Built Lean.Meta.Tactic.Grind.Core:c.o (10s)
✔ [4098/4169] Built Lean.Meta.Tactic.Grind.Arith.Linear.PropagateEq:c.o (15s)
✔ [4099/4169] Built Lean.Meta.Tactic.Grind.AC.Eq:c.o (29s)
✔ [4100/4169] Built Lean.Meta.Tactic.Grind.Arith.Linear.Search:c.o (13s)
✔ [4101/4169] Built Lean.Meta.Tactic.Grind.Split:c.o (7.7s)
✔ [4102/4169] Built Lean.Meta.Tactic.Grind.EMatch (14s)
✔ [4103/4169] Built Lean.Meta.Tactic.Grind.EMatchAction (1.4s)
✔ [4104/4169] Built Lean.Meta.Tactic.Grind.Finish (374ms)
✔ [4105/4169] Built Lean.Meta.Tactic.Grind.Finish:c.o (126ms)
✔ [4106/4169] Built Lean.Meta.Tactic.Grind.Solve (387ms)
✔ [4107/4169] Built Lean.Meta.Tactic.Grind.Solve:c.o (160ms)
✔ [4108/4169] Built Lean.Meta.Tactic.Grind.Lookahead (1.0s)
✔ [4109/4169] Built Lean.Meta.Tactic.Grind.Internalize:c.o (21s)
✔ [4110/4169] Built Lean.Elab.Structure:c.o (45s)
✔ [4111/4169] Built Lean.Meta.Tactic.Grind.Main (2.0s)
✔ [4112/4169] Built Lean.Meta.Tactic.Grind.Arith.Linear.StructId:c.o (27s)
✔ [4113/4169] Built Lean.Meta.Tactic.Grind (833ms)
✔ [4114/4169] Built Lean.Meta.Tactic.Grind.Arith.Cutsat.EqCnstr:c.o (23s)
✔ [4115/4169] Built Lean.Meta.Tactic.Grind:c.o (398ms)
✔ [4116/4169] Built Lean.Meta.Tactic.LibrarySearch (1.4s)
✔ [4117/4169] Built Lean.Meta.Tactic.Grind.EMatchAction:c.o (4.7s)
✔ [4118/4169] Built Lean.Meta.Tactic.Grind.Lookahead:c.o (4.1s)
✔ [4119/4169] Built Lean.Meta.Tactic.Try.Collect (1.2s)
✔ [4120/4169] Built Lean.Elab.Tactic.LibrarySearch (1.4s)
✔ [4121/4169] Built Lean.Elab.Tactic.Grind.Basic (2.0s)
✔ [4122/4169] Built Lean.Meta.Tactic.Try (507ms)
✔ [4123/4169] Built Lean.Meta.Tactic.Try:c.o (133ms)
✔ [4124/4169] Built Lean.Meta.Tactic (514ms)
✔ [4125/4169] Built Lean.Meta.Tactic:c.o (113ms)
✔ [4126/4169] Built Lean.Elab.Tactic.Grind.Filter (808ms)
✔ [4127/4169] Built Lean.Elab.Tactic.Grind.Have (1.1s)
✔ [4128/4169] Built Lean.Meta (484ms)
✔ [4129/4169] Built Lean.Meta:c.o (127ms)
✔ [4130/4169] Built Lean.Meta.Tactic.LibrarySearch:c.o (2.0s)
✔ [4131/4169] Built Lean.Elab.Tactic.Grind.Filter:c.o (667ms)
✔ [4132/4169] Built Lean.Elab.Tactic.Grind.ShowState (1.2s)
✔ [4133/4169] Built Lean.Meta.Tactic.Grind.Arith.Cutsat.Search:c.o (18s)
✔ [4134/4169] Built Lean.Elab.Tactic.LibrarySearch:c.o (2.6s)
✔ [4135/4169] Built Lean.Elab.Tactic.Grind.Config (2.5s)
✔ [4136/4169] Built Lean.Elab.Tactic.Grind.Param (2.6s)
✔ [4137/4169] Built Lean.Elab.Tactic.Grind.Have:c.o (1.6s)
✔ [4138/4169] Built Lean.Meta.Tactic.Try.Collect:c.o (3.1s)
✔ [4139/4169] Built Lean.Elab.Tactic.Grind.Trace (806ms)
✔ [4140/4169] Built Lean.Meta.Tactic.Grind.Arith.CommRing.EqCnstr:c.o (40s)
✔ [4141/4169] Built Lean.Elab.Tactic.Grind.Lint (1.5s)
✔ [4142/4169] Built Lean.Elab.Tactic.Grind.Trace:c.o (1.1s)
✔ [4143/4169] Built Lean.Elab.Tactic.Grind.LintExceptions (367ms)
✔ [4144/4169] Built Lean.Elab.Tactic.Grind.LintExceptions:c.o (79ms)
✔ [4145/4169] Built Lean.Elab.Tactic.Grind.ShowState:c.o (2.8s)
✔ [4146/4169] Built Lean.Elab.Tactic.Grind.BuiltinTactic (3.9s)
✔ [4147/4169] Built Lean.Elab.Tactic.Grind.Main (4.2s)
✔ [4148/4169] Built Lean.Elab.Tactic.Grind (421ms)
✔ [4149/4169] Built Lean.Elab.Tactic.Grind:c.o (88ms)
✔ [4150/4169] Built Lean.Elab.Tactic.Grind.Lint:c.o (4.2s)
✔ [4151/4169] Built Lean.Meta.Tactic.Grind.Main:c.o (12s)
✔ [4152/4169] Built Lean.Elab.Tactic.Grind.Param:c.o (7.9s)
✔ [4153/4169] Built Lean.Meta.Tactic.FunInd:c.o (82s)
✔ [4154/4169] Built Lean.Elab.Tactic.Grind.Config:c.o (11s)
✔ [4155/4169] Built Lean.Elab.Tactic.Grind.Main:c.o (6.9s)
✔ [4156/4169] Built Lean.Elab.Tactic.Grind.Basic:c.o (16s)
✔ [4157/4169] Built Lean.Elab.Tactic.Try (9.5s)
✔ [4158/4169] Built Lean.Meta.Tactic.Grind.EMatch:c.o (24s)
✔ [4159/4169] Built Lean.Elab.Tactic (499ms)
✔ [4160/4169] Built Lean.Elab.Tactic:c.o (114ms)
✔ [4161/4169] Built Lean.Elab (572ms)
✔ [4162/4169] Built Lean.Elab:c.o (128ms)
✔ [4163/4169] Built Lean (684ms)
✔ [4164/4169] Built Lean:c.o (111ms)
✔ [4165/4169] Built Lean.Elab.Tactic.Grind.BuiltinTactic:c.o (13s)
✔ [4166/4169] Built Lean.Elab.Tactic.Try:c.o (15s)
✔ [4167/4169] Built Lean:static (1.4s)
✔ [4168/4169] Built Lean:static (1.4s)
Build completed successfully (4169 jobs).
[100%] Built target make_stdlib
[    ] Building /root/verify1002/gcc/lean4-src/build/stage1/lib/lean/libInit_shared.so
[100%] Built target Init_shared
[    ] Building /root/verify1002/gcc/lean4-src/build/stage1/lib/lean/libleanshared.so
[100%] Built target leanshared
[    ] Building /root/verify1002/gcc/lean4-src/build/stage1/bin/leanc
[    ] Building /root/verify1002/gcc/lean4-src/build/stage1/lib/lean/libLake_shared.so
[    ] Building /root/verify1002/gcc/lean4-src/build/stage1/bin/lean
[100%] Built target leanc
[100%] Built target lean
[100%] Built target lake_shared
[    ] Building /root/verify1002/gcc/lean4-src/build/stage1/bin/lake
[100%] Built target lake
[ 96%] No install step for 'stage1'
[100%] Completed 'stage1'
[100%] Built target stage1
